asset_id,entity_id,entity_type,entity_name,asset_kind,local_path,primary_url,source_page_url,source_authority,copyright_owner,expected_min_width,expected_min_height,preferred_aspect,desktop_focal_x,desktop_focal_y,mobile_focal_x,mobile_focal_y,crop_strategy,download_status,qa_status,notes
champion:aatrox:master,char:aatrox,CHAMPION,Aatrox,MASTER_SPLASH,champions/master/aatrox.jpg,https://ddragon.leagueoflegends.com/cdn/img/champion/splash/Aatrox_0.jpg,https://www.leagueoflegends.com/en-us/champions/aatrox/,RIOT_DATA_DRAGON,"Riot Games, Inc.",1200,700,~1.69:1,0.50,0.50,0.50,0.40,FOCAL_CROP,PENDING,NEEDS_VISUAL_QA,Official base splash. Use as master for derived crops; do not upscale low-res portrait assets.
champion:aatrox:loading,char:aatrox,CHAMPION,Aatrox,NATIVE_LOADING,champions/master/aatrox-loading.jpg,https://ddragon.leagueoflegends.com/cdn/img/champion/loading/Aatrox_0.jpg,https://www.leagueoflegends.com/en-us/champions/aatrox/,RIOT_DATA_DRAGON,"Riot Games, Inc.",300,550,~9:16,0.50,0.50,0.50,0.40,FOCAL_CROP,PENDING,NEEDS_VISUAL_QA,"Official loading art; useful as fallback in vertical contexts, but cinematic should prefer master splash crop if quality is better."
champion:aatrox:generated_portrait_512,char:aatrox,CHAMPION,Aatrox,GENERATED_PORTRAIT_512,champions/generated/aatrox-portrait-512.webp,,,DERIVED_FROM_RIOT_MASTER,"Riot Games, Inc.",,,1:1,0.50,0.50,0.50,0.40,FOCAL_CROP,GENERATE_AFTER_MASTER,NEEDS_VISUAL_QA,Derive from champions/master/aatrox.jpg using focal points; never stretch.
champion:aatrox:generated_card_4x5,char:aatrox,CHAMPION,Aatrox,GENERATED_CARD_4X5,champions/generated/aatrox-card-4x5.webp,,,DERIVED_FROM_RIOT_MASTER,"Riot Games, Inc.",,,4:5,0.50,0.50,0.50,0.40,FOCAL_CROP,GENERATE_AFTER_MASTER,NEEDS_VISUAL_QA,Derive from champions/master/aatrox.jpg using focal points; never stretch.
champion:aatrox:generated_hero_16x9,char:aatrox,CHAMPION,Aatrox,GENERATED_HERO_16X9,champions/generated/aatrox-hero-16x9.webp,,,DERIVED_FROM_RIOT_MASTER,"Riot Games, Inc.",,,16:9,0.50,0.50,0.50,0.40,FOCAL_CROP,GENERATE_AFTER_MASTER,NEEDS_VISUAL_QA,Derive from champions/master/aatrox.jpg using focal points; never stretch.
champion:aatrox:generated_cinematic_9x16,char:aatrox,CHAMPION,Aatrox,GENERATED_CINEMATIC_9X16,champions/generated/aatrox-cinematic-9x16.webp,,,DERIVED_FROM_RIOT_MASTER,"Riot Games, Inc.",,,9:16,0.50,0.50,0.50,0.40,FOCAL_CROP,GENERATE_AFTER_MASTER,NEEDS_VISUAL_QA,Derive from champions/master/aatrox.jpg using focal points; never stretch.
champion:ahri:master,char:ahri,CHAMPION,Ahri,MASTER_SPLASH,champions/master/ahri.jpg,https://ddragon.leagueoflegends.com/cdn/img/champion/splash/Ahri_0.jpg,https://www.leagueoflegends.com/en-us/champions/ahri/,RIOT_DATA_DRAGON,"Riot Games, Inc.",1200,700,~1.69:1,0.50,0.50,0.50,0.40,FOCAL_CROP,PENDING,NEEDS_VISUAL_QA,Official base splash. Use as master for derived crops; do not upscale low-res portrait assets.
champion:ahri:loading,char:ahri,CHAMPION,Ahri,NATIVE_LOADING,champions/master/ahri-loading.jpg,https://ddragon.leagueoflegends.com/cdn/img/champion/loading/Ahri_0.jpg,https://www.leagueoflegends.com/en-us/champions/ahri/,RIOT_DATA_DRAGON,"Riot Games, Inc.",300,550,~9:16,0.50,0.50,0.50,0.40,FOCAL_CROP,PENDING,NEEDS_VISUAL_QA,"Official loading art; useful as fallback in vertical contexts, but cinematic should prefer master splash crop if quality is better."
champion:ahri:generated_portrait_512,char:ahri,CHAMPION,Ahri,GENERATED_PORTRAIT_512,champions/generated/ahri-portrait-512.webp,,,DERIVED_FROM_RIOT_MASTER,"Riot Games, Inc.",,,1:1,0.50,0.50,0.50,0.40,FOCAL_CROP,GENERATE_AFTER_MASTER,NEEDS_VISUAL_QA,Derive from champions/master/ahri.jpg using focal points; never stretch.
champion:ahri:generated_card_4x5,char:ahri,CHAMPION,Ahri,GENERATED_CARD_4X5,champions/generated/ahri-card-4x5.webp,,,DERIVED_FROM_RIOT_MASTER,"Riot Games, Inc.",,,4:5,0.50,0.50,0.50,0.40,FOCAL_CROP,GENERATE_AFTER_MASTER,NEEDS_VISUAL_QA,Derive from champions/master/ahri.jpg using focal points; never stretch.
champion:ahri:generated_hero_16x9,char:ahri,CHAMPION,Ahri,GENERATED_HERO_16X9,champions/generated/ahri-hero-16x9.webp,,,DERIVED_FROM_RIOT_MASTER,"Riot Games, Inc.",,,16:9,0.50,0.50,0.50,0.40,FOCAL_CROP,GENERATE_AFTER_MASTER,NEEDS_VISUAL_QA,Derive from champions/master/ahri.jpg using focal points; never stretch.
champion:ahri:generated_cinematic_9x16,char:ahri,CHAMPION,Ahri,GENERATED_CINEMATIC_9X16,champions/generated/ahri-cinematic-9x16.webp,,,DERIVED_FROM_RIOT_MASTER,"Riot Games, Inc.",,,9:16,0.50,0.50,0.50,0.40,FOCAL_CROP,GENERATE_AFTER_MASTER,NEEDS_VISUAL_QA,Derive from champions/master/ahri.jpg using focal points; never stretch.
champion:akali:master,char:akali,CHAMPION,Akali,MASTER_SPLASH,champions/master/akali.jpg,https://ddragon.leagueoflegends.com/cdn/img/champion/splash/Akali_0.jpg,https://www.leagueoflegends.com/en-us/champions/akali/,RIOT_DATA_DRAGON,"Riot Games, Inc.",1200,700,~1.69:1,0.50,0.50,0.50,0.40,FOCAL_CROP,PENDING,NEEDS_VISUAL_QA,Official base splash. Use as master for derived crops; do not upscale low-res portrait assets.
champion:akali:loading,char:akali,CHAMPION,Akali,NATIVE_LOADING,champions/master/akali-loading.jpg,https://ddragon.leagueoflegends.com/cdn/img/champion/loading/Akali_0.jpg,https://www.leagueoflegends.com/en-us/champions/akali/,RIOT_DATA_DRAGON,"Riot Games, Inc.",300,550,~9:16,0.50,0.50,0.50,0.40,FOCAL_CROP,PENDING,NEEDS_VISUAL_QA,"Official loading art; useful as fallback in vertical contexts, but cinematic should prefer master splash crop if quality is better."
champion:akali:generated_portrait_512,char:akali,CHAMPION,Akali,GENERATED_PORTRAIT_512,champions/generated/akali-portrait-512.webp,,,DERIVED_FROM_RIOT_MASTER,"Riot Games, Inc.",,,1:1,0.50,0.50,0.50,0.40,FOCAL_CROP,GENERATE_AFTER_MASTER,NEEDS_VISUAL_QA,Derive from champions/master/akali.jpg using focal points; never stretch.
champion:akali:generated_card_4x5,char:akali,CHAMPION,Akali,GENERATED_CARD_4X5,champions/generated/akali-card-4x5.webp,,,DERIVED_FROM_RIOT_MASTER,"Riot Games, Inc.",,,4:5,0.50,0.50,0.50,0.40,FOCAL_CROP,GENERATE_AFTER_MASTER,NEEDS_VISUAL_QA,Derive from champions/master/akali.jpg using focal points; never stretch.
champion:akali:generated_hero_16x9,char:akali,CHAMPION,Akali,GENERATED_HERO_16X9,champions/generated/akali-hero-16x9.webp,,,DERIVED_FROM_RIOT_MASTER,"Riot Games, Inc.",,,16:9,0.50,0.50,0.50,0.40,FOCAL_CROP,GENERATE_AFTER_MASTER,NEEDS_VISUAL_QA,Derive from champions/master/akali.jpg using focal points; never stretch.
champion:akali:generated_cinematic_9x16,char:akali,CHAMPION,Akali,GENERATED_CINEMATIC_9X16,champions/generated/akali-cinematic-9x16.webp,,,DERIVED_FROM_RIOT_MASTER,"Riot Games, Inc.",,,9:16,0.50,0.50,0.50,0.40,FOCAL_CROP,GENERATE_AFTER_MASTER,NEEDS_VISUAL_QA,Derive from champions/master/akali.jpg using focal points; never stretch.
champion:akshan:master,char:akshan,CHAMPION,Akshan,MASTER_SPLASH,champions/master/akshan.jpg,https://ddragon.leagueoflegends.com/cdn/img/champion/splash/Akshan_0.jpg,https://www.leagueoflegends.com/en-us/champions/akshan/,RIOT_DATA_DRAGON,"Riot Games, Inc.",1200,700,~1.69:1,0.50,0.50,0.50,0.40,FOCAL_CROP,PENDING,NEEDS_VISUAL_QA,Official base splash. Use as master for derived crops; do not upscale low-res portrait assets.
champion:akshan:loading,char:akshan,CHAMPION,Akshan,NATIVE_LOADING,champions/master/akshan-loading.jpg,https://ddragon.leagueoflegends.com/cdn/img/champion/loading/Akshan_0.jpg,https://www.leagueoflegends.com/en-us/champions/akshan/,RIOT_DATA_DRAGON,"Riot Games, Inc.",300,550,~9:16,0.50,0.50,0.50,0.40,FOCAL_CROP,PENDING,NEEDS_VISUAL_QA,"Official loading art; useful as fallback in vertical contexts, but cinematic should prefer master splash crop if quality is better."
champion:akshan:generated_portrait_512,char:akshan,CHAMPION,Akshan,GENERATED_PORTRAIT_512,champions/generated/akshan-portrait-512.webp,,,DERIVED_FROM_RIOT_MASTER,"Riot Games, Inc.",,,1:1,0.50,0.50,0.50,0.40,FOCAL_CROP,GENERATE_AFTER_MASTER,NEEDS_VISUAL_QA,Derive from champions/master/akshan.jpg using focal points; never stretch.
champion:akshan:generated_card_4x5,char:akshan,CHAMPION,Akshan,GENERATED_CARD_4X5,champions/generated/akshan-card-4x5.webp,,,DERIVED_FROM_RIOT_MASTER,"Riot Games, Inc.",,,4:5,0.50,0.50,0.50,0.40,FOCAL_CROP,GENERATE_AFTER_MASTER,NEEDS_VISUAL_QA,Derive from champions/master/akshan.jpg using focal points; never stretch.
champion:akshan:generated_hero_16x9,char:akshan,CHAMPION,Akshan,GENERATED_HERO_16X9,champions/generated/akshan-hero-16x9.webp,,,DERIVED_FROM_RIOT_MASTER,"Riot Games, Inc.",,,16:9,0.50,0.50,0.50,0.40,FOCAL_CROP,GENERATE_AFTER_MASTER,NEEDS_VISUAL_QA,Derive from champions/master/akshan.jpg using focal points; never stretch.
champion:akshan:generated_cinematic_9x16,char:akshan,CHAMPION,Akshan,GENERATED_CINEMATIC_9X16,champions/generated/akshan-cinematic-9x16.webp,,,DERIVED_FROM_RIOT_MASTER,"Riot Games, Inc.",,,9:16,0.50,0.50,0.50,0.40,FOCAL_CROP,GENERATE_AFTER_MASTER,NEEDS_VISUAL_QA,Derive from champions/master/akshan.jpg using focal points; never stretch.
champion:alistar:master,char:alistar,CHAMPION,Alistar,MASTER_SPLASH,champions/master/alistar.jpg,https://ddragon.leagueoflegends.com/cdn/img/champion/splash/Alistar_0.jpg,https://www.leagueoflegends.com/en-us/champions/alistar/,RIOT_DATA_DRAGON,"Riot Games, Inc.",1200,700,~1.69:1,0.50,0.50,0.50,0.40,FOCAL_CROP,PENDING,NEEDS_VISUAL_QA,Official base splash. Use as master for derived crops; do not upscale low-res portrait assets.
champion:alistar:loading,char:alistar,CHAMPION,Alistar,NATIVE_LOADING,champions/master/alistar-loading.jpg,https://ddragon.leagueoflegends.com/cdn/img/champion/loading/Alistar_0.jpg,https://www.leagueoflegends.com/en-us/champions/alistar/,RIOT_DATA_DRAGON,"Riot Games, Inc.",300,550,~9:16,0.50,0.50,0.50,0.40,FOCAL_CROP,PENDING,NEEDS_VISUAL_QA,"Official loading art; useful as fallback in vertical contexts, but cinematic should prefer master splash crop if quality is better."
champion:alistar:generated_portrait_512,char:alistar,CHAMPION,Alistar,GENERATED_PORTRAIT_512,champions/generated/alistar-portrait-512.webp,,,DERIVED_FROM_RIOT_MASTER,"Riot Games, Inc.",,,1:1,0.50,0.50,0.50,0.40,FOCAL_CROP,GENERATE_AFTER_MASTER,NEEDS_VISUAL_QA,Derive from champions/master/alistar.jpg using focal points; never stretch.
champion:alistar:generated_card_4x5,char:alistar,CHAMPION,Alistar,GENERATED_CARD_4X5,champions/generated/alistar-card-4x5.webp,,,DERIVED_FROM_RIOT_MASTER,"Riot Games, Inc.",,,4:5,0.50,0.50,0.50,0.40,FOCAL_CROP,GENERATE_AFTER_MASTER,NEEDS_VISUAL_QA,Derive from champions/master/alistar.jpg using focal points; never stretch.
champion:alistar:generated_hero_16x9,char:alistar,CHAMPION,Alistar,GENERATED_HERO_16X9,champions/generated/alistar-hero-16x9.webp,,,DERIVED_FROM_RIOT_MASTER,"Riot Games, Inc.",,,16:9,0.50,0.50,0.50,0.40,FOCAL_CROP,GENERATE_AFTER_MASTER,NEEDS_VISUAL_QA,Derive from champions/master/alistar.jpg using focal points; never stretch.
champion:alistar:generated_cinematic_9x16,char:alistar,CHAMPION,Alistar,GENERATED_CINEMATIC_9X16,champions/generated/alistar-cinematic-9x16.webp,,,DERIVED_FROM_RIOT_MASTER,"Riot Games, Inc.",,,9:16,0.50,0.50,0.50,0.40,FOCAL_CROP,GENERATE_AFTER_MASTER,NEEDS_VISUAL_QA,Derive from champions/master/alistar.jpg using focal points; never stretch.
champion:ambessa:master,char:ambessa,CHAMPION,Ambessa,MASTER_SPLASH,champions/master/ambessa.jpg,https://ddragon.leagueoflegends.com/cdn/img/champion/splash/Ambessa_0.jpg,https://www.leagueoflegends.com/en-us/champions/ambessa/,RIOT_DATA_DRAGON,"Riot Games, Inc.",1200,700,~1.69:1,0.50,0.50,0.50,0.40,FOCAL_CROP,PENDING,NEEDS_VISUAL_QA,Official base splash. Use as master for derived crops; do not upscale low-res portrait assets.
champion:ambessa:loading,char:ambessa,CHAMPION,Ambessa,NATIVE_LOADING,champions/master/ambessa-loading.jpg,https://ddragon.leagueoflegends.com/cdn/img/champion/loading/Ambessa_0.jpg,https://www.leagueoflegends.com/en-us/champions/ambessa/,RIOT_DATA_DRAGON,"Riot Games, Inc.",300,550,~9:16,0.50,0.50,0.50,0.40,FOCAL_CROP,PENDING,NEEDS_VISUAL_QA,"Official loading art; useful as fallback in vertical contexts, but cinematic should prefer master splash crop if quality is better."
champion:ambessa:generated_portrait_512,char:ambessa,CHAMPION,Ambessa,GENERATED_PORTRAIT_512,champions/generated/ambessa-portrait-512.webp,,,DERIVED_FROM_RIOT_MASTER,"Riot Games, Inc.",,,1:1,0.50,0.50,0.50,0.40,FOCAL_CROP,GENERATE_AFTER_MASTER,NEEDS_VISUAL_QA,Derive from champions/master/ambessa.jpg using focal points; never stretch.
champion:ambessa:generated_card_4x5,char:ambessa,CHAMPION,Ambessa,GENERATED_CARD_4X5,champions/generated/ambessa-card-4x5.webp,,,DERIVED_FROM_RIOT_MASTER,"Riot Games, Inc.",,,4:5,0.50,0.50,0.50,0.40,FOCAL_CROP,GENERATE_AFTER_MASTER,NEEDS_VISUAL_QA,Derive from champions/master/ambessa.jpg using focal points; never stretch.
champion:ambessa:generated_hero_16x9,char:ambessa,CHAMPION,Ambessa,GENERATED_HERO_16X9,champions/generated/ambessa-hero-16x9.webp,,,DERIVED_FROM_RIOT_MASTER,"Riot Games, Inc.",,,16:9,0.50,0.50,0.50,0.40,FOCAL_CROP,GENERATE_AFTER_MASTER,NEEDS_VISUAL_QA,Derive from champions/master/ambessa.jpg using focal points; never stretch.
champion:ambessa:generated_cinematic_9x16,char:ambessa,CHAMPION,Ambessa,GENERATED_CINEMATIC_9X16,champions/generated/ambessa-cinematic-9x16.webp,,,DERIVED_FROM_RIOT_MASTER,"Riot Games, Inc.",,,9:16,0.50,0.50,0.50,0.40,FOCAL_CROP,GENERATE_AFTER_MASTER,NEEDS_VISUAL_QA,Derive from champions/master/ambessa.jpg using focal points; never stretch.
champion:amumu:master,char:amumu,CHAMPION,Amumu,MASTER_SPLASH,champions/master/amumu.jpg,https://ddragon.leagueoflegends.com/cdn/img/champion/splash/Amumu_0.jpg,https://www.leagueoflegends.com/en-us/champions/amumu/,RIOT_DATA_DRAGON,"Riot Games, Inc.",1200,700,~1.69:1,0.50,0.50,0.50,0.40,FOCAL_CROP,PENDING,NEEDS_VISUAL_QA,Official base splash. Use as master for derived crops; do not upscale low-res portrait assets.
champion:amumu:loading,char:amumu,CHAMPION,Amumu,NATIVE_LOADING,champions/master/amumu-loading.jpg,https://ddragon.leagueoflegends.com/cdn/img/champion/loading/Amumu_0.jpg,https://www.leagueoflegends.com/en-us/champions/amumu/,RIOT_DATA_DRAGON,"Riot Games, Inc.",300,550,~9:16,0.50,0.50,0.50,0.40,FOCAL_CROP,PENDING,NEEDS_VISUAL_QA,"Official loading art; useful as fallback in vertical contexts, but cinematic should prefer master splash crop if quality is better."
champion:amumu:generated_portrait_512,char:amumu,CHAMPION,Amumu,GENERATED_PORTRAIT_512,champions/generated/amumu-portrait-512.webp,,,DERIVED_FROM_RIOT_MASTER,"Riot Games, Inc.",,,1:1,0.50,0.50,0.50,0.40,FOCAL_CROP,GENERATE_AFTER_MASTER,NEEDS_VISUAL_QA,Derive from champions/master/amumu.jpg using focal points; never stretch.
champion:amumu:generated_card_4x5,char:amumu,CHAMPION,Amumu,GENERATED_CARD_4X5,champions/generated/amumu-card-4x5.webp,,,DERIVED_FROM_RIOT_MASTER,"Riot Games, Inc.",,,4:5,0.50,0.50,0.50,0.40,FOCAL_CROP,GENERATE_AFTER_MASTER,NEEDS_VISUAL_QA,Derive from champions/master/amumu.jpg using focal points; never stretch.
champion:amumu:generated_hero_16x9,char:amumu,CHAMPION,Amumu,GENERATED_HERO_16X9,champions/generated/amumu-hero-16x9.webp,,,DERIVED_FROM_RIOT_MASTER,"Riot Games, Inc.",,,16:9,0.50,0.50,0.50,0.40,FOCAL_CROP,GENERATE_AFTER_MASTER,NEEDS_VISUAL_QA,Derive from champions/master/amumu.jpg using focal points; never stretch.
champion:amumu:generated_cinematic_9x16,char:amumu,CHAMPION,Amumu,GENERATED_CINEMATIC_9X16,champions/generated/amumu-cinematic-9x16.webp,,,DERIVED_FROM_RIOT_MASTER,"Riot Games, Inc.",,,9:16,0.50,0.50,0.50,0.40,FOCAL_CROP,GENERATE_AFTER_MASTER,NEEDS_VISUAL_QA,Derive from champions/master/amumu.jpg using focal points; never stretch.
champion:anivia:master,char:anivia,CHAMPION,Anivia,MASTER_SPLASH,champions/master/anivia.jpg,https://ddragon.leagueoflegends.com/cdn/img/champion/splash/Anivia_0.jpg,https://www.leagueoflegends.com/en-us/champions/anivia/,RIOT_DATA_DRAGON,"Riot Games, Inc.",1200,700,~1.69:1,0.50,0.50,0.50,0.40,FOCAL_CROP,PENDING,NEEDS_VISUAL_QA,Official base splash. Use as master for derived crops; do not upscale low-res portrait assets.
champion:anivia:loading,char:anivia,CHAMPION,Anivia,NATIVE_LOADING,champions/master/anivia-loading.jpg,https://ddragon.leagueoflegends.com/cdn/img/champion/loading/Anivia_0.jpg,https://www.leagueoflegends.com/en-us/champions/anivia/,RIOT_DATA_DRAGON,"Riot Games, Inc.",300,550,~9:16,0.50,0.50,0.50,0.40,FOCAL_CROP,PENDING,NEEDS_VISUAL_QA,"Official loading art; useful as fallback in vertical contexts, but cinematic should prefer master splash crop if quality is better."
champion:anivia:generated_portrait_512,char:anivia,CHAMPION,Anivia,GENERATED_PORTRAIT_512,champions/generated/anivia-portrait-512.webp,,,DERIVED_FROM_RIOT_MASTER,"Riot Games, Inc.",,,1:1,0.50,0.50,0.50,0.40,FOCAL_CROP,GENERATE_AFTER_MASTER,NEEDS_VISUAL_QA,Derive from champions/master/anivia.jpg using focal points; never stretch.
champion:anivia:generated_card_4x5,char:anivia,CHAMPION,Anivia,GENERATED_CARD_4X5,champions/generated/anivia-card-4x5.webp,,,DERIVED_FROM_RIOT_MASTER,"Riot Games, Inc.",,,4:5,0.50,0.50,0.50,0.40,FOCAL_CROP,GENERATE_AFTER_MASTER,NEEDS_VISUAL_QA,Derive from champions/master/anivia.jpg using focal points; never stretch.
champion:anivia:generated_hero_16x9,char:anivia,CHAMPION,Anivia,GENERATED_HERO_16X9,champions/generated/anivia-hero-16x9.webp,,,DERIVED_FROM_RIOT_MASTER,"Riot Games, Inc.",,,16:9,0.50,0.50,0.50,0.40,FOCAL_CROP,GENERATE_AFTER_MASTER,NEEDS_VISUAL_QA,Derive from champions/master/anivia.jpg using focal points; never stretch.
champion:anivia:generated_cinematic_9x16,char:anivia,CHAMPION,Anivia,GENERATED_CINEMATIC_9X16,champions/generated/anivia-cinematic-9x16.webp,,,DERIVED_FROM_RIOT_MASTER,"Riot Games, Inc.",,,9:16,0.50,0.50,0.50,0.40,FOCAL_CROP,GENERATE_AFTER_MASTER,NEEDS_VISUAL_QA,Derive from champions/master/anivia.jpg using focal points; never stretch.
champion:annie:master,char:annie,CHAMPION,Annie,MASTER_SPLASH,champions/master/annie.jpg,https://ddragon.leagueoflegends.com/cdn/img/champion/splash/Annie_0.jpg,https://www.leagueoflegends.com/en-us/champions/annie/,RIOT_DATA_DRAGON,"Riot Games, Inc.",1200,700,~1.69:1,0.50,0.50,0.50,0.40,FOCAL_CROP,PENDING,NEEDS_VISUAL_QA,Official base splash. Use as master for derived crops; do not upscale low-res portrait assets.
champion:annie:loading,char:annie,CHAMPION,Annie,NATIVE_LOADING,champions/master/annie-loading.jpg,https://ddragon.leagueoflegends.com/cdn/img/champion/loading/Annie_0.jpg,https://www.leagueoflegends.com/en-us/champions/annie/,RIOT_DATA_DRAGON,"Riot Games, Inc.",300,550,~9:16,0.50,0.50,0.50,0.40,FOCAL_CROP,PENDING,NEEDS_VISUAL_QA,"Official loading art; useful as fallback in vertical contexts, but cinematic should prefer master splash crop if quality is better."
champion:annie:generated_portrait_512,char:annie,CHAMPION,Annie,GENERATED_PORTRAIT_512,champions/generated/annie-portrait-512.webp,,,DERIVED_FROM_RIOT_MASTER,"Riot Games, Inc.",,,1:1,0.50,0.50,0.50,0.40,FOCAL_CROP,GENERATE_AFTER_MASTER,NEEDS_VISUAL_QA,Derive from champions/master/annie.jpg using focal points; never stretch.
champion:annie:generated_card_4x5,char:annie,CHAMPION,Annie,GENERATED_CARD_4X5,champions/generated/annie-card-4x5.webp,,,DERIVED_FROM_RIOT_MASTER,"Riot Games, Inc.",,,4:5,0.50,0.50,0.50,0.40,FOCAL_CROP,GENERATE_AFTER_MASTER,NEEDS_VISUAL_QA,Derive from champions/master/annie.jpg using focal points; never stretch.
champion:annie:generated_hero_16x9,char:annie,CHAMPION,Annie,GENERATED_HERO_16X9,champions/generated/annie-hero-16x9.webp,,,DERIVED_FROM_RIOT_MASTER,"Riot Games, Inc.",,,16:9,0.50,0.50,0.50,0.40,FOCAL_CROP,GENERATE_AFTER_MASTER,NEEDS_VISUAL_QA,Derive from champions/master/annie.jpg using focal points; never stretch.
champion:annie:generated_cinematic_9x16,char:annie,CHAMPION,Annie,GENERATED_CINEMATIC_9X16,champions/generated/annie-cinematic-9x16.webp,,,DERIVED_FROM_RIOT_MASTER,"Riot Games, Inc.",,,9:16,0.50,0.50,0.50,0.40,FOCAL_CROP,GENERATE_AFTER_MASTER,NEEDS_VISUAL_QA,Derive from champions/master/annie.jpg using focal points; never stretch.
champion:aphelios:master,char:aphelios,CHAMPION,Aphelios,MASTER_SPLASH,champions/master/aphelios.jpg,https://ddragon.leagueoflegends.com/cdn/img/champion/splash/Aphelios_0.jpg,https://www.leagueoflegends.com/en-us/champions/aphelios/,RIOT_DATA_DRAGON,"Riot Games, Inc.",1200,700,~1.69:1,0.50,0.50,0.50,0.40,FOCAL_CROP,PENDING,NEEDS_VISUAL_QA,Official base splash. Use as master for derived crops; do not upscale low-res portrait assets.
champion:aphelios:loading,char:aphelios,CHAMPION,Aphelios,NATIVE_LOADING,champions/master/aphelios-loading.jpg,https://ddragon.leagueoflegends.com/cdn/img/champion/loading/Aphelios_0.jpg,https://www.leagueoflegends.com/en-us/champions/aphelios/,RIOT_DATA_DRAGON,"Riot Games, Inc.",300,550,~9:16,0.50,0.50,0.50,0.40,FOCAL_CROP,PENDING,NEEDS_VISUAL_QA,"Official loading art; useful as fallback in vertical contexts, but cinematic should prefer master splash crop if quality is better."
champion:aphelios:generated_portrait_512,char:aphelios,CHAMPION,Aphelios,GENERATED_PORTRAIT_512,champions/generated/aphelios-portrait-512.webp,,,DERIVED_FROM_RIOT_MASTER,"Riot Games, Inc.",,,1:1,0.50,0.50,0.50,0.40,FOCAL_CROP,GENERATE_AFTER_MASTER,NEEDS_VISUAL_QA,Derive from champions/master/aphelios.jpg using focal points; never stretch.
champion:aphelios:generated_card_4x5,char:aphelios,CHAMPION,Aphelios,GENERATED_CARD_4X5,champions/generated/aphelios-card-4x5.webp,,,DERIVED_FROM_RIOT_MASTER,"Riot Games, Inc.",,,4:5,0.50,0.50,0.50,0.40,FOCAL_CROP,GENERATE_AFTER_MASTER,NEEDS_VISUAL_QA,Derive from champions/master/aphelios.jpg using focal points; never stretch.
champion:aphelios:generated_hero_16x9,char:aphelios,CHAMPION,Aphelios,GENERATED_HERO_16X9,champions/generated/aphelios-hero-16x9.webp,,,DERIVED_FROM_RIOT_MASTER,"Riot Games, Inc.",,,16:9,0.50,0.50,0.50,0.40,FOCAL_CROP,GENERATE_AFTER_MASTER,NEEDS_VISUAL_QA,Derive from champions/master/aphelios.jpg using focal points; never stretch.
champion:aphelios:generated_cinematic_9x16,char:aphelios,CHAMPION,Aphelios,GENERATED_CINEMATIC_9X16,champions/generated/aphelios-cinematic-9x16.webp,,,DERIVED_FROM_RIOT_MASTER,"Riot Games, Inc.",,,9:16,0.50,0.50,0.50,0.40,FOCAL_CROP,GENERATE_AFTER_MASTER,NEEDS_VISUAL_QA,Derive from champions/master/aphelios.jpg using focal points; never stretch.
champion:ashe:master,char:ashe,CHAMPION,Ashe,MASTER_SPLASH,champions/master/ashe.jpg,https://ddragon.leagueoflegends.com/cdn/img/champion/splash/Ashe_0.jpg,https://www.leagueoflegends.com/en-us/champions/ashe/,RIOT_DATA_DRAGON,"Riot Games, Inc.",1200,700,~1.69:1,0.50,0.50,0.50,0.40,FOCAL_CROP,PENDING,NEEDS_VISUAL_QA,Official base splash. Use as master for derived crops; do not upscale low-res portrait assets.
champion:ashe:loading,char:ashe,CHAMPION,Ashe,NATIVE_LOADING,champions/master/ashe-loading.jpg,https://ddragon.leagueoflegends.com/cdn/img/champion/loading/Ashe_0.jpg,https://www.leagueoflegends.com/en-us/champions/ashe/,RIOT_DATA_DRAGON,"Riot Games, Inc.",300,550,~9:16,0.50,0.50,0.50,0.40,FOCAL_CROP,PENDING,NEEDS_VISUAL_QA,"Official loading art; useful as fallback in vertical contexts, but cinematic should prefer master splash crop if quality is better."
champion:ashe:generated_portrait_512,char:ashe,CHAMPION,Ashe,GENERATED_PORTRAIT_512,champions/generated/ashe-portrait-512.webp,,,DERIVED_FROM_RIOT_MASTER,"Riot Games, Inc.",,,1:1,0.50,0.50,0.50,0.40,FOCAL_CROP,GENERATE_AFTER_MASTER,NEEDS_VISUAL_QA,Derive from champions/master/ashe.jpg using focal points; never stretch.
champion:ashe:generated_card_4x5,char:ashe,CHAMPION,Ashe,GENERATED_CARD_4X5,champions/generated/ashe-card-4x5.webp,,,DERIVED_FROM_RIOT_MASTER,"Riot Games, Inc.",,,4:5,0.50,0.50,0.50,0.40,FOCAL_CROP,GENERATE_AFTER_MASTER,NEEDS_VISUAL_QA,Derive from champions/master/ashe.jpg using focal points; never stretch.
champion:ashe:generated_hero_16x9,char:ashe,CHAMPION,Ashe,GENERATED_HERO_16X9,champions/generated/ashe-hero-16x9.webp,,,DERIVED_FROM_RIOT_MASTER,"Riot Games, Inc.",,,16:9,0.50,0.50,0.50,0.40,FOCAL_CROP,GENERATE_AFTER_MASTER,NEEDS_VISUAL_QA,Derive from champions/master/ashe.jpg using focal points; never stretch.
champion:ashe:generated_cinematic_9x16,char:ashe,CHAMPION,Ashe,GENERATED_CINEMATIC_9X16,champions/generated/ashe-cinematic-9x16.webp,,,DERIVED_FROM_RIOT_MASTER,"Riot Games, Inc.",,,9:16,0.50,0.50,0.50,0.40,FOCAL_CROP,GENERATE_AFTER_MASTER,NEEDS_VISUAL_QA,Derive from champions/master/ashe.jpg using focal points; never stretch.
champion:aurelion-sol:master,char:aurelion-sol,CHAMPION,Aurelion Sol,MASTER_SPLASH,champions/master/aurelion-sol.jpg,https://ddragon.leagueoflegends.com/cdn/img/champion/splash/AurelionSol_0.jpg,https://www.leagueoflegends.com/en-us/champions/aurelion-sol/,RIOT_DATA_DRAGON,"Riot Games, Inc.",1200,700,~1.69:1,0.50,0.50,0.50,0.40,FOCAL_CROP,PENDING,NEEDS_VISUAL_QA,Official base splash. Use as master for derived crops; do not upscale low-res portrait assets.
champion:aurelion-sol:loading,char:aurelion-sol,CHAMPION,Aurelion Sol,NATIVE_LOADING,champions/master/aurelion-sol-loading.jpg,https://ddragon.leagueoflegends.com/cdn/img/champion/loading/AurelionSol_0.jpg,https://www.leagueoflegends.com/en-us/champions/aurelion-sol/,RIOT_DATA_DRAGON,"Riot Games, Inc.",300,550,~9:16,0.50,0.50,0.50,0.40,FOCAL_CROP,PENDING,NEEDS_VISUAL_QA,"Official loading art; useful as fallback in vertical contexts, but cinematic should prefer master splash crop if quality is better."
champion:aurelion-sol:generated_portrait_512,char:aurelion-sol,CHAMPION,Aurelion Sol,GENERATED_PORTRAIT_512,champions/generated/aurelion-sol-portrait-512.webp,,,DERIVED_FROM_RIOT_MASTER,"Riot Games, Inc.",,,1:1,0.50,0.50,0.50,0.40,FOCAL_CROP,GENERATE_AFTER_MASTER,NEEDS_VISUAL_QA,Derive from champions/master/aurelion-sol.jpg using focal points; never stretch.
champion:aurelion-sol:generated_card_4x5,char:aurelion-sol,CHAMPION,Aurelion Sol,GENERATED_CARD_4X5,champions/generated/aurelion-sol-card-4x5.webp,,,DERIVED_FROM_RIOT_MASTER,"Riot Games, Inc.",,,4:5,0.50,0.50,0.50,0.40,FOCAL_CROP,GENERATE_AFTER_MASTER,NEEDS_VISUAL_QA,Derive from champions/master/aurelion-sol.jpg using focal points; never stretch.
champion:aurelion-sol:generated_hero_16x9,char:aurelion-sol,CHAMPION,Aurelion Sol,GENERATED_HERO_16X9,champions/generated/aurelion-sol-hero-16x9.webp,,,DERIVED_FROM_RIOT_MASTER,"Riot Games, Inc.",,,16:9,0.50,0.50,0.50,0.40,FOCAL_CROP,GENERATE_AFTER_MASTER,NEEDS_VISUAL_QA,Derive from champions/master/aurelion-sol.jpg using focal points; never stretch.
champion:aurelion-sol:generated_cinematic_9x16,char:aurelion-sol,CHAMPION,Aurelion Sol,GENERATED_CINEMATIC_9X16,champions/generated/aurelion-sol-cinematic-9x16.webp,,,DERIVED_FROM_RIOT_MASTER,"Riot Games, Inc.",,,9:16,0.50,0.50,0.50,0.40,FOCAL_CROP,GENERATE_AFTER_MASTER,NEEDS_VISUAL_QA,Derive from champions/master/aurelion-sol.jpg using focal points; never stretch.
champion:aurora:master,char:aurora,CHAMPION,Aurora,MASTER_SPLASH,champions/master/aurora.jpg,https://ddragon.leagueoflegends.com/cdn/img/champion/splash/Aurora_0.jpg,https://www.leagueoflegends.com/en-us/champions/aurora/,RIOT_DATA_DRAGON,"Riot Games, Inc.",1200,700,~1.69:1,0.50,0.50,0.50,0.40,FOCAL_CROP,PENDING,NEEDS_VISUAL_QA,Official base splash. Use as master for derived crops; do not upscale low-res portrait assets.
champion:aurora:loading,char:aurora,CHAMPION,Aurora,NATIVE_LOADING,champions/master/aurora-loading.jpg,https://ddragon.leagueoflegends.com/cdn/img/champion/loading/Aurora_0.jpg,https://www.leagueoflegends.com/en-us/champions/aurora/,RIOT_DATA_DRAGON,"Riot Games, Inc.",300,550,~9:16,0.50,0.50,0.50,0.40,FOCAL_CROP,PENDING,NEEDS_VISUAL_QA,"Official loading art; useful as fallback in vertical contexts, but cinematic should prefer master splash crop if quality is better."
champion:aurora:generated_portrait_512,char:aurora,CHAMPION,Aurora,GENERATED_PORTRAIT_512,champions/generated/aurora-portrait-512.webp,,,DERIVED_FROM_RIOT_MASTER,"Riot Games, Inc.",,,1:1,0.50,0.50,0.50,0.40,FOCAL_CROP,GENERATE_AFTER_MASTER,NEEDS_VISUAL_QA,Derive from champions/master/aurora.jpg using focal points; never stretch.
champion:aurora:generated_card_4x5,char:aurora,CHAMPION,Aurora,GENERATED_CARD_4X5,champions/generated/aurora-card-4x5.webp,,,DERIVED_FROM_RIOT_MASTER,"Riot Games, Inc.",,,4:5,0.50,0.50,0.50,0.40,FOCAL_CROP,GENERATE_AFTER_MASTER,NEEDS_VISUAL_QA,Derive from champions/master/aurora.jpg using focal points; never stretch.
champion:aurora:generated_hero_16x9,char:aurora,CHAMPION,Aurora,GENERATED_HERO_16X9,champions/generated/aurora-hero-16x9.webp,,,DERIVED_FROM_RIOT_MASTER,"Riot Games, Inc.",,,16:9,0.50,0.50,0.50,0.40,FOCAL_CROP,GENERATE_AFTER_MASTER,NEEDS_VISUAL_QA,Derive from champions/master/aurora.jpg using focal points; never stretch.
champion:aurora:generated_cinematic_9x16,char:aurora,CHAMPION,Aurora,GENERATED_CINEMATIC_9X16,champions/generated/aurora-cinematic-9x16.webp,,,DERIVED_FROM_RIOT_MASTER,"Riot Games, Inc.",,,9:16,0.50,0.50,0.50,0.40,FOCAL_CROP,GENERATE_AFTER_MASTER,NEEDS_VISUAL_QA,Derive from champions/master/aurora.jpg using focal points; never stretch.
champion:azir:master,char:azir,CHAMPION,Azir,MASTER_SPLASH,champions/master/azir.jpg,https://ddragon.leagueoflegends.com/cdn/img/champion/splash/Azir_0.jpg,https://www.leagueoflegends.com/en-us/champions/azir/,RIOT_DATA_DRAGON,"Riot Games, Inc.",1200,700,~1.69:1,0.50,0.50,0.50,0.40,FOCAL_CROP,PENDING,NEEDS_VISUAL_QA,Official base splash. Use as master for derived crops; do not upscale low-res portrait assets.
champion:azir:loading,char:azir,CHAMPION,Azir,NATIVE_LOADING,champions/master/azir-loading.jpg,https://ddragon.leagueoflegends.com/cdn/img/champion/loading/Azir_0.jpg,https://www.leagueoflegends.com/en-us/champions/azir/,RIOT_DATA_DRAGON,"Riot Games, Inc.",300,550,~9:16,0.50,0.50,0.50,0.40,FOCAL_CROP,PENDING,NEEDS_VISUAL_QA,"Official loading art; useful as fallback in vertical contexts, but cinematic should prefer master splash crop if quality is better."
champion:azir:generated_portrait_512,char:azir,CHAMPION,Azir,GENERATED_PORTRAIT_512,champions/generated/azir-portrait-512.webp,,,DERIVED_FROM_RIOT_MASTER,"Riot Games, Inc.",,,1:1,0.50,0.50,0.50,0.40,FOCAL_CROP,GENERATE_AFTER_MASTER,NEEDS_VISUAL_QA,Derive from champions/master/azir.jpg using focal points; never stretch.
champion:azir:generated_card_4x5,char:azir,CHAMPION,Azir,GENERATED_CARD_4X5,champions/generated/azir-card-4x5.webp,,,DERIVED_FROM_RIOT_MASTER,"Riot Games, Inc.",,,4:5,0.50,0.50,0.50,0.40,FOCAL_CROP,GENERATE_AFTER_MASTER,NEEDS_VISUAL_QA,Derive from champions/master/azir.jpg using focal points; never stretch.
champion:azir:generated_hero_16x9,char:azir,CHAMPION,Azir,GENERATED_HERO_16X9,champions/generated/azir-hero-16x9.webp,,,DERIVED_FROM_RIOT_MASTER,"Riot Games, Inc.",,,16:9,0.50,0.50,0.50,0.40,FOCAL_CROP,GENERATE_AFTER_MASTER,NEEDS_VISUAL_QA,Derive from champions/master/azir.jpg using focal points; never stretch.
champion:azir:generated_cinematic_9x16,char:azir,CHAMPION,Azir,GENERATED_CINEMATIC_9X16,champions/generated/azir-cinematic-9x16.webp,,,DERIVED_FROM_RIOT_MASTER,"Riot Games, Inc.",,,9:16,0.50,0.50,0.50,0.40,FOCAL_CROP,GENERATE_AFTER_MASTER,NEEDS_VISUAL_QA,Derive from champions/master/azir.jpg using focal points; never stretch.
champion:bard:master,char:bard,CHAMPION,Bard,MASTER_SPLASH,champions/master/bard.jpg,https://ddragon.leagueoflegends.com/cdn/img/champion/splash/Bard_0.jpg,https://www.leagueoflegends.com/en-us/champions/bard/,RIOT_DATA_DRAGON,"Riot Games, Inc.",1200,700,~1.69:1,0.50,0.50,0.50,0.40,FOCAL_CROP,PENDING,NEEDS_VISUAL_QA,Official base splash. Use as master for derived crops; do not upscale low-res portrait assets.
champion:bard:loading,char:bard,CHAMPION,Bard,NATIVE_LOADING,champions/master/bard-loading.jpg,https://ddragon.leagueoflegends.com/cdn/img/champion/loading/Bard_0.jpg,https://www.leagueoflegends.com/en-us/champions/bard/,RIOT_DATA_DRAGON,"Riot Games, Inc.",300,550,~9:16,0.50,0.50,0.50,0.40,FOCAL_CROP,PENDING,NEEDS_VISUAL_QA,"Official loading art; useful as fallback in vertical contexts, but cinematic should prefer master splash crop if quality is better."
champion:bard:generated_portrait_512,char:bard,CHAMPION,Bard,GENERATED_PORTRAIT_512,champions/generated/bard-portrait-512.webp,,,DERIVED_FROM_RIOT_MASTER,"Riot Games, Inc.",,,1:1,0.50,0.50,0.50,0.40,FOCAL_CROP,GENERATE_AFTER_MASTER,NEEDS_VISUAL_QA,Derive from champions/master/bard.jpg using focal points; never stretch.
champion:bard:generated_card_4x5,char:bard,CHAMPION,Bard,GENERATED_CARD_4X5,champions/generated/bard-card-4x5.webp,,,DERIVED_FROM_RIOT_MASTER,"Riot Games, Inc.",,,4:5,0.50,0.50,0.50,0.40,FOCAL_CROP,GENERATE_AFTER_MASTER,NEEDS_VISUAL_QA,Derive from champions/master/bard.jpg using focal points; never stretch.
champion:bard:generated_hero_16x9,char:bard,CHAMPION,Bard,GENERATED_HERO_16X9,champions/generated/bard-hero-16x9.webp,,,DERIVED_FROM_RIOT_MASTER,"Riot Games, Inc.",,,16:9,0.50,0.50,0.50,0.40,FOCAL_CROP,GENERATE_AFTER_MASTER,NEEDS_VISUAL_QA,Derive from champions/master/bard.jpg using focal points; never stretch.
champion:bard:generated_cinematic_9x16,char:bard,CHAMPION,Bard,GENERATED_CINEMATIC_9X16,champions/generated/bard-cinematic-9x16.webp,,,DERIVED_FROM_RIOT_MASTER,"Riot Games, Inc.",,,9:16,0.50,0.50,0.50,0.40,FOCAL_CROP,GENERATE_AFTER_MASTER,NEEDS_VISUAL_QA,Derive from champions/master/bard.jpg using focal points; never stretch.
champion:bel-veth:master,char:bel-veth,CHAMPION,Bel'Veth,MASTER_SPLASH,champions/master/bel-veth.jpg,https://ddragon.leagueoflegends.com/cdn/img/champion/splash/Belveth_0.jpg,https://www.leagueoflegends.com/en-us/champions/bel-veth/,RIOT_DATA_DRAGON,"Riot Games, Inc.",1200,700,~1.69:1,0.50,0.50,0.50,0.40,FOCAL_CROP,PENDING,NEEDS_VISUAL_QA,Official base splash. Use as master for derived crops; do not upscale low-res portrait assets.
champion:bel-veth:loading,char:bel-veth,CHAMPION,Bel'Veth,NATIVE_LOADING,champions/master/bel-veth-loading.jpg,https://ddragon.leagueoflegends.com/cdn/img/champion/loading/Belveth_0.jpg,https://www.leagueoflegends.com/en-us/champions/bel-veth/,RIOT_DATA_DRAGON,"Riot Games, Inc.",300,550,~9:16,0.50,0.50,0.50,0.40,FOCAL_CROP,PENDING,NEEDS_VISUAL_QA,"Official loading art; useful as fallback in vertical contexts, but cinematic should prefer master splash crop if quality is better."
champion:bel-veth:generated_portrait_512,char:bel-veth,CHAMPION,Bel'Veth,GENERATED_PORTRAIT_512,champions/generated/bel-veth-portrait-512.webp,,,DERIVED_FROM_RIOT_MASTER,"Riot Games, Inc.",,,1:1,0.50,0.50,0.50,0.40,FOCAL_CROP,GENERATE_AFTER_MASTER,NEEDS_VISUAL_QA,Derive from champions/master/bel-veth.jpg using focal points; never stretch.
champion:bel-veth:generated_card_4x5,char:bel-veth,CHAMPION,Bel'Veth,GENERATED_CARD_4X5,champions/generated/bel-veth-card-4x5.webp,,,DERIVED_FROM_RIOT_MASTER,"Riot Games, Inc.",,,4:5,0.50,0.50,0.50,0.40,FOCAL_CROP,GENERATE_AFTER_MASTER,NEEDS_VISUAL_QA,Derive from champions/master/bel-veth.jpg using focal points; never stretch.
champion:bel-veth:generated_hero_16x9,char:bel-veth,CHAMPION,Bel'Veth,GENERATED_HERO_16X9,champions/generated/bel-veth-hero-16x9.webp,,,DERIVED_FROM_RIOT_MASTER,"Riot Games, Inc.",,,16:9,0.50,0.50,0.50,0.40,FOCAL_CROP,GENERATE_AFTER_MASTER,NEEDS_VISUAL_QA,Derive from champions/master/bel-veth.jpg using focal points; never stretch.
champion:bel-veth:generated_cinematic_9x16,char:bel-veth,CHAMPION,Bel'Veth,GENERATED_CINEMATIC_9X16,champions/generated/bel-veth-cinematic-9x16.webp,,,DERIVED_FROM_RIOT_MASTER,"Riot Games, Inc.",,,9:16,0.50,0.50,0.50,0.40,FOCAL_CROP,GENERATE_AFTER_MASTER,NEEDS_VISUAL_QA,Derive from champions/master/bel-veth.jpg using focal points; never stretch.
champion:blitzcrank:master,char:blitzcrank,CHAMPION,Blitzcrank,MASTER_SPLASH,champions/master/blitzcrank.jpg,https://ddragon.leagueoflegends.com/cdn/img/champion/splash/Blitzcrank_0.jpg,https://www.leagueoflegends.com/en-us/champions/blitzcrank/,RIOT_DATA_DRAGON,"Riot Games, Inc.",1200,700,~1.69:1,0.50,0.50,0.50,0.40,FOCAL_CROP,PENDING,NEEDS_VISUAL_QA,Official base splash. Use as master for derived crops; do not upscale low-res portrait assets.
champion:blitzcrank:loading,char:blitzcrank,CHAMPION,Blitzcrank,NATIVE_LOADING,champions/master/blitzcrank-loading.jpg,https://ddragon.leagueoflegends.com/cdn/img/champion/loading/Blitzcrank_0.jpg,https://www.leagueoflegends.com/en-us/champions/blitzcrank/,RIOT_DATA_DRAGON,"Riot Games, Inc.",300,550,~9:16,0.50,0.50,0.50,0.40,FOCAL_CROP,PENDING,NEEDS_VISUAL_QA,"Official loading art; useful as fallback in vertical contexts, but cinematic should prefer master splash crop if quality is better."
champion:blitzcrank:generated_portrait_512,char:blitzcrank,CHAMPION,Blitzcrank,GENERATED_PORTRAIT_512,champions/generated/blitzcrank-portrait-512.webp,,,DERIVED_FROM_RIOT_MASTER,"Riot Games, Inc.",,,1:1,0.50,0.50,0.50,0.40,FOCAL_CROP,GENERATE_AFTER_MASTER,NEEDS_VISUAL_QA,Derive from champions/master/blitzcrank.jpg using focal points; never stretch.
champion:blitzcrank:generated_card_4x5,char:blitzcrank,CHAMPION,Blitzcrank,GENERATED_CARD_4X5,champions/generated/blitzcrank-card-4x5.webp,,,DERIVED_FROM_RIOT_MASTER,"Riot Games, Inc.",,,4:5,0.50,0.50,0.50,0.40,FOCAL_CROP,GENERATE_AFTER_MASTER,NEEDS_VISUAL_QA,Derive from champions/master/blitzcrank.jpg using focal points; never stretch.
champion:blitzcrank:generated_hero_16x9,char:blitzcrank,CHAMPION,Blitzcrank,GENERATED_HERO_16X9,champions/generated/blitzcrank-hero-16x9.webp,,,DERIVED_FROM_RIOT_MASTER,"Riot Games, Inc.",,,16:9,0.50,0.50,0.50,0.40,FOCAL_CROP,GENERATE_AFTER_MASTER,NEEDS_VISUAL_QA,Derive from champions/master/blitzcrank.jpg using focal points; never stretch.
champion:blitzcrank:generated_cinematic_9x16,char:blitzcrank,CHAMPION,Blitzcrank,GENERATED_CINEMATIC_9X16,champions/generated/blitzcrank-cinematic-9x16.webp,,,DERIVED_FROM_RIOT_MASTER,"Riot Games, Inc.",,,9:16,0.50,0.50,0.50,0.40,FOCAL_CROP,GENERATE_AFTER_MASTER,NEEDS_VISUAL_QA,Derive from champions/master/blitzcrank.jpg using focal points; never stretch.
champion:brand:master,char:brand,CHAMPION,Brand,MASTER_SPLASH,champions/master/brand.jpg,https://ddragon.leagueoflegends.com/cdn/img/champion/splash/Brand_0.jpg,https://www.leagueoflegends.com/en-us/champions/brand/,RIOT_DATA_DRAGON,"Riot Games, Inc.",1200,700,~1.69:1,0.50,0.50,0.50,0.40,FOCAL_CROP,PENDING,NEEDS_VISUAL_QA,Official base splash. Use as master for derived crops; do not upscale low-res portrait assets.
champion:brand:loading,char:brand,CHAMPION,Brand,NATIVE_LOADING,champions/master/brand-loading.jpg,https://ddragon.leagueoflegends.com/cdn/img/champion/loading/Brand_0.jpg,https://www.leagueoflegends.com/en-us/champions/brand/,RIOT_DATA_DRAGON,"Riot Games, Inc.",300,550,~9:16,0.50,0.50,0.50,0.40,FOCAL_CROP,PENDING,NEEDS_VISUAL_QA,"Official loading art; useful as fallback in vertical contexts, but cinematic should prefer master splash crop if quality is better."
champion:brand:generated_portrait_512,char:brand,CHAMPION,Brand,GENERATED_PORTRAIT_512,champions/generated/brand-portrait-512.webp,,,DERIVED_FROM_RIOT_MASTER,"Riot Games, Inc.",,,1:1,0.50,0.50,0.50,0.40,FOCAL_CROP,GENERATE_AFTER_MASTER,NEEDS_VISUAL_QA,Derive from champions/master/brand.jpg using focal points; never stretch.
champion:brand:generated_card_4x5,char:brand,CHAMPION,Brand,GENERATED_CARD_4X5,champions/generated/brand-card-4x5.webp,,,DERIVED_FROM_RIOT_MASTER,"Riot Games, Inc.",,,4:5,0.50,0.50,0.50,0.40,FOCAL_CROP,GENERATE_AFTER_MASTER,NEEDS_VISUAL_QA,Derive from champions/master/brand.jpg using focal points; never stretch.
champion:brand:generated_hero_16x9,char:brand,CHAMPION,Brand,GENERATED_HERO_16X9,champions/generated/brand-hero-16x9.webp,,,DERIVED_FROM_RIOT_MASTER,"Riot Games, Inc.",,,16:9,0.50,0.50,0.50,0.40,FOCAL_CROP,GENERATE_AFTER_MASTER,NEEDS_VISUAL_QA,Derive from champions/master/brand.jpg using focal points; never stretch.
champion:brand:generated_cinematic_9x16,char:brand,CHAMPION,Brand,GENERATED_CINEMATIC_9X16,champions/generated/brand-cinematic-9x16.webp,,,DERIVED_FROM_RIOT_MASTER,"Riot Games, Inc.",,,9:16,0.50,0.50,0.50,0.40,FOCAL_CROP,GENERATE_AFTER_MASTER,NEEDS_VISUAL_QA,Derive from champions/master/brand.jpg using focal points; never stretch.
champion:braum:master,char:braum,CHAMPION,Braum,MASTER_SPLASH,champions/master/braum.jpg,https://ddragon.leagueoflegends.com/cdn/img/champion/splash/Braum_0.jpg,https://www.leagueoflegends.com/en-us/champions/braum/,RIOT_DATA_DRAGON,"Riot Games, Inc.",1200,700,~1.69:1,0.50,0.50,0.50,0.40,FOCAL_CROP,PENDING,NEEDS_VISUAL_QA,Official base splash. Use as master for derived crops; do not upscale low-res portrait assets.
champion:braum:loading,char:braum,CHAMPION,Braum,NATIVE_LOADING,champions/master/braum-loading.jpg,https://ddragon.leagueoflegends.com/cdn/img/champion/loading/Braum_0.jpg,https://www.leagueoflegends.com/en-us/champions/braum/,RIOT_DATA_DRAGON,"Riot Games, Inc.",300,550,~9:16,0.50,0.50,0.50,0.40,FOCAL_CROP,PENDING,NEEDS_VISUAL_QA,"Official loading art; useful as fallback in vertical contexts, but cinematic should prefer master splash crop if quality is better."
champion:braum:generated_portrait_512,char:braum,CHAMPION,Braum,GENERATED_PORTRAIT_512,champions/generated/braum-portrait-512.webp,,,DERIVED_FROM_RIOT_MASTER,"Riot Games, Inc.",,,1:1,0.50,0.50,0.50,0.40,FOCAL_CROP,GENERATE_AFTER_MASTER,NEEDS_VISUAL_QA,Derive from champions/master/braum.jpg using focal points; never stretch.
champion:braum:generated_card_4x5,char:braum,CHAMPION,Braum,GENERATED_CARD_4X5,champions/generated/braum-card-4x5.webp,,,DERIVED_FROM_RIOT_MASTER,"Riot Games, Inc.",,,4:5,0.50,0.50,0.50,0.40,FOCAL_CROP,GENERATE_AFTER_MASTER,NEEDS_VISUAL_QA,Derive from champions/master/braum.jpg using focal points; never stretch.
champion:braum:generated_hero_16x9,char:braum,CHAMPION,Braum,GENERATED_HERO_16X9,champions/generated/braum-hero-16x9.webp,,,DERIVED_FROM_RIOT_MASTER,"Riot Games, Inc.",,,16:9,0.50,0.50,0.50,0.40,FOCAL_CROP,GENERATE_AFTER_MASTER,NEEDS_VISUAL_QA,Derive from champions/master/braum.jpg using focal points; never stretch.
champion:braum:generated_cinematic_9x16,char:braum,CHAMPION,Braum,GENERATED_CINEMATIC_9X16,champions/generated/braum-cinematic-9x16.webp,,,DERIVED_FROM_RIOT_MASTER,"Riot Games, Inc.",,,9:16,0.50,0.50,0.50,0.40,FOCAL_CROP,GENERATE_AFTER_MASTER,NEEDS_VISUAL_QA,Derive from champions/master/braum.jpg using focal points; never stretch.
champion:briar:master,char:briar,CHAMPION,Briar,MASTER_SPLASH,champions/master/briar.jpg,https://ddragon.leagueoflegends.com/cdn/img/champion/splash/Briar_0.jpg,https://www.leagueoflegends.com/en-us/champions/briar/,RIOT_DATA_DRAGON,"Riot Games, Inc.",1200,700,~1.69:1,0.50,0.50,0.50,0.40,FOCAL_CROP,PENDING,NEEDS_VISUAL_QA,Official base splash. Use as master for derived crops; do not upscale low-res portrait assets.
champion:briar:loading,char:briar,CHAMPION,Briar,NATIVE_LOADING,champions/master/briar-loading.jpg,https://ddragon.leagueoflegends.com/cdn/img/champion/loading/Briar_0.jpg,https://www.leagueoflegends.com/en-us/champions/briar/,RIOT_DATA_DRAGON,"Riot Games, Inc.",300,550,~9:16,0.50,0.50,0.50,0.40,FOCAL_CROP,PENDING,NEEDS_VISUAL_QA,"Official loading art; useful as fallback in vertical contexts, but cinematic should prefer master splash crop if quality is better."
champion:briar:generated_portrait_512,char:briar,CHAMPION,Briar,GENERATED_PORTRAIT_512,champions/generated/briar-portrait-512.webp,,,DERIVED_FROM_RIOT_MASTER,"Riot Games, Inc.",,,1:1,0.50,0.50,0.50,0.40,FOCAL_CROP,GENERATE_AFTER_MASTER,NEEDS_VISUAL_QA,Derive from champions/master/briar.jpg using focal points; never stretch.
champion:briar:generated_card_4x5,char:briar,CHAMPION,Briar,GENERATED_CARD_4X5,champions/generated/briar-card-4x5.webp,,,DERIVED_FROM_RIOT_MASTER,"Riot Games, Inc.",,,4:5,0.50,0.50,0.50,0.40,FOCAL_CROP,GENERATE_AFTER_MASTER,NEEDS_VISUAL_QA,Derive from champions/master/briar.jpg using focal points; never stretch.
champion:briar:generated_hero_16x9,char:briar,CHAMPION,Briar,GENERATED_HERO_16X9,champions/generated/briar-hero-16x9.webp,,,DERIVED_FROM_RIOT_MASTER,"Riot Games, Inc.",,,16:9,0.50,0.50,0.50,0.40,FOCAL_CROP,GENERATE_AFTER_MASTER,NEEDS_VISUAL_QA,Derive from champions/master/briar.jpg using focal points; never stretch.
champion:briar:generated_cinematic_9x16,char:briar,CHAMPION,Briar,GENERATED_CINEMATIC_9X16,champions/generated/briar-cinematic-9x16.webp,,,DERIVED_FROM_RIOT_MASTER,"Riot Games, Inc.",,,9:16,0.50,0.50,0.50,0.40,FOCAL_CROP,GENERATE_AFTER_MASTER,NEEDS_VISUAL_QA,Derive from champions/master/briar.jpg using focal points; never stretch.
champion:caitlyn:master,char:caitlyn,CHAMPION,Caitlyn,MASTER_SPLASH,champions/master/caitlyn.jpg,https://ddragon.leagueoflegends.com/cdn/img/champion/splash/Caitlyn_0.jpg,https://www.leagueoflegends.com/en-us/champions/caitlyn/,RIOT_DATA_DRAGON,"Riot Games, Inc.",1200,700,~1.69:1,0.50,0.50,0.50,0.40,FOCAL_CROP,PENDING,NEEDS_VISUAL_QA,Official base splash. Use as master for derived crops; do not upscale low-res portrait assets.
champion:caitlyn:loading,char:caitlyn,CHAMPION,Caitlyn,NATIVE_LOADING,champions/master/caitlyn-loading.jpg,https://ddragon.leagueoflegends.com/cdn/img/champion/loading/Caitlyn_0.jpg,https://www.leagueoflegends.com/en-us/champions/caitlyn/,RIOT_DATA_DRAGON,"Riot Games, Inc.",300,550,~9:16,0.50,0.50,0.50,0.40,FOCAL_CROP,PENDING,NEEDS_VISUAL_QA,"Official loading art; useful as fallback in vertical contexts, but cinematic should prefer master splash crop if quality is better."
champion:caitlyn:generated_portrait_512,char:caitlyn,CHAMPION,Caitlyn,GENERATED_PORTRAIT_512,champions/generated/caitlyn-portrait-512.webp,,,DERIVED_FROM_RIOT_MASTER,"Riot Games, Inc.",,,1:1,0.50,0.50,0.50,0.40,FOCAL_CROP,GENERATE_AFTER_MASTER,NEEDS_VISUAL_QA,Derive from champions/master/caitlyn.jpg using focal points; never stretch.
champion:caitlyn:generated_card_4x5,char:caitlyn,CHAMPION,Caitlyn,GENERATED_CARD_4X5,champions/generated/caitlyn-card-4x5.webp,,,DERIVED_FROM_RIOT_MASTER,"Riot Games, Inc.",,,4:5,0.50,0.50,0.50,0.40,FOCAL_CROP,GENERATE_AFTER_MASTER,NEEDS_VISUAL_QA,Derive from champions/master/caitlyn.jpg using focal points; never stretch.
champion:caitlyn:generated_hero_16x9,char:caitlyn,CHAMPION,Caitlyn,GENERATED_HERO_16X9,champions/generated/caitlyn-hero-16x9.webp,,,DERIVED_FROM_RIOT_MASTER,"Riot Games, Inc.",,,16:9,0.50,0.50,0.50,0.40,FOCAL_CROP,GENERATE_AFTER_MASTER,NEEDS_VISUAL_QA,Derive from champions/master/caitlyn.jpg using focal points; never stretch.
champion:caitlyn:generated_cinematic_9x16,char:caitlyn,CHAMPION,Caitlyn,GENERATED_CINEMATIC_9X16,champions/generated/caitlyn-cinematic-9x16.webp,,,DERIVED_FROM_RIOT_MASTER,"Riot Games, Inc.",,,9:16,0.50,0.50,0.50,0.40,FOCAL_CROP,GENERATE_AFTER_MASTER,NEEDS_VISUAL_QA,Derive from champions/master/caitlyn.jpg using focal points; never stretch.
champion:camille:master,char:camille,CHAMPION,Camille,MASTER_SPLASH,champions/master/camille.jpg,https://ddragon.leagueoflegends.com/cdn/img/champion/splash/Camille_0.jpg,https://www.leagueoflegends.com/en-us/champions/camille/,RIOT_DATA_DRAGON,"Riot Games, Inc.",1200,700,~1.69:1,0.50,0.50,0.50,0.40,FOCAL_CROP,PENDING,NEEDS_VISUAL_QA,Official base splash. Use as master for derived crops; do not upscale low-res portrait assets.
champion:camille:loading,char:camille,CHAMPION,Camille,NATIVE_LOADING,champions/master/camille-loading.jpg,https://ddragon.leagueoflegends.com/cdn/img/champion/loading/Camille_0.jpg,https://www.leagueoflegends.com/en-us/champions/camille/,RIOT_DATA_DRAGON,"Riot Games, Inc.",300,550,~9:16,0.50,0.50,0.50,0.40,FOCAL_CROP,PENDING,NEEDS_VISUAL_QA,"Official loading art; useful as fallback in vertical contexts, but cinematic should prefer master splash crop if quality is better."
champion:camille:generated_portrait_512,char:camille,CHAMPION,Camille,GENERATED_PORTRAIT_512,champions/generated/camille-portrait-512.webp,,,DERIVED_FROM_RIOT_MASTER,"Riot Games, Inc.",,,1:1,0.50,0.50,0.50,0.40,FOCAL_CROP,GENERATE_AFTER_MASTER,NEEDS_VISUAL_QA,Derive from champions/master/camille.jpg using focal points; never stretch.
champion:camille:generated_card_4x5,char:camille,CHAMPION,Camille,GENERATED_CARD_4X5,champions/generated/camille-card-4x5.webp,,,DERIVED_FROM_RIOT_MASTER,"Riot Games, Inc.",,,4:5,0.50,0.50,0.50,0.40,FOCAL_CROP,GENERATE_AFTER_MASTER,NEEDS_VISUAL_QA,Derive from champions/master/camille.jpg using focal points; never stretch.
champion:camille:generated_hero_16x9,char:camille,CHAMPION,Camille,GENERATED_HERO_16X9,champions/generated/camille-hero-16x9.webp,,,DERIVED_FROM_RIOT_MASTER,"Riot Games, Inc.",,,16:9,0.50,0.50,0.50,0.40,FOCAL_CROP,GENERATE_AFTER_MASTER,NEEDS_VISUAL_QA,Derive from champions/master/camille.jpg using focal points; never stretch.
champion:camille:generated_cinematic_9x16,char:camille,CHAMPION,Camille,GENERATED_CINEMATIC_9X16,champions/generated/camille-cinematic-9x16.webp,,,DERIVED_FROM_RIOT_MASTER,"Riot Games, Inc.",,,9:16,0.50,0.50,0.50,0.40,FOCAL_CROP,GENERATE_AFTER_MASTER,NEEDS_VISUAL_QA,Derive from champions/master/camille.jpg using focal points; never stretch.
champion:cassiopeia:master,char:cassiopeia,CHAMPION,Cassiopeia,MASTER_SPLASH,champions/master/cassiopeia.jpg,https://ddragon.leagueoflegends.com/cdn/img/champion/splash/Cassiopeia_0.jpg,https://www.leagueoflegends.com/en-us/champions/cassiopeia/,RIOT_DATA_DRAGON,"Riot Games, Inc.",1200,700,~1.69:1,0.50,0.50,0.50,0.40,FOCAL_CROP,PENDING,NEEDS_VISUAL_QA,Official base splash. Use as master for derived crops; do not upscale low-res portrait assets.
champion:cassiopeia:loading,char:cassiopeia,CHAMPION,Cassiopeia,NATIVE_LOADING,champions/master/cassiopeia-loading.jpg,https://ddragon.leagueoflegends.com/cdn/img/champion/loading/Cassiopeia_0.jpg,https://www.leagueoflegends.com/en-us/champions/cassiopeia/,RIOT_DATA_DRAGON,"Riot Games, Inc.",300,550,~9:16,0.50,0.50,0.50,0.40,FOCAL_CROP,PENDING,NEEDS_VISUAL_QA,"Official loading art; useful as fallback in vertical contexts, but cinematic should prefer master splash crop if quality is better."
champion:cassiopeia:generated_portrait_512,char:cassiopeia,CHAMPION,Cassiopeia,GENERATED_PORTRAIT_512,champions/generated/cassiopeia-portrait-512.webp,,,DERIVED_FROM_RIOT_MASTER,"Riot Games, Inc.",,,1:1,0.50,0.50,0.50,0.40,FOCAL_CROP,GENERATE_AFTER_MASTER,NEEDS_VISUAL_QA,Derive from champions/master/cassiopeia.jpg using focal points; never stretch.
champion:cassiopeia:generated_card_4x5,char:cassiopeia,CHAMPION,Cassiopeia,GENERATED_CARD_4X5,champions/generated/cassiopeia-card-4x5.webp,,,DERIVED_FROM_RIOT_MASTER,"Riot Games, Inc.",,,4:5,0.50,0.50,0.50,0.40,FOCAL_CROP,GENERATE_AFTER_MASTER,NEEDS_VISUAL_QA,Derive from champions/master/cassiopeia.jpg using focal points; never stretch.
champion:cassiopeia:generated_hero_16x9,char:cassiopeia,CHAMPION,Cassiopeia,GENERATED_HERO_16X9,champions/generated/cassiopeia-hero-16x9.webp,,,DERIVED_FROM_RIOT_MASTER,"Riot Games, Inc.",,,16:9,0.50,0.50,0.50,0.40,FOCAL_CROP,GENERATE_AFTER_MASTER,NEEDS_VISUAL_QA,Derive from champions/master/cassiopeia.jpg using focal points; never stretch.
champion:cassiopeia:generated_cinematic_9x16,char:cassiopeia,CHAMPION,Cassiopeia,GENERATED_CINEMATIC_9X16,champions/generated/cassiopeia-cinematic-9x16.webp,,,DERIVED_FROM_RIOT_MASTER,"Riot Games, Inc.",,,9:16,0.50,0.50,0.50,0.40,FOCAL_CROP,GENERATE_AFTER_MASTER,NEEDS_VISUAL_QA,Derive from champions/master/cassiopeia.jpg using focal points; never stretch.
champion:cho-gath:master,char:cho-gath,CHAMPION,Cho'Gath,MASTER_SPLASH,champions/master/cho-gath.jpg,https://ddragon.leagueoflegends.com/cdn/img/champion/splash/Chogath_0.jpg,https://www.leagueoflegends.com/en-us/champions/cho-gath/,RIOT_DATA_DRAGON,"Riot Games, Inc.",1200,700,~1.69:1,0.50,0.50,0.50,0.40,FOCAL_CROP,PENDING,NEEDS_VISUAL_QA,Official base splash. Use as master for derived crops; do not upscale low-res portrait assets.
champion:cho-gath:loading,char:cho-gath,CHAMPION,Cho'Gath,NATIVE_LOADING,champions/master/cho-gath-loading.jpg,https://ddragon.leagueoflegends.com/cdn/img/champion/loading/Chogath_0.jpg,https://www.leagueoflegends.com/en-us/champions/cho-gath/,RIOT_DATA_DRAGON,"Riot Games, Inc.",300,550,~9:16,0.50,0.50,0.50,0.40,FOCAL_CROP,PENDING,NEEDS_VISUAL_QA,"Official loading art; useful as fallback in vertical contexts, but cinematic should prefer master splash crop if quality is better."
champion:cho-gath:generated_portrait_512,char:cho-gath,CHAMPION,Cho'Gath,GENERATED_PORTRAIT_512,champions/generated/cho-gath-portrait-512.webp,,,DERIVED_FROM_RIOT_MASTER,"Riot Games, Inc.",,,1:1,0.50,0.50,0.50,0.40,FOCAL_CROP,GENERATE_AFTER_MASTER,NEEDS_VISUAL_QA,Derive from champions/master/cho-gath.jpg using focal points; never stretch.
champion:cho-gath:generated_card_4x5,char:cho-gath,CHAMPION,Cho'Gath,GENERATED_CARD_4X5,champions/generated/cho-gath-card-4x5.webp,,,DERIVED_FROM_RIOT_MASTER,"Riot Games, Inc.",,,4:5,0.50,0.50,0.50,0.40,FOCAL_CROP,GENERATE_AFTER_MASTER,NEEDS_VISUAL_QA,Derive from champions/master/cho-gath.jpg using focal points; never stretch.
champion:cho-gath:generated_hero_16x9,char:cho-gath,CHAMPION,Cho'Gath,GENERATED_HERO_16X9,champions/generated/cho-gath-hero-16x9.webp,,,DERIVED_FROM_RIOT_MASTER,"Riot Games, Inc.",,,16:9,0.50,0.50,0.50,0.40,FOCAL_CROP,GENERATE_AFTER_MASTER,NEEDS_VISUAL_QA,Derive from champions/master/cho-gath.jpg using focal points; never stretch.
champion:cho-gath:generated_cinematic_9x16,char:cho-gath,CHAMPION,Cho'Gath,GENERATED_CINEMATIC_9X16,champions/generated/cho-gath-cinematic-9x16.webp,,,DERIVED_FROM_RIOT_MASTER,"Riot Games, Inc.",,,9:16,0.50,0.50,0.50,0.40,FOCAL_CROP,GENERATE_AFTER_MASTER,NEEDS_VISUAL_QA,Derive from champions/master/cho-gath.jpg using focal points; never stretch.
champion:corki:master,char:corki,CHAMPION,Corki,MASTER_SPLASH,champions/master/corki.jpg,https://ddragon.leagueoflegends.com/cdn/img/champion/splash/Corki_0.jpg,https://www.leagueoflegends.com/en-us/champions/corki/,RIOT_DATA_DRAGON,"Riot Games, Inc.",1200,700,~1.69:1,0.50,0.50,0.50,0.40,FOCAL_CROP,PENDING,NEEDS_VISUAL_QA,Official base splash. Use as master for derived crops; do not upscale low-res portrait assets.
champion:corki:loading,char:corki,CHAMPION,Corki,NATIVE_LOADING,champions/master/corki-loading.jpg,https://ddragon.leagueoflegends.com/cdn/img/champion/loading/Corki_0.jpg,https://www.leagueoflegends.com/en-us/champions/corki/,RIOT_DATA_DRAGON,"Riot Games, Inc.",300,550,~9:16,0.50,0.50,0.50,0.40,FOCAL_CROP,PENDING,NEEDS_VISUAL_QA,"Official loading art; useful as fallback in vertical contexts, but cinematic should prefer master splash crop if quality is better."
champion:corki:generated_portrait_512,char:corki,CHAMPION,Corki,GENERATED_PORTRAIT_512,champions/generated/corki-portrait-512.webp,,,DERIVED_FROM_RIOT_MASTER,"Riot Games, Inc.",,,1:1,0.50,0.50,0.50,0.40,FOCAL_CROP,GENERATE_AFTER_MASTER,NEEDS_VISUAL_QA,Derive from champions/master/corki.jpg using focal points; never stretch.
champion:corki:generated_card_4x5,char:corki,CHAMPION,Corki,GENERATED_CARD_4X5,champions/generated/corki-card-4x5.webp,,,DERIVED_FROM_RIOT_MASTER,"Riot Games, Inc.",,,4:5,0.50,0.50,0.50,0.40,FOCAL_CROP,GENERATE_AFTER_MASTER,NEEDS_VISUAL_QA,Derive from champions/master/corki.jpg using focal points; never stretch.
champion:corki:generated_hero_16x9,char:corki,CHAMPION,Corki,GENERATED_HERO_16X9,champions/generated/corki-hero-16x9.webp,,,DERIVED_FROM_RIOT_MASTER,"Riot Games, Inc.",,,16:9,0.50,0.50,0.50,0.40,FOCAL_CROP,GENERATE_AFTER_MASTER,NEEDS_VISUAL_QA,Derive from champions/master/corki.jpg using focal points; never stretch.
champion:corki:generated_cinematic_9x16,char:corki,CHAMPION,Corki,GENERATED_CINEMATIC_9X16,champions/generated/corki-cinematic-9x16.webp,,,DERIVED_FROM_RIOT_MASTER,"Riot Games, Inc.",,,9:16,0.50,0.50,0.50,0.40,FOCAL_CROP,GENERATE_AFTER_MASTER,NEEDS_VISUAL_QA,Derive from champions/master/corki.jpg using focal points; never stretch.
champion:darius:master,char:darius,CHAMPION,Darius,MASTER_SPLASH,champions/master/darius.jpg,https://ddragon.leagueoflegends.com/cdn/img/champion/splash/Darius_0.jpg,https://www.leagueoflegends.com/en-us/champions/darius/,RIOT_DATA_DRAGON,"Riot Games, Inc.",1200,700,~1.69:1,0.50,0.50,0.50,0.40,FOCAL_CROP,PENDING,NEEDS_VISUAL_QA,Official base splash. Use as master for derived crops; do not upscale low-res portrait assets.
champion:darius:loading,char:darius,CHAMPION,Darius,NATIVE_LOADING,champions/master/darius-loading.jpg,https://ddragon.leagueoflegends.com/cdn/img/champion/loading/Darius_0.jpg,https://www.leagueoflegends.com/en-us/champions/darius/,RIOT_DATA_DRAGON,"Riot Games, Inc.",300,550,~9:16,0.50,0.50,0.50,0.40,FOCAL_CROP,PENDING,NEEDS_VISUAL_QA,"Official loading art; useful as fallback in vertical contexts, but cinematic should prefer master splash crop if quality is better."
champion:darius:generated_portrait_512,char:darius,CHAMPION,Darius,GENERATED_PORTRAIT_512,champions/generated/darius-portrait-512.webp,,,DERIVED_FROM_RIOT_MASTER,"Riot Games, Inc.",,,1:1,0.50,0.50,0.50,0.40,FOCAL_CROP,GENERATE_AFTER_MASTER,NEEDS_VISUAL_QA,Derive from champions/master/darius.jpg using focal points; never stretch.
champion:darius:generated_card_4x5,char:darius,CHAMPION,Darius,GENERATED_CARD_4X5,champions/generated/darius-card-4x5.webp,,,DERIVED_FROM_RIOT_MASTER,"Riot Games, Inc.",,,4:5,0.50,0.50,0.50,0.40,FOCAL_CROP,GENERATE_AFTER_MASTER,NEEDS_VISUAL_QA,Derive from champions/master/darius.jpg using focal points; never stretch.
champion:darius:generated_hero_16x9,char:darius,CHAMPION,Darius,GENERATED_HERO_16X9,champions/generated/darius-hero-16x9.webp,,,DERIVED_FROM_RIOT_MASTER,"Riot Games, Inc.",,,16:9,0.50,0.50,0.50,0.40,FOCAL_CROP,GENERATE_AFTER_MASTER,NEEDS_VISUAL_QA,Derive from champions/master/darius.jpg using focal points; never stretch.
champion:darius:generated_cinematic_9x16,char:darius,CHAMPION,Darius,GENERATED_CINEMATIC_9X16,champions/generated/darius-cinematic-9x16.webp,,,DERIVED_FROM_RIOT_MASTER,"Riot Games, Inc.",,,9:16,0.50,0.50,0.50,0.40,FOCAL_CROP,GENERATE_AFTER_MASTER,NEEDS_VISUAL_QA,Derive from champions/master/darius.jpg using focal points; never stretch.
champion:diana:master,char:diana,CHAMPION,Diana,MASTER_SPLASH,champions/master/diana.jpg,https://ddragon.leagueoflegends.com/cdn/img/champion/splash/Diana_0.jpg,https://www.leagueoflegends.com/en-us/champions/diana/,RIOT_DATA_DRAGON,"Riot Games, Inc.",1200,700,~1.69:1,0.50,0.50,0.50,0.40,FOCAL_CROP,PENDING,NEEDS_VISUAL_QA,Official base splash. Use as master for derived crops; do not upscale low-res portrait assets.
champion:diana:loading,char:diana,CHAMPION,Diana,NATIVE_LOADING,champions/master/diana-loading.jpg,https://ddragon.leagueoflegends.com/cdn/img/champion/loading/Diana_0.jpg,https://www.leagueoflegends.com/en-us/champions/diana/,RIOT_DATA_DRAGON,"Riot Games, Inc.",300,550,~9:16,0.50,0.50,0.50,0.40,FOCAL_CROP,PENDING,NEEDS_VISUAL_QA,"Official loading art; useful as fallback in vertical contexts, but cinematic should prefer master splash crop if quality is better."
champion:diana:generated_portrait_512,char:diana,CHAMPION,Diana,GENERATED_PORTRAIT_512,champions/generated/diana-portrait-512.webp,,,DERIVED_FROM_RIOT_MASTER,"Riot Games, Inc.",,,1:1,0.50,0.50,0.50,0.40,FOCAL_CROP,GENERATE_AFTER_MASTER,NEEDS_VISUAL_QA,Derive from champions/master/diana.jpg using focal points; never stretch.
champion:diana:generated_card_4x5,char:diana,CHAMPION,Diana,GENERATED_CARD_4X5,champions/generated/diana-card-4x5.webp,,,DERIVED_FROM_RIOT_MASTER,"Riot Games, Inc.",,,4:5,0.50,0.50,0.50,0.40,FOCAL_CROP,GENERATE_AFTER_MASTER,NEEDS_VISUAL_QA,Derive from champions/master/diana.jpg using focal points; never stretch.
champion:diana:generated_hero_16x9,char:diana,CHAMPION,Diana,GENERATED_HERO_16X9,champions/generated/diana-hero-16x9.webp,,,DERIVED_FROM_RIOT_MASTER,"Riot Games, Inc.",,,16:9,0.50,0.50,0.50,0.40,FOCAL_CROP,GENERATE_AFTER_MASTER,NEEDS_VISUAL_QA,Derive from champions/master/diana.jpg using focal points; never stretch.
champion:diana:generated_cinematic_9x16,char:diana,CHAMPION,Diana,GENERATED_CINEMATIC_9X16,champions/generated/diana-cinematic-9x16.webp,,,DERIVED_FROM_RIOT_MASTER,"Riot Games, Inc.",,,9:16,0.50,0.50,0.50,0.40,FOCAL_CROP,GENERATE_AFTER_MASTER,NEEDS_VISUAL_QA,Derive from champions/master/diana.jpg using focal points; never stretch.
champion:dr-mundo:master,char:dr-mundo,CHAMPION,Dr. Mundo,MASTER_SPLASH,champions/master/dr-mundo.jpg,https://ddragon.leagueoflegends.com/cdn/img/champion/splash/DrMundo_0.jpg,https://www.leagueoflegends.com/en-us/champions/dr-mundo/,RIOT_DATA_DRAGON,"Riot Games, Inc.",1200,700,~1.69:1,0.50,0.50,0.50,0.40,FOCAL_CROP,PENDING,NEEDS_VISUAL_QA,Official base splash. Use as master for derived crops; do not upscale low-res portrait assets.
champion:dr-mundo:loading,char:dr-mundo,CHAMPION,Dr. Mundo,NATIVE_LOADING,champions/master/dr-mundo-loading.jpg,https://ddragon.leagueoflegends.com/cdn/img/champion/loading/DrMundo_0.jpg,https://www.leagueoflegends.com/en-us/champions/dr-mundo/,RIOT_DATA_DRAGON,"Riot Games, Inc.",300,550,~9:16,0.50,0.50,0.50,0.40,FOCAL_CROP,PENDING,NEEDS_VISUAL_QA,"Official loading art; useful as fallback in vertical contexts, but cinematic should prefer master splash crop if quality is better."
champion:dr-mundo:generated_portrait_512,char:dr-mundo,CHAMPION,Dr. Mundo,GENERATED_PORTRAIT_512,champions/generated/dr-mundo-portrait-512.webp,,,DERIVED_FROM_RIOT_MASTER,"Riot Games, Inc.",,,1:1,0.50,0.50,0.50,0.40,FOCAL_CROP,GENERATE_AFTER_MASTER,NEEDS_VISUAL_QA,Derive from champions/master/dr-mundo.jpg using focal points; never stretch.
champion:dr-mundo:generated_card_4x5,char:dr-mundo,CHAMPION,Dr. Mundo,GENERATED_CARD_4X5,champions/generated/dr-mundo-card-4x5.webp,,,DERIVED_FROM_RIOT_MASTER,"Riot Games, Inc.",,,4:5,0.50,0.50,0.50,0.40,FOCAL_CROP,GENERATE_AFTER_MASTER,NEEDS_VISUAL_QA,Derive from champions/master/dr-mundo.jpg using focal points; never stretch.
champion:dr-mundo:generated_hero_16x9,char:dr-mundo,CHAMPION,Dr. Mundo,GENERATED_HERO_16X9,champions/generated/dr-mundo-hero-16x9.webp,,,DERIVED_FROM_RIOT_MASTER,"Riot Games, Inc.",,,16:9,0.50,0.50,0.50,0.40,FOCAL_CROP,GENERATE_AFTER_MASTER,NEEDS_VISUAL_QA,Derive from champions/master/dr-mundo.jpg using focal points; never stretch.
champion:dr-mundo:generated_cinematic_9x16,char:dr-mundo,CHAMPION,Dr. Mundo,GENERATED_CINEMATIC_9X16,champions/generated/dr-mundo-cinematic-9x16.webp,,,DERIVED_FROM_RIOT_MASTER,"Riot Games, Inc.",,,9:16,0.50,0.50,0.50,0.40,FOCAL_CROP,GENERATE_AFTER_MASTER,NEEDS_VISUAL_QA,Derive from champions/master/dr-mundo.jpg using focal points; never stretch.
champion:draven:master,char:draven,CHAMPION,Draven,MASTER_SPLASH,champions/master/draven.jpg,https://ddragon.leagueoflegends.com/cdn/img/champion/splash/Draven_0.jpg,https://www.leagueoflegends.com/en-us/champions/draven/,RIOT_DATA_DRAGON,"Riot Games, Inc.",1200,700,~1.69:1,0.50,0.50,0.50,0.40,FOCAL_CROP,PENDING,NEEDS_VISUAL_QA,Official base splash. Use as master for derived crops; do not upscale low-res portrait assets.
champion:draven:loading,char:draven,CHAMPION,Draven,NATIVE_LOADING,champions/master/draven-loading.jpg,https://ddragon.leagueoflegends.com/cdn/img/champion/loading/Draven_0.jpg,https://www.leagueoflegends.com/en-us/champions/draven/,RIOT_DATA_DRAGON,"Riot Games, Inc.",300,550,~9:16,0.50,0.50,0.50,0.40,FOCAL_CROP,PENDING,NEEDS_VISUAL_QA,"Official loading art; useful as fallback in vertical contexts, but cinematic should prefer master splash crop if quality is better."
champion:draven:generated_portrait_512,char:draven,CHAMPION,Draven,GENERATED_PORTRAIT_512,champions/generated/draven-portrait-512.webp,,,DERIVED_FROM_RIOT_MASTER,"Riot Games, Inc.",,,1:1,0.50,0.50,0.50,0.40,FOCAL_CROP,GENERATE_AFTER_MASTER,NEEDS_VISUAL_QA,Derive from champions/master/draven.jpg using focal points; never stretch.
champion:draven:generated_card_4x5,char:draven,CHAMPION,Draven,GENERATED_CARD_4X5,champions/generated/draven-card-4x5.webp,,,DERIVED_FROM_RIOT_MASTER,"Riot Games, Inc.",,,4:5,0.50,0.50,0.50,0.40,FOCAL_CROP,GENERATE_AFTER_MASTER,NEEDS_VISUAL_QA,Derive from champions/master/draven.jpg using focal points; never stretch.
champion:draven:generated_hero_16x9,char:draven,CHAMPION,Draven,GENERATED_HERO_16X9,champions/generated/draven-hero-16x9.webp,,,DERIVED_FROM_RIOT_MASTER,"Riot Games, Inc.",,,16:9,0.50,0.50,0.50,0.40,FOCAL_CROP,GENERATE_AFTER_MASTER,NEEDS_VISUAL_QA,Derive from champions/master/draven.jpg using focal points; never stretch.
champion:draven:generated_cinematic_9x16,char:draven,CHAMPION,Draven,GENERATED_CINEMATIC_9X16,champions/generated/draven-cinematic-9x16.webp,,,DERIVED_FROM_RIOT_MASTER,"Riot Games, Inc.",,,9:16,0.50,0.50,0.50,0.40,FOCAL_CROP,GENERATE_AFTER_MASTER,NEEDS_VISUAL_QA,Derive from champions/master/draven.jpg using focal points; never stretch.
champion:ekko:master,char:ekko,CHAMPION,Ekko,MASTER_SPLASH,champions/master/ekko.jpg,https://ddragon.leagueoflegends.com/cdn/img/champion/splash/Ekko_0.jpg,https://www.leagueoflegends.com/en-us/champions/ekko/,RIOT_DATA_DRAGON,"Riot Games, Inc.",1200,700,~1.69:1,0.50,0.50,0.50,0.40,FOCAL_CROP,PENDING,NEEDS_VISUAL_QA,Official base splash. Use as master for derived crops; do not upscale low-res portrait assets.
champion:ekko:loading,char:ekko,CHAMPION,Ekko,NATIVE_LOADING,champions/master/ekko-loading.jpg,https://ddragon.leagueoflegends.com/cdn/img/champion/loading/Ekko_0.jpg,https://www.leagueoflegends.com/en-us/champions/ekko/,RIOT_DATA_DRAGON,"Riot Games, Inc.",300,550,~9:16,0.50,0.50,0.50,0.40,FOCAL_CROP,PENDING,NEEDS_VISUAL_QA,"Official loading art; useful as fallback in vertical contexts, but cinematic should prefer master splash crop if quality is better."
champion:ekko:generated_portrait_512,char:ekko,CHAMPION,Ekko,GENERATED_PORTRAIT_512,champions/generated/ekko-portrait-512.webp,,,DERIVED_FROM_RIOT_MASTER,"Riot Games, Inc.",,,1:1,0.50,0.50,0.50,0.40,FOCAL_CROP,GENERATE_AFTER_MASTER,NEEDS_VISUAL_QA,Derive from champions/master/ekko.jpg using focal points; never stretch.
champion:ekko:generated_card_4x5,char:ekko,CHAMPION,Ekko,GENERATED_CARD_4X5,champions/generated/ekko-card-4x5.webp,,,DERIVED_FROM_RIOT_MASTER,"Riot Games, Inc.",,,4:5,0.50,0.50,0.50,0.40,FOCAL_CROP,GENERATE_AFTER_MASTER,NEEDS_VISUAL_QA,Derive from champions/master/ekko.jpg using focal points; never stretch.
champion:ekko:generated_hero_16x9,char:ekko,CHAMPION,Ekko,GENERATED_HERO_16X9,champions/generated/ekko-hero-16x9.webp,,,DERIVED_FROM_RIOT_MASTER,"Riot Games, Inc.",,,16:9,0.50,0.50,0.50,0.40,FOCAL_CROP,GENERATE_AFTER_MASTER,NEEDS_VISUAL_QA,Derive from champions/master/ekko.jpg using focal points; never stretch.
champion:ekko:generated_cinematic_9x16,char:ekko,CHAMPION,Ekko,GENERATED_CINEMATIC_9X16,champions/generated/ekko-cinematic-9x16.webp,,,DERIVED_FROM_RIOT_MASTER,"Riot Games, Inc.",,,9:16,0.50,0.50,0.50,0.40,FOCAL_CROP,GENERATE_AFTER_MASTER,NEEDS_VISUAL_QA,Derive from champions/master/ekko.jpg using focal points; never stretch.
champion:elise:master,char:elise,CHAMPION,Elise,MASTER_SPLASH,champions/master/elise.jpg,https://ddragon.leagueoflegends.com/cdn/img/champion/splash/Elise_0.jpg,https://www.leagueoflegends.com/en-us/champions/elise/,RIOT_DATA_DRAGON,"Riot Games, Inc.",1200,700,~1.69:1,0.50,0.50,0.50,0.40,FOCAL_CROP,PENDING,NEEDS_VISUAL_QA,Official base splash. Use as master for derived crops; do not upscale low-res portrait assets.
champion:elise:loading,char:elise,CHAMPION,Elise,NATIVE_LOADING,champions/master/elise-loading.jpg,https://ddragon.leagueoflegends.com/cdn/img/champion/loading/Elise_0.jpg,https://www.leagueoflegends.com/en-us/champions/elise/,RIOT_DATA_DRAGON,"Riot Games, Inc.",300,550,~9:16,0.50,0.50,0.50,0.40,FOCAL_CROP,PENDING,NEEDS_VISUAL_QA,"Official loading art; useful as fallback in vertical contexts, but cinematic should prefer master splash crop if quality is better."
champion:elise:generated_portrait_512,char:elise,CHAMPION,Elise,GENERATED_PORTRAIT_512,champions/generated/elise-portrait-512.webp,,,DERIVED_FROM_RIOT_MASTER,"Riot Games, Inc.",,,1:1,0.50,0.50,0.50,0.40,FOCAL_CROP,GENERATE_AFTER_MASTER,NEEDS_VISUAL_QA,Derive from champions/master/elise.jpg using focal points; never stretch.
champion:elise:generated_card_4x5,char:elise,CHAMPION,Elise,GENERATED_CARD_4X5,champions/generated/elise-card-4x5.webp,,,DERIVED_FROM_RIOT_MASTER,"Riot Games, Inc.",,,4:5,0.50,0.50,0.50,0.40,FOCAL_CROP,GENERATE_AFTER_MASTER,NEEDS_VISUAL_QA,Derive from champions/master/elise.jpg using focal points; never stretch.
champion:elise:generated_hero_16x9,char:elise,CHAMPION,Elise,GENERATED_HERO_16X9,champions/generated/elise-hero-16x9.webp,,,DERIVED_FROM_RIOT_MASTER,"Riot Games, Inc.",,,16:9,0.50,0.50,0.50,0.40,FOCAL_CROP,GENERATE_AFTER_MASTER,NEEDS_VISUAL_QA,Derive from champions/master/elise.jpg using focal points; never stretch.
champion:elise:generated_cinematic_9x16,char:elise,CHAMPION,Elise,GENERATED_CINEMATIC_9X16,champions/generated/elise-cinematic-9x16.webp,,,DERIVED_FROM_RIOT_MASTER,"Riot Games, Inc.",,,9:16,0.50,0.50,0.50,0.40,FOCAL_CROP,GENERATE_AFTER_MASTER,NEEDS_VISUAL_QA,Derive from champions/master/elise.jpg using focal points; never stretch.
champion:evelynn:master,char:evelynn,CHAMPION,Evelynn,MASTER_SPLASH,champions/master/evelynn.jpg,https://ddragon.leagueoflegends.com/cdn/img/champion/splash/Evelynn_0.jpg,https://www.leagueoflegends.com/en-us/champions/evelynn/,RIOT_DATA_DRAGON,"Riot Games, Inc.",1200,700,~1.69:1,0.50,0.50,0.50,0.40,FOCAL_CROP,PENDING,NEEDS_VISUAL_QA,Official base splash. Use as master for derived crops; do not upscale low-res portrait assets.
champion:evelynn:loading,char:evelynn,CHAMPION,Evelynn,NATIVE_LOADING,champions/master/evelynn-loading.jpg,https://ddragon.leagueoflegends.com/cdn/img/champion/loading/Evelynn_0.jpg,https://www.leagueoflegends.com/en-us/champions/evelynn/,RIOT_DATA_DRAGON,"Riot Games, Inc.",300,550,~9:16,0.50,0.50,0.50,0.40,FOCAL_CROP,PENDING,NEEDS_VISUAL_QA,"Official loading art; useful as fallback in vertical contexts, but cinematic should prefer master splash crop if quality is better."
champion:evelynn:generated_portrait_512,char:evelynn,CHAMPION,Evelynn,GENERATED_PORTRAIT_512,champions/generated/evelynn-portrait-512.webp,,,DERIVED_FROM_RIOT_MASTER,"Riot Games, Inc.",,,1:1,0.50,0.50,0.50,0.40,FOCAL_CROP,GENERATE_AFTER_MASTER,NEEDS_VISUAL_QA,Derive from champions/master/evelynn.jpg using focal points; never stretch.
champion:evelynn:generated_card_4x5,char:evelynn,CHAMPION,Evelynn,GENERATED_CARD_4X5,champions/generated/evelynn-card-4x5.webp,,,DERIVED_FROM_RIOT_MASTER,"Riot Games, Inc.",,,4:5,0.50,0.50,0.50,0.40,FOCAL_CROP,GENERATE_AFTER_MASTER,NEEDS_VISUAL_QA,Derive from champions/master/evelynn.jpg using focal points; never stretch.
champion:evelynn:generated_hero_16x9,char:evelynn,CHAMPION,Evelynn,GENERATED_HERO_16X9,champions/generated/evelynn-hero-16x9.webp,,,DERIVED_FROM_RIOT_MASTER,"Riot Games, Inc.",,,16:9,0.50,0.50,0.50,0.40,FOCAL_CROP,GENERATE_AFTER_MASTER,NEEDS_VISUAL_QA,Derive from champions/master/evelynn.jpg using focal points; never stretch.
champion:evelynn:generated_cinematic_9x16,char:evelynn,CHAMPION,Evelynn,GENERATED_CINEMATIC_9X16,champions/generated/evelynn-cinematic-9x16.webp,,,DERIVED_FROM_RIOT_MASTER,"Riot Games, Inc.",,,9:16,0.50,0.50,0.50,0.40,FOCAL_CROP,GENERATE_AFTER_MASTER,NEEDS_VISUAL_QA,Derive from champions/master/evelynn.jpg using focal points; never stretch.
champion:ezreal:master,char:ezreal,CHAMPION,Ezreal,MASTER_SPLASH,champions/master/ezreal.jpg,https://ddragon.leagueoflegends.com/cdn/img/champion/splash/Ezreal_0.jpg,https://www.leagueoflegends.com/en-us/champions/ezreal/,RIOT_DATA_DRAGON,"Riot Games, Inc.",1200,700,~1.69:1,0.50,0.50,0.50,0.40,FOCAL_CROP,PENDING,NEEDS_VISUAL_QA,Official base splash. Use as master for derived crops; do not upscale low-res portrait assets.
champion:ezreal:loading,char:ezreal,CHAMPION,Ezreal,NATIVE_LOADING,champions/master/ezreal-loading.jpg,https://ddragon.leagueoflegends.com/cdn/img/champion/loading/Ezreal_0.jpg,https://www.leagueoflegends.com/en-us/champions/ezreal/,RIOT_DATA_DRAGON,"Riot Games, Inc.",300,550,~9:16,0.50,0.50,0.50,0.40,FOCAL_CROP,PENDING,NEEDS_VISUAL_QA,"Official loading art; useful as fallback in vertical contexts, but cinematic should prefer master splash crop if quality is better."
champion:ezreal:generated_portrait_512,char:ezreal,CHAMPION,Ezreal,GENERATED_PORTRAIT_512,champions/generated/ezreal-portrait-512.webp,,,DERIVED_FROM_RIOT_MASTER,"Riot Games, Inc.",,,1:1,0.50,0.50,0.50,0.40,FOCAL_CROP,GENERATE_AFTER_MASTER,NEEDS_VISUAL_QA,Derive from champions/master/ezreal.jpg using focal points; never stretch.
champion:ezreal:generated_card_4x5,char:ezreal,CHAMPION,Ezreal,GENERATED_CARD_4X5,champions/generated/ezreal-card-4x5.webp,,,DERIVED_FROM_RIOT_MASTER,"Riot Games, Inc.",,,4:5,0.50,0.50,0.50,0.40,FOCAL_CROP,GENERATE_AFTER_MASTER,NEEDS_VISUAL_QA,Derive from champions/master/ezreal.jpg using focal points; never stretch.
champion:ezreal:generated_hero_16x9,char:ezreal,CHAMPION,Ezreal,GENERATED_HERO_16X9,champions/generated/ezreal-hero-16x9.webp,,,DERIVED_FROM_RIOT_MASTER,"Riot Games, Inc.",,,16:9,0.50,0.50,0.50,0.40,FOCAL_CROP,GENERATE_AFTER_MASTER,NEEDS_VISUAL_QA,Derive from champions/master/ezreal.jpg using focal points; never stretch.
champion:ezreal:generated_cinematic_9x16,char:ezreal,CHAMPION,Ezreal,GENERATED_CINEMATIC_9X16,champions/generated/ezreal-cinematic-9x16.webp,,,DERIVED_FROM_RIOT_MASTER,"Riot Games, Inc.",,,9:16,0.50,0.50,0.50,0.40,FOCAL_CROP,GENERATE_AFTER_MASTER,NEEDS_VISUAL_QA,Derive from champions/master/ezreal.jpg using focal points; never stretch.
champion:fiddlesticks:master,char:fiddlesticks,CHAMPION,Fiddlesticks,MASTER_SPLASH,champions/master/fiddlesticks.jpg,https://ddragon.leagueoflegends.com/cdn/img/champion/splash/Fiddlesticks_0.jpg,https://www.leagueoflegends.com/en-us/champions/fiddlesticks/,RIOT_DATA_DRAGON,"Riot Games, Inc.",1200,700,~1.69:1,0.50,0.50,0.50,0.40,FOCAL_CROP,PENDING,NEEDS_VISUAL_QA,Official base splash. Use as master for derived crops; do not upscale low-res portrait assets.
champion:fiddlesticks:loading,char:fiddlesticks,CHAMPION,Fiddlesticks,NATIVE_LOADING,champions/master/fiddlesticks-loading.jpg,https://ddragon.leagueoflegends.com/cdn/img/champion/loading/Fiddlesticks_0.jpg,https://www.leagueoflegends.com/en-us/champions/fiddlesticks/,RIOT_DATA_DRAGON,"Riot Games, Inc.",300,550,~9:16,0.50,0.50,0.50,0.40,FOCAL_CROP,PENDING,NEEDS_VISUAL_QA,"Official loading art; useful as fallback in vertical contexts, but cinematic should prefer master splash crop if quality is better."
champion:fiddlesticks:generated_portrait_512,char:fiddlesticks,CHAMPION,Fiddlesticks,GENERATED_PORTRAIT_512,champions/generated/fiddlesticks-portrait-512.webp,,,DERIVED_FROM_RIOT_MASTER,"Riot Games, Inc.",,,1:1,0.50,0.50,0.50,0.40,FOCAL_CROP,GENERATE_AFTER_MASTER,NEEDS_VISUAL_QA,Derive from champions/master/fiddlesticks.jpg using focal points; never stretch.
champion:fiddlesticks:generated_card_4x5,char:fiddlesticks,CHAMPION,Fiddlesticks,GENERATED_CARD_4X5,champions/generated/fiddlesticks-card-4x5.webp,,,DERIVED_FROM_RIOT_MASTER,"Riot Games, Inc.",,,4:5,0.50,0.50,0.50,0.40,FOCAL_CROP,GENERATE_AFTER_MASTER,NEEDS_VISUAL_QA,Derive from champions/master/fiddlesticks.jpg using focal points; never stretch.
champion:fiddlesticks:generated_hero_16x9,char:fiddlesticks,CHAMPION,Fiddlesticks,GENERATED_HERO_16X9,champions/generated/fiddlesticks-hero-16x9.webp,,,DERIVED_FROM_RIOT_MASTER,"Riot Games, Inc.",,,16:9,0.50,0.50,0.50,0.40,FOCAL_CROP,GENERATE_AFTER_MASTER,NEEDS_VISUAL_QA,Derive from champions/master/fiddlesticks.jpg using focal points; never stretch.
champion:fiddlesticks:generated_cinematic_9x16,char:fiddlesticks,CHAMPION,Fiddlesticks,GENERATED_CINEMATIC_9X16,champions/generated/fiddlesticks-cinematic-9x16.webp,,,DERIVED_FROM_RIOT_MASTER,"Riot Games, Inc.",,,9:16,0.50,0.50,0.50,0.40,FOCAL_CROP,GENERATE_AFTER_MASTER,NEEDS_VISUAL_QA,Derive from champions/master/fiddlesticks.jpg using focal points; never stretch.
champion:fiora:master,char:fiora,CHAMPION,Fiora,MASTER_SPLASH,champions/master/fiora.jpg,https://ddragon.leagueoflegends.com/cdn/img/champion/splash/Fiora_0.jpg,https://www.leagueoflegends.com/en-us/champions/fiora/,RIOT_DATA_DRAGON,"Riot Games, Inc.",1200,700,~1.69:1,0.50,0.50,0.50,0.40,FOCAL_CROP,PENDING,NEEDS_VISUAL_QA,Official base splash. Use as master for derived crops; do not upscale low-res portrait assets.
champion:fiora:loading,char:fiora,CHAMPION,Fiora,NATIVE_LOADING,champions/master/fiora-loading.jpg,https://ddragon.leagueoflegends.com/cdn/img/champion/loading/Fiora_0.jpg,https://www.leagueoflegends.com/en-us/champions/fiora/,RIOT_DATA_DRAGON,"Riot Games, Inc.",300,550,~9:16,0.50,0.50,0.50,0.40,FOCAL_CROP,PENDING,NEEDS_VISUAL_QA,"Official loading art; useful as fallback in vertical contexts, but cinematic should prefer master splash crop if quality is better."
champion:fiora:generated_portrait_512,char:fiora,CHAMPION,Fiora,GENERATED_PORTRAIT_512,champions/generated/fiora-portrait-512.webp,,,DERIVED_FROM_RIOT_MASTER,"Riot Games, Inc.",,,1:1,0.50,0.50,0.50,0.40,FOCAL_CROP,GENERATE_AFTER_MASTER,NEEDS_VISUAL_QA,Derive from champions/master/fiora.jpg using focal points; never stretch.
champion:fiora:generated_card_4x5,char:fiora,CHAMPION,Fiora,GENERATED_CARD_4X5,champions/generated/fiora-card-4x5.webp,,,DERIVED_FROM_RIOT_MASTER,"Riot Games, Inc.",,,4:5,0.50,0.50,0.50,0.40,FOCAL_CROP,GENERATE_AFTER_MASTER,NEEDS_VISUAL_QA,Derive from champions/master/fiora.jpg using focal points; never stretch.
champion:fiora:generated_hero_16x9,char:fiora,CHAMPION,Fiora,GENERATED_HERO_16X9,champions/generated/fiora-hero-16x9.webp,,,DERIVED_FROM_RIOT_MASTER,"Riot Games, Inc.",,,16:9,0.50,0.50,0.50,0.40,FOCAL_CROP,GENERATE_AFTER_MASTER,NEEDS_VISUAL_QA,Derive from champions/master/fiora.jpg using focal points; never stretch.
champion:fiora:generated_cinematic_9x16,char:fiora,CHAMPION,Fiora,GENERATED_CINEMATIC_9X16,champions/generated/fiora-cinematic-9x16.webp,,,DERIVED_FROM_RIOT_MASTER,"Riot Games, Inc.",,,9:16,0.50,0.50,0.50,0.40,FOCAL_CROP,GENERATE_AFTER_MASTER,NEEDS_VISUAL_QA,Derive from champions/master/fiora.jpg using focal points; never stretch.
champion:fizz:master,char:fizz,CHAMPION,Fizz,MASTER_SPLASH,champions/master/fizz.jpg,https://ddragon.leagueoflegends.com/cdn/img/champion/splash/Fizz_0.jpg,https://www.leagueoflegends.com/en-us/champions/fizz/,RIOT_DATA_DRAGON,"Riot Games, Inc.",1200,700,~1.69:1,0.50,0.50,0.50,0.40,FOCAL_CROP,PENDING,NEEDS_VISUAL_QA,Official base splash. Use as master for derived crops; do not upscale low-res portrait assets.
champion:fizz:loading,char:fizz,CHAMPION,Fizz,NATIVE_LOADING,champions/master/fizz-loading.jpg,https://ddragon.leagueoflegends.com/cdn/img/champion/loading/Fizz_0.jpg,https://www.leagueoflegends.com/en-us/champions/fizz/,RIOT_DATA_DRAGON,"Riot Games, Inc.",300,550,~9:16,0.50,0.50,0.50,0.40,FOCAL_CROP,PENDING,NEEDS_VISUAL_QA,"Official loading art; useful as fallback in vertical contexts, but cinematic should prefer master splash crop if quality is better."
champion:fizz:generated_portrait_512,char:fizz,CHAMPION,Fizz,GENERATED_PORTRAIT_512,champions/generated/fizz-portrait-512.webp,,,DERIVED_FROM_RIOT_MASTER,"Riot Games, Inc.",,,1:1,0.50,0.50,0.50,0.40,FOCAL_CROP,GENERATE_AFTER_MASTER,NEEDS_VISUAL_QA,Derive from champions/master/fizz.jpg using focal points; never stretch.
champion:fizz:generated_card_4x5,char:fizz,CHAMPION,Fizz,GENERATED_CARD_4X5,champions/generated/fizz-card-4x5.webp,,,DERIVED_FROM_RIOT_MASTER,"Riot Games, Inc.",,,4:5,0.50,0.50,0.50,0.40,FOCAL_CROP,GENERATE_AFTER_MASTER,NEEDS_VISUAL_QA,Derive from champions/master/fizz.jpg using focal points; never stretch.
champion:fizz:generated_hero_16x9,char:fizz,CHAMPION,Fizz,GENERATED_HERO_16X9,champions/generated/fizz-hero-16x9.webp,,,DERIVED_FROM_RIOT_MASTER,"Riot Games, Inc.",,,16:9,0.50,0.50,0.50,0.40,FOCAL_CROP,GENERATE_AFTER_MASTER,NEEDS_VISUAL_QA,Derive from champions/master/fizz.jpg using focal points; never stretch.
champion:fizz:generated_cinematic_9x16,char:fizz,CHAMPION,Fizz,GENERATED_CINEMATIC_9X16,champions/generated/fizz-cinematic-9x16.webp,,,DERIVED_FROM_RIOT_MASTER,"Riot Games, Inc.",,,9:16,0.50,0.50,0.50,0.40,FOCAL_CROP,GENERATE_AFTER_MASTER,NEEDS_VISUAL_QA,Derive from champions/master/fizz.jpg using focal points; never stretch.
champion:galio:master,char:galio,CHAMPION,Galio,MASTER_SPLASH,champions/master/galio.jpg,https://ddragon.leagueoflegends.com/cdn/img/champion/splash/Galio_0.jpg,https://www.leagueoflegends.com/en-us/champions/galio/,RIOT_DATA_DRAGON,"Riot Games, Inc.",1200,700,~1.69:1,0.50,0.50,0.50,0.40,FOCAL_CROP,PENDING,NEEDS_VISUAL_QA,Official base splash. Use as master for derived crops; do not upscale low-res portrait assets.
champion:galio:loading,char:galio,CHAMPION,Galio,NATIVE_LOADING,champions/master/galio-loading.jpg,https://ddragon.leagueoflegends.com/cdn/img/champion/loading/Galio_0.jpg,https://www.leagueoflegends.com/en-us/champions/galio/,RIOT_DATA_DRAGON,"Riot Games, Inc.",300,550,~9:16,0.50,0.50,0.50,0.40,FOCAL_CROP,PENDING,NEEDS_VISUAL_QA,"Official loading art; useful as fallback in vertical contexts, but cinematic should prefer master splash crop if quality is better."
champion:galio:generated_portrait_512,char:galio,CHAMPION,Galio,GENERATED_PORTRAIT_512,champions/generated/galio-portrait-512.webp,,,DERIVED_FROM_RIOT_MASTER,"Riot Games, Inc.",,,1:1,0.50,0.50,0.50,0.40,FOCAL_CROP,GENERATE_AFTER_MASTER,NEEDS_VISUAL_QA,Derive from champions/master/galio.jpg using focal points; never stretch.
champion:galio:generated_card_4x5,char:galio,CHAMPION,Galio,GENERATED_CARD_4X5,champions/generated/galio-card-4x5.webp,,,DERIVED_FROM_RIOT_MASTER,"Riot Games, Inc.",,,4:5,0.50,0.50,0.50,0.40,FOCAL_CROP,GENERATE_AFTER_MASTER,NEEDS_VISUAL_QA,Derive from champions/master/galio.jpg using focal points; never stretch.
champion:galio:generated_hero_16x9,char:galio,CHAMPION,Galio,GENERATED_HERO_16X9,champions/generated/galio-hero-16x9.webp,,,DERIVED_FROM_RIOT_MASTER,"Riot Games, Inc.",,,16:9,0.50,0.50,0.50,0.40,FOCAL_CROP,GENERATE_AFTER_MASTER,NEEDS_VISUAL_QA,Derive from champions/master/galio.jpg using focal points; never stretch.
champion:galio:generated_cinematic_9x16,char:galio,CHAMPION,Galio,GENERATED_CINEMATIC_9X16,champions/generated/galio-cinematic-9x16.webp,,,DERIVED_FROM_RIOT_MASTER,"Riot Games, Inc.",,,9:16,0.50,0.50,0.50,0.40,FOCAL_CROP,GENERATE_AFTER_MASTER,NEEDS_VISUAL_QA,Derive from champions/master/galio.jpg using focal points; never stretch.
champion:gangplank:master,char:gangplank,CHAMPION,Gangplank,MASTER_SPLASH,champions/master/gangplank.jpg,https://ddragon.leagueoflegends.com/cdn/img/champion/splash/Gangplank_0.jpg,https://www.leagueoflegends.com/en-us/champions/gangplank/,RIOT_DATA_DRAGON,"Riot Games, Inc.",1200,700,~1.69:1,0.50,0.50,0.50,0.40,FOCAL_CROP,PENDING,NEEDS_VISUAL_QA,Official base splash. Use as master for derived crops; do not upscale low-res portrait assets.
champion:gangplank:loading,char:gangplank,CHAMPION,Gangplank,NATIVE_LOADING,champions/master/gangplank-loading.jpg,https://ddragon.leagueoflegends.com/cdn/img/champion/loading/Gangplank_0.jpg,https://www.leagueoflegends.com/en-us/champions/gangplank/,RIOT_DATA_DRAGON,"Riot Games, Inc.",300,550,~9:16,0.50,0.50,0.50,0.40,FOCAL_CROP,PENDING,NEEDS_VISUAL_QA,"Official loading art; useful as fallback in vertical contexts, but cinematic should prefer master splash crop if quality is better."
champion:gangplank:generated_portrait_512,char:gangplank,CHAMPION,Gangplank,GENERATED_PORTRAIT_512,champions/generated/gangplank-portrait-512.webp,,,DERIVED_FROM_RIOT_MASTER,"Riot Games, Inc.",,,1:1,0.50,0.50,0.50,0.40,FOCAL_CROP,GENERATE_AFTER_MASTER,NEEDS_VISUAL_QA,Derive from champions/master/gangplank.jpg using focal points; never stretch.
champion:gangplank:generated_card_4x5,char:gangplank,CHAMPION,Gangplank,GENERATED_CARD_4X5,champions/generated/gangplank-card-4x5.webp,,,DERIVED_FROM_RIOT_MASTER,"Riot Games, Inc.",,,4:5,0.50,0.50,0.50,0.40,FOCAL_CROP,GENERATE_AFTER_MASTER,NEEDS_VISUAL_QA,Derive from champions/master/gangplank.jpg using focal points; never stretch.
champion:gangplank:generated_hero_16x9,char:gangplank,CHAMPION,Gangplank,GENERATED_HERO_16X9,champions/generated/gangplank-hero-16x9.webp,,,DERIVED_FROM_RIOT_MASTER,"Riot Games, Inc.",,,16:9,0.50,0.50,0.50,0.40,FOCAL_CROP,GENERATE_AFTER_MASTER,NEEDS_VISUAL_QA,Derive from champions/master/gangplank.jpg using focal points; never stretch.
champion:gangplank:generated_cinematic_9x16,char:gangplank,CHAMPION,Gangplank,GENERATED_CINEMATIC_9X16,champions/generated/gangplank-cinematic-9x16.webp,,,DERIVED_FROM_RIOT_MASTER,"Riot Games, Inc.",,,9:16,0.50,0.50,0.50,0.40,FOCAL_CROP,GENERATE_AFTER_MASTER,NEEDS_VISUAL_QA,Derive from champions/master/gangplank.jpg using focal points; never stretch.
champion:garen:master,char:garen,CHAMPION,Garen,MASTER_SPLASH,champions/master/garen.jpg,https://ddragon.leagueoflegends.com/cdn/img/champion/splash/Garen_0.jpg,https://www.leagueoflegends.com/en-us/champions/garen/,RIOT_DATA_DRAGON,"Riot Games, Inc.",1200,700,~1.69:1,0.50,0.50,0.50,0.40,FOCAL_CROP,PENDING,NEEDS_VISUAL_QA,Official base splash. Use as master for derived crops; do not upscale low-res portrait assets.
champion:garen:loading,char:garen,CHAMPION,Garen,NATIVE_LOADING,champions/master/garen-loading.jpg,https://ddragon.leagueoflegends.com/cdn/img/champion/loading/Garen_0.jpg,https://www.leagueoflegends.com/en-us/champions/garen/,RIOT_DATA_DRAGON,"Riot Games, Inc.",300,550,~9:16,0.50,0.50,0.50,0.40,FOCAL_CROP,PENDING,NEEDS_VISUAL_QA,"Official loading art; useful as fallback in vertical contexts, but cinematic should prefer master splash crop if quality is better."
champion:garen:generated_portrait_512,char:garen,CHAMPION,Garen,GENERATED_PORTRAIT_512,champions/generated/garen-portrait-512.webp,,,DERIVED_FROM_RIOT_MASTER,"Riot Games, Inc.",,,1:1,0.50,0.50,0.50,0.40,FOCAL_CROP,GENERATE_AFTER_MASTER,NEEDS_VISUAL_QA,Derive from champions/master/garen.jpg using focal points; never stretch.
champion:garen:generated_card_4x5,char:garen,CHAMPION,Garen,GENERATED_CARD_4X5,champions/generated/garen-card-4x5.webp,,,DERIVED_FROM_RIOT_MASTER,"Riot Games, Inc.",,,4:5,0.50,0.50,0.50,0.40,FOCAL_CROP,GENERATE_AFTER_MASTER,NEEDS_VISUAL_QA,Derive from champions/master/garen.jpg using focal points; never stretch.
champion:garen:generated_hero_16x9,char:garen,CHAMPION,Garen,GENERATED_HERO_16X9,champions/generated/garen-hero-16x9.webp,,,DERIVED_FROM_RIOT_MASTER,"Riot Games, Inc.",,,16:9,0.50,0.50,0.50,0.40,FOCAL_CROP,GENERATE_AFTER_MASTER,NEEDS_VISUAL_QA,Derive from champions/master/garen.jpg using focal points; never stretch.
champion:garen:generated_cinematic_9x16,char:garen,CHAMPION,Garen,GENERATED_CINEMATIC_9X16,champions/generated/garen-cinematic-9x16.webp,,,DERIVED_FROM_RIOT_MASTER,"Riot Games, Inc.",,,9:16,0.50,0.50,0.50,0.40,FOCAL_CROP,GENERATE_AFTER_MASTER,NEEDS_VISUAL_QA,Derive from champions/master/garen.jpg using focal points; never stretch.
champion:gnar:master,char:gnar,CHAMPION,Gnar,MASTER_SPLASH,champions/master/gnar.jpg,https://ddragon.leagueoflegends.com/cdn/img/champion/splash/Gnar_0.jpg,https://www.leagueoflegends.com/en-us/champions/gnar/,RIOT_DATA_DRAGON,"Riot Games, Inc.",1200,700,~1.69:1,0.50,0.50,0.50,0.40,FOCAL_CROP,PENDING,NEEDS_VISUAL_QA,Official base splash. Use as master for derived crops; do not upscale low-res portrait assets.
champion:gnar:loading,char:gnar,CHAMPION,Gnar,NATIVE_LOADING,champions/master/gnar-loading.jpg,https://ddragon.leagueoflegends.com/cdn/img/champion/loading/Gnar_0.jpg,https://www.leagueoflegends.com/en-us/champions/gnar/,RIOT_DATA_DRAGON,"Riot Games, Inc.",300,550,~9:16,0.50,0.50,0.50,0.40,FOCAL_CROP,PENDING,NEEDS_VISUAL_QA,"Official loading art; useful as fallback in vertical contexts, but cinematic should prefer master splash crop if quality is better."
champion:gnar:generated_portrait_512,char:gnar,CHAMPION,Gnar,GENERATED_PORTRAIT_512,champions/generated/gnar-portrait-512.webp,,,DERIVED_FROM_RIOT_MASTER,"Riot Games, Inc.",,,1:1,0.50,0.50,0.50,0.40,FOCAL_CROP,GENERATE_AFTER_MASTER,NEEDS_VISUAL_QA,Derive from champions/master/gnar.jpg using focal points; never stretch.
champion:gnar:generated_card_4x5,char:gnar,CHAMPION,Gnar,GENERATED_CARD_4X5,champions/generated/gnar-card-4x5.webp,,,DERIVED_FROM_RIOT_MASTER,"Riot Games, Inc.",,,4:5,0.50,0.50,0.50,0.40,FOCAL_CROP,GENERATE_AFTER_MASTER,NEEDS_VISUAL_QA,Derive from champions/master/gnar.jpg using focal points; never stretch.
champion:gnar:generated_hero_16x9,char:gnar,CHAMPION,Gnar,GENERATED_HERO_16X9,champions/generated/gnar-hero-16x9.webp,,,DERIVED_FROM_RIOT_MASTER,"Riot Games, Inc.",,,16:9,0.50,0.50,0.50,0.40,FOCAL_CROP,GENERATE_AFTER_MASTER,NEEDS_VISUAL_QA,Derive from champions/master/gnar.jpg using focal points; never stretch.
champion:gnar:generated_cinematic_9x16,char:gnar,CHAMPION,Gnar,GENERATED_CINEMATIC_9X16,champions/generated/gnar-cinematic-9x16.webp,,,DERIVED_FROM_RIOT_MASTER,"Riot Games, Inc.",,,9:16,0.50,0.50,0.50,0.40,FOCAL_CROP,GENERATE_AFTER_MASTER,NEEDS_VISUAL_QA,Derive from champions/master/gnar.jpg using focal points; never stretch.
champion:gragas:master,char:gragas,CHAMPION,Gragas,MASTER_SPLASH,champions/master/gragas.jpg,https://ddragon.leagueoflegends.com/cdn/img/champion/splash/Gragas_0.jpg,https://www.leagueoflegends.com/en-us/champions/gragas/,RIOT_DATA_DRAGON,"Riot Games, Inc.",1200,700,~1.69:1,0.50,0.50,0.50,0.40,FOCAL_CROP,PENDING,NEEDS_VISUAL_QA,Official base splash. Use as master for derived crops; do not upscale low-res portrait assets.
champion:gragas:loading,char:gragas,CHAMPION,Gragas,NATIVE_LOADING,champions/master/gragas-loading.jpg,https://ddragon.leagueoflegends.com/cdn/img/champion/loading/Gragas_0.jpg,https://www.leagueoflegends.com/en-us/champions/gragas/,RIOT_DATA_DRAGON,"Riot Games, Inc.",300,550,~9:16,0.50,0.50,0.50,0.40,FOCAL_CROP,PENDING,NEEDS_VISUAL_QA,"Official loading art; useful as fallback in vertical contexts, but cinematic should prefer master splash crop if quality is better."
champion:gragas:generated_portrait_512,char:gragas,CHAMPION,Gragas,GENERATED_PORTRAIT_512,champions/generated/gragas-portrait-512.webp,,,DERIVED_FROM_RIOT_MASTER,"Riot Games, Inc.",,,1:1,0.50,0.50,0.50,0.40,FOCAL_CROP,GENERATE_AFTER_MASTER,NEEDS_VISUAL_QA,Derive from champions/master/gragas.jpg using focal points; never stretch.
champion:gragas:generated_card_4x5,char:gragas,CHAMPION,Gragas,GENERATED_CARD_4X5,champions/generated/gragas-card-4x5.webp,,,DERIVED_FROM_RIOT_MASTER,"Riot Games, Inc.",,,4:5,0.50,0.50,0.50,0.40,FOCAL_CROP,GENERATE_AFTER_MASTER,NEEDS_VISUAL_QA,Derive from champions/master/gragas.jpg using focal points; never stretch.
champion:gragas:generated_hero_16x9,char:gragas,CHAMPION,Gragas,GENERATED_HERO_16X9,champions/generated/gragas-hero-16x9.webp,,,DERIVED_FROM_RIOT_MASTER,"Riot Games, Inc.",,,16:9,0.50,0.50,0.50,0.40,FOCAL_CROP,GENERATE_AFTER_MASTER,NEEDS_VISUAL_QA,Derive from champions/master/gragas.jpg using focal points; never stretch.
champion:gragas:generated_cinematic_9x16,char:gragas,CHAMPION,Gragas,GENERATED_CINEMATIC_9X16,champions/generated/gragas-cinematic-9x16.webp,,,DERIVED_FROM_RIOT_MASTER,"Riot Games, Inc.",,,9:16,0.50,0.50,0.50,0.40,FOCAL_CROP,GENERATE_AFTER_MASTER,NEEDS_VISUAL_QA,Derive from champions/master/gragas.jpg using focal points; never stretch.
champion:graves:master,char:graves,CHAMPION,Graves,MASTER_SPLASH,champions/master/graves.jpg,https://ddragon.leagueoflegends.com/cdn/img/champion/splash/Graves_0.jpg,https://www.leagueoflegends.com/en-us/champions/graves/,RIOT_DATA_DRAGON,"Riot Games, Inc.",1200,700,~1.69:1,0.50,0.50,0.50,0.40,FOCAL_CROP,PENDING,NEEDS_VISUAL_QA,Official base splash. Use as master for derived crops; do not upscale low-res portrait assets.
champion:graves:loading,char:graves,CHAMPION,Graves,NATIVE_LOADING,champions/master/graves-loading.jpg,https://ddragon.leagueoflegends.com/cdn/img/champion/loading/Graves_0.jpg,https://www.leagueoflegends.com/en-us/champions/graves/,RIOT_DATA_DRAGON,"Riot Games, Inc.",300,550,~9:16,0.50,0.50,0.50,0.40,FOCAL_CROP,PENDING,NEEDS_VISUAL_QA,"Official loading art; useful as fallback in vertical contexts, but cinematic should prefer master splash crop if quality is better."
champion:graves:generated_portrait_512,char:graves,CHAMPION,Graves,GENERATED_PORTRAIT_512,champions/generated/graves-portrait-512.webp,,,DERIVED_FROM_RIOT_MASTER,"Riot Games, Inc.",,,1:1,0.50,0.50,0.50,0.40,FOCAL_CROP,GENERATE_AFTER_MASTER,NEEDS_VISUAL_QA,Derive from champions/master/graves.jpg using focal points; never stretch.
champion:graves:generated_card_4x5,char:graves,CHAMPION,Graves,GENERATED_CARD_4X5,champions/generated/graves-card-4x5.webp,,,DERIVED_FROM_RIOT_MASTER,"Riot Games, Inc.",,,4:5,0.50,0.50,0.50,0.40,FOCAL_CROP,GENERATE_AFTER_MASTER,NEEDS_VISUAL_QA,Derive from champions/master/graves.jpg using focal points; never stretch.
champion:graves:generated_hero_16x9,char:graves,CHAMPION,Graves,GENERATED_HERO_16X9,champions/generated/graves-hero-16x9.webp,,,DERIVED_FROM_RIOT_MASTER,"Riot Games, Inc.",,,16:9,0.50,0.50,0.50,0.40,FOCAL_CROP,GENERATE_AFTER_MASTER,NEEDS_VISUAL_QA,Derive from champions/master/graves.jpg using focal points; never stretch.
champion:graves:generated_cinematic_9x16,char:graves,CHAMPION,Graves,GENERATED_CINEMATIC_9X16,champions/generated/graves-cinematic-9x16.webp,,,DERIVED_FROM_RIOT_MASTER,"Riot Games, Inc.",,,9:16,0.50,0.50,0.50,0.40,FOCAL_CROP,GENERATE_AFTER_MASTER,NEEDS_VISUAL_QA,Derive from champions/master/graves.jpg using focal points; never stretch.
champion:gwen:master,char:gwen,CHAMPION,Gwen,MASTER_SPLASH,champions/master/gwen.jpg,https://ddragon.leagueoflegends.com/cdn/img/champion/splash/Gwen_0.jpg,https://www.leagueoflegends.com/en-us/champions/gwen/,RIOT_DATA_DRAGON,"Riot Games, Inc.",1200,700,~1.69:1,0.50,0.50,0.50,0.40,FOCAL_CROP,PENDING,NEEDS_VISUAL_QA,Official base splash. Use as master for derived crops; do not upscale low-res portrait assets.
champion:gwen:loading,char:gwen,CHAMPION,Gwen,NATIVE_LOADING,champions/master/gwen-loading.jpg,https://ddragon.leagueoflegends.com/cdn/img/champion/loading/Gwen_0.jpg,https://www.leagueoflegends.com/en-us/champions/gwen/,RIOT_DATA_DRAGON,"Riot Games, Inc.",300,550,~9:16,0.50,0.50,0.50,0.40,FOCAL_CROP,PENDING,NEEDS_VISUAL_QA,"Official loading art; useful as fallback in vertical contexts, but cinematic should prefer master splash crop if quality is better."
champion:gwen:generated_portrait_512,char:gwen,CHAMPION,Gwen,GENERATED_PORTRAIT_512,champions/generated/gwen-portrait-512.webp,,,DERIVED_FROM_RIOT_MASTER,"Riot Games, Inc.",,,1:1,0.50,0.50,0.50,0.40,FOCAL_CROP,GENERATE_AFTER_MASTER,NEEDS_VISUAL_QA,Derive from champions/master/gwen.jpg using focal points; never stretch.
champion:gwen:generated_card_4x5,char:gwen,CHAMPION,Gwen,GENERATED_CARD_4X5,champions/generated/gwen-card-4x5.webp,,,DERIVED_FROM_RIOT_MASTER,"Riot Games, Inc.",,,4:5,0.50,0.50,0.50,0.40,FOCAL_CROP,GENERATE_AFTER_MASTER,NEEDS_VISUAL_QA,Derive from champions/master/gwen.jpg using focal points; never stretch.
champion:gwen:generated_hero_16x9,char:gwen,CHAMPION,Gwen,GENERATED_HERO_16X9,champions/generated/gwen-hero-16x9.webp,,,DERIVED_FROM_RIOT_MASTER,"Riot Games, Inc.",,,16:9,0.50,0.50,0.50,0.40,FOCAL_CROP,GENERATE_AFTER_MASTER,NEEDS_VISUAL_QA,Derive from champions/master/gwen.jpg using focal points; never stretch.
champion:gwen:generated_cinematic_9x16,char:gwen,CHAMPION,Gwen,GENERATED_CINEMATIC_9X16,champions/generated/gwen-cinematic-9x16.webp,,,DERIVED_FROM_RIOT_MASTER,"Riot Games, Inc.",,,9:16,0.50,0.50,0.50,0.40,FOCAL_CROP,GENERATE_AFTER_MASTER,NEEDS_VISUAL_QA,Derive from champions/master/gwen.jpg using focal points; never stretch.
champion:hecarim:master,char:hecarim,CHAMPION,Hecarim,MASTER_SPLASH,champions/master/hecarim.jpg,https://ddragon.leagueoflegends.com/cdn/img/champion/splash/Hecarim_0.jpg,https://www.leagueoflegends.com/en-us/champions/hecarim/,RIOT_DATA_DRAGON,"Riot Games, Inc.",1200,700,~1.69:1,0.50,0.50,0.50,0.40,FOCAL_CROP,PENDING,NEEDS_VISUAL_QA,Official base splash. Use as master for derived crops; do not upscale low-res portrait assets.
champion:hecarim:loading,char:hecarim,CHAMPION,Hecarim,NATIVE_LOADING,champions/master/hecarim-loading.jpg,https://ddragon.leagueoflegends.com/cdn/img/champion/loading/Hecarim_0.jpg,https://www.leagueoflegends.com/en-us/champions/hecarim/,RIOT_DATA_DRAGON,"Riot Games, Inc.",300,550,~9:16,0.50,0.50,0.50,0.40,FOCAL_CROP,PENDING,NEEDS_VISUAL_QA,"Official loading art; useful as fallback in vertical contexts, but cinematic should prefer master splash crop if quality is better."
champion:hecarim:generated_portrait_512,char:hecarim,CHAMPION,Hecarim,GENERATED_PORTRAIT_512,champions/generated/hecarim-portrait-512.webp,,,DERIVED_FROM_RIOT_MASTER,"Riot Games, Inc.",,,1:1,0.50,0.50,0.50,0.40,FOCAL_CROP,GENERATE_AFTER_MASTER,NEEDS_VISUAL_QA,Derive from champions/master/hecarim.jpg using focal points; never stretch.
champion:hecarim:generated_card_4x5,char:hecarim,CHAMPION,Hecarim,GENERATED_CARD_4X5,champions/generated/hecarim-card-4x5.webp,,,DERIVED_FROM_RIOT_MASTER,"Riot Games, Inc.",,,4:5,0.50,0.50,0.50,0.40,FOCAL_CROP,GENERATE_AFTER_MASTER,NEEDS_VISUAL_QA,Derive from champions/master/hecarim.jpg using focal points; never stretch.
champion:hecarim:generated_hero_16x9,char:hecarim,CHAMPION,Hecarim,GENERATED_HERO_16X9,champions/generated/hecarim-hero-16x9.webp,,,DERIVED_FROM_RIOT_MASTER,"Riot Games, Inc.",,,16:9,0.50,0.50,0.50,0.40,FOCAL_CROP,GENERATE_AFTER_MASTER,NEEDS_VISUAL_QA,Derive from champions/master/hecarim.jpg using focal points; never stretch.
champion:hecarim:generated_cinematic_9x16,char:hecarim,CHAMPION,Hecarim,GENERATED_CINEMATIC_9X16,champions/generated/hecarim-cinematic-9x16.webp,,,DERIVED_FROM_RIOT_MASTER,"Riot Games, Inc.",,,9:16,0.50,0.50,0.50,0.40,FOCAL_CROP,GENERATE_AFTER_MASTER,NEEDS_VISUAL_QA,Derive from champions/master/hecarim.jpg using focal points; never stretch.
champion:heimerdinger:master,char:heimerdinger,CHAMPION,Heimerdinger,MASTER_SPLASH,champions/master/heimerdinger.jpg,https://ddragon.leagueoflegends.com/cdn/img/champion/splash/Heimerdinger_0.jpg,https://www.leagueoflegends.com/en-us/champions/heimerdinger/,RIOT_DATA_DRAGON,"Riot Games, Inc.",1200,700,~1.69:1,0.50,0.50,0.50,0.40,FOCAL_CROP,PENDING,NEEDS_VISUAL_QA,Official base splash. Use as master for derived crops; do not upscale low-res portrait assets.
champion:heimerdinger:loading,char:heimerdinger,CHAMPION,Heimerdinger,NATIVE_LOADING,champions/master/heimerdinger-loading.jpg,https://ddragon.leagueoflegends.com/cdn/img/champion/loading/Heimerdinger_0.jpg,https://www.leagueoflegends.com/en-us/champions/heimerdinger/,RIOT_DATA_DRAGON,"Riot Games, Inc.",300,550,~9:16,0.50,0.50,0.50,0.40,FOCAL_CROP,PENDING,NEEDS_VISUAL_QA,"Official loading art; useful as fallback in vertical contexts, but cinematic should prefer master splash crop if quality is better."
champion:heimerdinger:generated_portrait_512,char:heimerdinger,CHAMPION,Heimerdinger,GENERATED_PORTRAIT_512,champions/generated/heimerdinger-portrait-512.webp,,,DERIVED_FROM_RIOT_MASTER,"Riot Games, Inc.",,,1:1,0.50,0.50,0.50,0.40,FOCAL_CROP,GENERATE_AFTER_MASTER,NEEDS_VISUAL_QA,Derive from champions/master/heimerdinger.jpg using focal points; never stretch.
champion:heimerdinger:generated_card_4x5,char:heimerdinger,CHAMPION,Heimerdinger,GENERATED_CARD_4X5,champions/generated/heimerdinger-card-4x5.webp,,,DERIVED_FROM_RIOT_MASTER,"Riot Games, Inc.",,,4:5,0.50,0.50,0.50,0.40,FOCAL_CROP,GENERATE_AFTER_MASTER,NEEDS_VISUAL_QA,Derive from champions/master/heimerdinger.jpg using focal points; never stretch.
champion:heimerdinger:generated_hero_16x9,char:heimerdinger,CHAMPION,Heimerdinger,GENERATED_HERO_16X9,champions/generated/heimerdinger-hero-16x9.webp,,,DERIVED_FROM_RIOT_MASTER,"Riot Games, Inc.",,,16:9,0.50,0.50,0.50,0.40,FOCAL_CROP,GENERATE_AFTER_MASTER,NEEDS_VISUAL_QA,Derive from champions/master/heimerdinger.jpg using focal points; never stretch.
champion:heimerdinger:generated_cinematic_9x16,char:heimerdinger,CHAMPION,Heimerdinger,GENERATED_CINEMATIC_9X16,champions/generated/heimerdinger-cinematic-9x16.webp,,,DERIVED_FROM_RIOT_MASTER,"Riot Games, Inc.",,,9:16,0.50,0.50,0.50,0.40,FOCAL_CROP,GENERATE_AFTER_MASTER,NEEDS_VISUAL_QA,Derive from champions/master/heimerdinger.jpg using focal points; never stretch.
champion:hwei:master,char:hwei,CHAMPION,Hwei,MASTER_SPLASH,champions/master/hwei.jpg,https://ddragon.leagueoflegends.com/cdn/img/champion/splash/Hwei_0.jpg,https://www.leagueoflegends.com/en-us/champions/hwei/,RIOT_DATA_DRAGON,"Riot Games, Inc.",1200,700,~1.69:1,0.50,0.50,0.50,0.40,FOCAL_CROP,PENDING,NEEDS_VISUAL_QA,Official base splash. Use as master for derived crops; do not upscale low-res portrait assets.
champion:hwei:loading,char:hwei,CHAMPION,Hwei,NATIVE_LOADING,champions/master/hwei-loading.jpg,https://ddragon.leagueoflegends.com/cdn/img/champion/loading/Hwei_0.jpg,https://www.leagueoflegends.com/en-us/champions/hwei/,RIOT_DATA_DRAGON,"Riot Games, Inc.",300,550,~9:16,0.50,0.50,0.50,0.40,FOCAL_CROP,PENDING,NEEDS_VISUAL_QA,"Official loading art; useful as fallback in vertical contexts, but cinematic should prefer master splash crop if quality is better."
champion:hwei:generated_portrait_512,char:hwei,CHAMPION,Hwei,GENERATED_PORTRAIT_512,champions/generated/hwei-portrait-512.webp,,,DERIVED_FROM_RIOT_MASTER,"Riot Games, Inc.",,,1:1,0.50,0.50,0.50,0.40,FOCAL_CROP,GENERATE_AFTER_MASTER,NEEDS_VISUAL_QA,Derive from champions/master/hwei.jpg using focal points; never stretch.
champion:hwei:generated_card_4x5,char:hwei,CHAMPION,Hwei,GENERATED_CARD_4X5,champions/generated/hwei-card-4x5.webp,,,DERIVED_FROM_RIOT_MASTER,"Riot Games, Inc.",,,4:5,0.50,0.50,0.50,0.40,FOCAL_CROP,GENERATE_AFTER_MASTER,NEEDS_VISUAL_QA,Derive from champions/master/hwei.jpg using focal points; never stretch.
champion:hwei:generated_hero_16x9,char:hwei,CHAMPION,Hwei,GENERATED_HERO_16X9,champions/generated/hwei-hero-16x9.webp,,,DERIVED_FROM_RIOT_MASTER,"Riot Games, Inc.",,,16:9,0.50,0.50,0.50,0.40,FOCAL_CROP,GENERATE_AFTER_MASTER,NEEDS_VISUAL_QA,Derive from champions/master/hwei.jpg using focal points; never stretch.
champion:hwei:generated_cinematic_9x16,char:hwei,CHAMPION,Hwei,GENERATED_CINEMATIC_9X16,champions/generated/hwei-cinematic-9x16.webp,,,DERIVED_FROM_RIOT_MASTER,"Riot Games, Inc.",,,9:16,0.50,0.50,0.50,0.40,FOCAL_CROP,GENERATE_AFTER_MASTER,NEEDS_VISUAL_QA,Derive from champions/master/hwei.jpg using focal points; never stretch.
champion:illaoi:master,char:illaoi,CHAMPION,Illaoi,MASTER_SPLASH,champions/master/illaoi.jpg,https://ddragon.leagueoflegends.com/cdn/img/champion/splash/Illaoi_0.jpg,https://www.leagueoflegends.com/en-us/champions/illaoi/,RIOT_DATA_DRAGON,"Riot Games, Inc.",1200,700,~1.69:1,0.50,0.50,0.50,0.40,FOCAL_CROP,PENDING,NEEDS_VISUAL_QA,Official base splash. Use as master for derived crops; do not upscale low-res portrait assets.
champion:illaoi:loading,char:illaoi,CHAMPION,Illaoi,NATIVE_LOADING,champions/master/illaoi-loading.jpg,https://ddragon.leagueoflegends.com/cdn/img/champion/loading/Illaoi_0.jpg,https://www.leagueoflegends.com/en-us/champions/illaoi/,RIOT_DATA_DRAGON,"Riot Games, Inc.",300,550,~9:16,0.50,0.50,0.50,0.40,FOCAL_CROP,PENDING,NEEDS_VISUAL_QA,"Official loading art; useful as fallback in vertical contexts, but cinematic should prefer master splash crop if quality is better."
champion:illaoi:generated_portrait_512,char:illaoi,CHAMPION,Illaoi,GENERATED_PORTRAIT_512,champions/generated/illaoi-portrait-512.webp,,,DERIVED_FROM_RIOT_MASTER,"Riot Games, Inc.",,,1:1,0.50,0.50,0.50,0.40,FOCAL_CROP,GENERATE_AFTER_MASTER,NEEDS_VISUAL_QA,Derive from champions/master/illaoi.jpg using focal points; never stretch.
champion:illaoi:generated_card_4x5,char:illaoi,CHAMPION,Illaoi,GENERATED_CARD_4X5,champions/generated/illaoi-card-4x5.webp,,,DERIVED_FROM_RIOT_MASTER,"Riot Games, Inc.",,,4:5,0.50,0.50,0.50,0.40,FOCAL_CROP,GENERATE_AFTER_MASTER,NEEDS_VISUAL_QA,Derive from champions/master/illaoi.jpg using focal points; never stretch.
champion:illaoi:generated_hero_16x9,char:illaoi,CHAMPION,Illaoi,GENERATED_HERO_16X9,champions/generated/illaoi-hero-16x9.webp,,,DERIVED_FROM_RIOT_MASTER,"Riot Games, Inc.",,,16:9,0.50,0.50,0.50,0.40,FOCAL_CROP,GENERATE_AFTER_MASTER,NEEDS_VISUAL_QA,Derive from champions/master/illaoi.jpg using focal points; never stretch.
champion:illaoi:generated_cinematic_9x16,char:illaoi,CHAMPION,Illaoi,GENERATED_CINEMATIC_9X16,champions/generated/illaoi-cinematic-9x16.webp,,,DERIVED_FROM_RIOT_MASTER,"Riot Games, Inc.",,,9:16,0.50,0.50,0.50,0.40,FOCAL_CROP,GENERATE_AFTER_MASTER,NEEDS_VISUAL_QA,Derive from champions/master/illaoi.jpg using focal points; never stretch.
champion:irelia:master,char:irelia,CHAMPION,Irelia,MASTER_SPLASH,champions/master/irelia.jpg,https://ddragon.leagueoflegends.com/cdn/img/champion/splash/Irelia_0.jpg,https://www.leagueoflegends.com/en-us/champions/irelia/,RIOT_DATA_DRAGON,"Riot Games, Inc.",1200,700,~1.69:1,0.50,0.50,0.50,0.40,FOCAL_CROP,PENDING,NEEDS_VISUAL_QA,Official base splash. Use as master for derived crops; do not upscale low-res portrait assets.
champion:irelia:loading,char:irelia,CHAMPION,Irelia,NATIVE_LOADING,champions/master/irelia-loading.jpg,https://ddragon.leagueoflegends.com/cdn/img/champion/loading/Irelia_0.jpg,https://www.leagueoflegends.com/en-us/champions/irelia/,RIOT_DATA_DRAGON,"Riot Games, Inc.",300,550,~9:16,0.50,0.50,0.50,0.40,FOCAL_CROP,PENDING,NEEDS_VISUAL_QA,"Official loading art; useful as fallback in vertical contexts, but cinematic should prefer master splash crop if quality is better."
champion:irelia:generated_portrait_512,char:irelia,CHAMPION,Irelia,GENERATED_PORTRAIT_512,champions/generated/irelia-portrait-512.webp,,,DERIVED_FROM_RIOT_MASTER,"Riot Games, Inc.",,,1:1,0.50,0.50,0.50,0.40,FOCAL_CROP,GENERATE_AFTER_MASTER,NEEDS_VISUAL_QA,Derive from champions/master/irelia.jpg using focal points; never stretch.
champion:irelia:generated_card_4x5,char:irelia,CHAMPION,Irelia,GENERATED_CARD_4X5,champions/generated/irelia-card-4x5.webp,,,DERIVED_FROM_RIOT_MASTER,"Riot Games, Inc.",,,4:5,0.50,0.50,0.50,0.40,FOCAL_CROP,GENERATE_AFTER_MASTER,NEEDS_VISUAL_QA,Derive from champions/master/irelia.jpg using focal points; never stretch.
champion:irelia:generated_hero_16x9,char:irelia,CHAMPION,Irelia,GENERATED_HERO_16X9,champions/generated/irelia-hero-16x9.webp,,,DERIVED_FROM_RIOT_MASTER,"Riot Games, Inc.",,,16:9,0.50,0.50,0.50,0.40,FOCAL_CROP,GENERATE_AFTER_MASTER,NEEDS_VISUAL_QA,Derive from champions/master/irelia.jpg using focal points; never stretch.
champion:irelia:generated_cinematic_9x16,char:irelia,CHAMPION,Irelia,GENERATED_CINEMATIC_9X16,champions/generated/irelia-cinematic-9x16.webp,,,DERIVED_FROM_RIOT_MASTER,"Riot Games, Inc.",,,9:16,0.50,0.50,0.50,0.40,FOCAL_CROP,GENERATE_AFTER_MASTER,NEEDS_VISUAL_QA,Derive from champions/master/irelia.jpg using focal points; never stretch.
champion:ivern:master,char:ivern,CHAMPION,Ivern,MASTER_SPLASH,champions/master/ivern.jpg,https://ddragon.leagueoflegends.com/cdn/img/champion/splash/Ivern_0.jpg,https://www.leagueoflegends.com/en-us/champions/ivern/,RIOT_DATA_DRAGON,"Riot Games, Inc.",1200,700,~1.69:1,0.50,0.50,0.50,0.40,FOCAL_CROP,PENDING,NEEDS_VISUAL_QA,Official base splash. Use as master for derived crops; do not upscale low-res portrait assets.
champion:ivern:loading,char:ivern,CHAMPION,Ivern,NATIVE_LOADING,champions/master/ivern-loading.jpg,https://ddragon.leagueoflegends.com/cdn/img/champion/loading/Ivern_0.jpg,https://www.leagueoflegends.com/en-us/champions/ivern/,RIOT_DATA_DRAGON,"Riot Games, Inc.",300,550,~9:16,0.50,0.50,0.50,0.40,FOCAL_CROP,PENDING,NEEDS_VISUAL_QA,"Official loading art; useful as fallback in vertical contexts, but cinematic should prefer master splash crop if quality is better."
champion:ivern:generated_portrait_512,char:ivern,CHAMPION,Ivern,GENERATED_PORTRAIT_512,champions/generated/ivern-portrait-512.webp,,,DERIVED_FROM_RIOT_MASTER,"Riot Games, Inc.",,,1:1,0.50,0.50,0.50,0.40,FOCAL_CROP,GENERATE_AFTER_MASTER,NEEDS_VISUAL_QA,Derive from champions/master/ivern.jpg using focal points; never stretch.
champion:ivern:generated_card_4x5,char:ivern,CHAMPION,Ivern,GENERATED_CARD_4X5,champions/generated/ivern-card-4x5.webp,,,DERIVED_FROM_RIOT_MASTER,"Riot Games, Inc.",,,4:5,0.50,0.50,0.50,0.40,FOCAL_CROP,GENERATE_AFTER_MASTER,NEEDS_VISUAL_QA,Derive from champions/master/ivern.jpg using focal points; never stretch.
champion:ivern:generated_hero_16x9,char:ivern,CHAMPION,Ivern,GENERATED_HERO_16X9,champions/generated/ivern-hero-16x9.webp,,,DERIVED_FROM_RIOT_MASTER,"Riot Games, Inc.",,,16:9,0.50,0.50,0.50,0.40,FOCAL_CROP,GENERATE_AFTER_MASTER,NEEDS_VISUAL_QA,Derive from champions/master/ivern.jpg using focal points; never stretch.
champion:ivern:generated_cinematic_9x16,char:ivern,CHAMPION,Ivern,GENERATED_CINEMATIC_9X16,champions/generated/ivern-cinematic-9x16.webp,,,DERIVED_FROM_RIOT_MASTER,"Riot Games, Inc.",,,9:16,0.50,0.50,0.50,0.40,FOCAL_CROP,GENERATE_AFTER_MASTER,NEEDS_VISUAL_QA,Derive from champions/master/ivern.jpg using focal points; never stretch.
champion:janna:master,char:janna,CHAMPION,Janna,MASTER_SPLASH,champions/master/janna.jpg,https://ddragon.leagueoflegends.com/cdn/img/champion/splash/Janna_0.jpg,https://www.leagueoflegends.com/en-us/champions/janna/,RIOT_DATA_DRAGON,"Riot Games, Inc.",1200,700,~1.69:1,0.50,0.50,0.50,0.40,FOCAL_CROP,PENDING,NEEDS_VISUAL_QA,Official base splash. Use as master for derived crops; do not upscale low-res portrait assets.
champion:janna:loading,char:janna,CHAMPION,Janna,NATIVE_LOADING,champions/master/janna-loading.jpg,https://ddragon.leagueoflegends.com/cdn/img/champion/loading/Janna_0.jpg,https://www.leagueoflegends.com/en-us/champions/janna/,RIOT_DATA_DRAGON,"Riot Games, Inc.",300,550,~9:16,0.50,0.50,0.50,0.40,FOCAL_CROP,PENDING,NEEDS_VISUAL_QA,"Official loading art; useful as fallback in vertical contexts, but cinematic should prefer master splash crop if quality is better."
champion:janna:generated_portrait_512,char:janna,CHAMPION,Janna,GENERATED_PORTRAIT_512,champions/generated/janna-portrait-512.webp,,,DERIVED_FROM_RIOT_MASTER,"Riot Games, Inc.",,,1:1,0.50,0.50,0.50,0.40,FOCAL_CROP,GENERATE_AFTER_MASTER,NEEDS_VISUAL_QA,Derive from champions/master/janna.jpg using focal points; never stretch.
champion:janna:generated_card_4x5,char:janna,CHAMPION,Janna,GENERATED_CARD_4X5,champions/generated/janna-card-4x5.webp,,,DERIVED_FROM_RIOT_MASTER,"Riot Games, Inc.",,,4:5,0.50,0.50,0.50,0.40,FOCAL_CROP,GENERATE_AFTER_MASTER,NEEDS_VISUAL_QA,Derive from champions/master/janna.jpg using focal points; never stretch.
champion:janna:generated_hero_16x9,char:janna,CHAMPION,Janna,GENERATED_HERO_16X9,champions/generated/janna-hero-16x9.webp,,,DERIVED_FROM_RIOT_MASTER,"Riot Games, Inc.",,,16:9,0.50,0.50,0.50,0.40,FOCAL_CROP,GENERATE_AFTER_MASTER,NEEDS_VISUAL_QA,Derive from champions/master/janna.jpg using focal points; never stretch.
champion:janna:generated_cinematic_9x16,char:janna,CHAMPION,Janna,GENERATED_CINEMATIC_9X16,champions/generated/janna-cinematic-9x16.webp,,,DERIVED_FROM_RIOT_MASTER,"Riot Games, Inc.",,,9:16,0.50,0.50,0.50,0.40,FOCAL_CROP,GENERATE_AFTER_MASTER,NEEDS_VISUAL_QA,Derive from champions/master/janna.jpg using focal points; never stretch.
champion:jarvan-iv:master,char:jarvan-iv,CHAMPION,Jarvan IV,MASTER_SPLASH,champions/master/jarvan-iv.jpg,https://ddragon.leagueoflegends.com/cdn/img/champion/splash/JarvanIV_0.jpg,https://www.leagueoflegends.com/en-us/champions/jarvan-iv/,RIOT_DATA_DRAGON,"Riot Games, Inc.",1200,700,~1.69:1,0.50,0.50,0.50,0.40,FOCAL_CROP,PENDING,NEEDS_VISUAL_QA,Official base splash. Use as master for derived crops; do not upscale low-res portrait assets.
champion:jarvan-iv:loading,char:jarvan-iv,CHAMPION,Jarvan IV,NATIVE_LOADING,champions/master/jarvan-iv-loading.jpg,https://ddragon.leagueoflegends.com/cdn/img/champion/loading/JarvanIV_0.jpg,https://www.leagueoflegends.com/en-us/champions/jarvan-iv/,RIOT_DATA_DRAGON,"Riot Games, Inc.",300,550,~9:16,0.50,0.50,0.50,0.40,FOCAL_CROP,PENDING,NEEDS_VISUAL_QA,"Official loading art; useful as fallback in vertical contexts, but cinematic should prefer master splash crop if quality is better."
champion:jarvan-iv:generated_portrait_512,char:jarvan-iv,CHAMPION,Jarvan IV,GENERATED_PORTRAIT_512,champions/generated/jarvan-iv-portrait-512.webp,,,DERIVED_FROM_RIOT_MASTER,"Riot Games, Inc.",,,1:1,0.50,0.50,0.50,0.40,FOCAL_CROP,GENERATE_AFTER_MASTER,NEEDS_VISUAL_QA,Derive from champions/master/jarvan-iv.jpg using focal points; never stretch.
champion:jarvan-iv:generated_card_4x5,char:jarvan-iv,CHAMPION,Jarvan IV,GENERATED_CARD_4X5,champions/generated/jarvan-iv-card-4x5.webp,,,DERIVED_FROM_RIOT_MASTER,"Riot Games, Inc.",,,4:5,0.50,0.50,0.50,0.40,FOCAL_CROP,GENERATE_AFTER_MASTER,NEEDS_VISUAL_QA,Derive from champions/master/jarvan-iv.jpg using focal points; never stretch.
champion:jarvan-iv:generated_hero_16x9,char:jarvan-iv,CHAMPION,Jarvan IV,GENERATED_HERO_16X9,champions/generated/jarvan-iv-hero-16x9.webp,,,DERIVED_FROM_RIOT_MASTER,"Riot Games, Inc.",,,16:9,0.50,0.50,0.50,0.40,FOCAL_CROP,GENERATE_AFTER_MASTER,NEEDS_VISUAL_QA,Derive from champions/master/jarvan-iv.jpg using focal points; never stretch.
champion:jarvan-iv:generated_cinematic_9x16,char:jarvan-iv,CHAMPION,Jarvan IV,GENERATED_CINEMATIC_9X16,champions/generated/jarvan-iv-cinematic-9x16.webp,,,DERIVED_FROM_RIOT_MASTER,"Riot Games, Inc.",,,9:16,0.50,0.50,0.50,0.40,FOCAL_CROP,GENERATE_AFTER_MASTER,NEEDS_VISUAL_QA,Derive from champions/master/jarvan-iv.jpg using focal points; never stretch.
champion:jax:master,char:jax,CHAMPION,Jax,MASTER_SPLASH,champions/master/jax.jpg,https://ddragon.leagueoflegends.com/cdn/img/champion/splash/Jax_0.jpg,https://www.leagueoflegends.com/en-us/champions/jax/,RIOT_DATA_DRAGON,"Riot Games, Inc.",1200,700,~1.69:1,0.50,0.50,0.50,0.40,FOCAL_CROP,PENDING,NEEDS_VISUAL_QA,Official base splash. Use as master for derived crops; do not upscale low-res portrait assets.
champion:jax:loading,char:jax,CHAMPION,Jax,NATIVE_LOADING,champions/master/jax-loading.jpg,https://ddragon.leagueoflegends.com/cdn/img/champion/loading/Jax_0.jpg,https://www.leagueoflegends.com/en-us/champions/jax/,RIOT_DATA_DRAGON,"Riot Games, Inc.",300,550,~9:16,0.50,0.50,0.50,0.40,FOCAL_CROP,PENDING,NEEDS_VISUAL_QA,"Official loading art; useful as fallback in vertical contexts, but cinematic should prefer master splash crop if quality is better."
champion:jax:generated_portrait_512,char:jax,CHAMPION,Jax,GENERATED_PORTRAIT_512,champions/generated/jax-portrait-512.webp,,,DERIVED_FROM_RIOT_MASTER,"Riot Games, Inc.",,,1:1,0.50,0.50,0.50,0.40,FOCAL_CROP,GENERATE_AFTER_MASTER,NEEDS_VISUAL_QA,Derive from champions/master/jax.jpg using focal points; never stretch.
champion:jax:generated_card_4x5,char:jax,CHAMPION,Jax,GENERATED_CARD_4X5,champions/generated/jax-card-4x5.webp,,,DERIVED_FROM_RIOT_MASTER,"Riot Games, Inc.",,,4:5,0.50,0.50,0.50,0.40,FOCAL_CROP,GENERATE_AFTER_MASTER,NEEDS_VISUAL_QA,Derive from champions/master/jax.jpg using focal points; never stretch.
champion:jax:generated_hero_16x9,char:jax,CHAMPION,Jax,GENERATED_HERO_16X9,champions/generated/jax-hero-16x9.webp,,,DERIVED_FROM_RIOT_MASTER,"Riot Games, Inc.",,,16:9,0.50,0.50,0.50,0.40,FOCAL_CROP,GENERATE_AFTER_MASTER,NEEDS_VISUAL_QA,Derive from champions/master/jax.jpg using focal points; never stretch.
champion:jax:generated_cinematic_9x16,char:jax,CHAMPION,Jax,GENERATED_CINEMATIC_9X16,champions/generated/jax-cinematic-9x16.webp,,,DERIVED_FROM_RIOT_MASTER,"Riot Games, Inc.",,,9:16,0.50,0.50,0.50,0.40,FOCAL_CROP,GENERATE_AFTER_MASTER,NEEDS_VISUAL_QA,Derive from champions/master/jax.jpg using focal points; never stretch.
champion:jayce:master,char:jayce,CHAMPION,Jayce,MASTER_SPLASH,champions/master/jayce.jpg,https://ddragon.leagueoflegends.com/cdn/img/champion/splash/Jayce_0.jpg,https://www.leagueoflegends.com/en-us/champions/jayce/,RIOT_DATA_DRAGON,"Riot Games, Inc.",1200,700,~1.69:1,0.50,0.50,0.50,0.40,FOCAL_CROP,PENDING,NEEDS_VISUAL_QA,Official base splash. Use as master for derived crops; do not upscale low-res portrait assets.
champion:jayce:loading,char:jayce,CHAMPION,Jayce,NATIVE_LOADING,champions/master/jayce-loading.jpg,https://ddragon.leagueoflegends.com/cdn/img/champion/loading/Jayce_0.jpg,https://www.leagueoflegends.com/en-us/champions/jayce/,RIOT_DATA_DRAGON,"Riot Games, Inc.",300,550,~9:16,0.50,0.50,0.50,0.40,FOCAL_CROP,PENDING,NEEDS_VISUAL_QA,"Official loading art; useful as fallback in vertical contexts, but cinematic should prefer master splash crop if quality is better."
champion:jayce:generated_portrait_512,char:jayce,CHAMPION,Jayce,GENERATED_PORTRAIT_512,champions/generated/jayce-portrait-512.webp,,,DERIVED_FROM_RIOT_MASTER,"Riot Games, Inc.",,,1:1,0.50,0.50,0.50,0.40,FOCAL_CROP,GENERATE_AFTER_MASTER,NEEDS_VISUAL_QA,Derive from champions/master/jayce.jpg using focal points; never stretch.
champion:jayce:generated_card_4x5,char:jayce,CHAMPION,Jayce,GENERATED_CARD_4X5,champions/generated/jayce-card-4x5.webp,,,DERIVED_FROM_RIOT_MASTER,"Riot Games, Inc.",,,4:5,0.50,0.50,0.50,0.40,FOCAL_CROP,GENERATE_AFTER_MASTER,NEEDS_VISUAL_QA,Derive from champions/master/jayce.jpg using focal points; never stretch.
champion:jayce:generated_hero_16x9,char:jayce,CHAMPION,Jayce,GENERATED_HERO_16X9,champions/generated/jayce-hero-16x9.webp,,,DERIVED_FROM_RIOT_MASTER,"Riot Games, Inc.",,,16:9,0.50,0.50,0.50,0.40,FOCAL_CROP,GENERATE_AFTER_MASTER,NEEDS_VISUAL_QA,Derive from champions/master/jayce.jpg using focal points; never stretch.
champion:jayce:generated_cinematic_9x16,char:jayce,CHAMPION,Jayce,GENERATED_CINEMATIC_9X16,champions/generated/jayce-cinematic-9x16.webp,,,DERIVED_FROM_RIOT_MASTER,"Riot Games, Inc.",,,9:16,0.50,0.50,0.50,0.40,FOCAL_CROP,GENERATE_AFTER_MASTER,NEEDS_VISUAL_QA,Derive from champions/master/jayce.jpg using focal points; never stretch.
champion:jhin:master,char:jhin,CHAMPION,Jhin,MASTER_SPLASH,champions/master/jhin.jpg,https://ddragon.leagueoflegends.com/cdn/img/champion/splash/Jhin_0.jpg,https://www.leagueoflegends.com/en-us/champions/jhin/,RIOT_DATA_DRAGON,"Riot Games, Inc.",1200,700,~1.69:1,0.50,0.50,0.50,0.40,FOCAL_CROP,PENDING,NEEDS_VISUAL_QA,Official base splash. Use as master for derived crops; do not upscale low-res portrait assets.
champion:jhin:loading,char:jhin,CHAMPION,Jhin,NATIVE_LOADING,champions/master/jhin-loading.jpg,https://ddragon.leagueoflegends.com/cdn/img/champion/loading/Jhin_0.jpg,https://www.leagueoflegends.com/en-us/champions/jhin/,RIOT_DATA_DRAGON,"Riot Games, Inc.",300,550,~9:16,0.50,0.50,0.50,0.40,FOCAL_CROP,PENDING,NEEDS_VISUAL_QA,"Official loading art; useful as fallback in vertical contexts, but cinematic should prefer master splash crop if quality is better."
champion:jhin:generated_portrait_512,char:jhin,CHAMPION,Jhin,GENERATED_PORTRAIT_512,champions/generated/jhin-portrait-512.webp,,,DERIVED_FROM_RIOT_MASTER,"Riot Games, Inc.",,,1:1,0.50,0.50,0.50,0.40,FOCAL_CROP,GENERATE_AFTER_MASTER,NEEDS_VISUAL_QA,Derive from champions/master/jhin.jpg using focal points; never stretch.
champion:jhin:generated_card_4x5,char:jhin,CHAMPION,Jhin,GENERATED_CARD_4X5,champions/generated/jhin-card-4x5.webp,,,DERIVED_FROM_RIOT_MASTER,"Riot Games, Inc.",,,4:5,0.50,0.50,0.50,0.40,FOCAL_CROP,GENERATE_AFTER_MASTER,NEEDS_VISUAL_QA,Derive from champions/master/jhin.jpg using focal points; never stretch.
champion:jhin:generated_hero_16x9,char:jhin,CHAMPION,Jhin,GENERATED_HERO_16X9,champions/generated/jhin-hero-16x9.webp,,,DERIVED_FROM_RIOT_MASTER,"Riot Games, Inc.",,,16:9,0.50,0.50,0.50,0.40,FOCAL_CROP,GENERATE_AFTER_MASTER,NEEDS_VISUAL_QA,Derive from champions/master/jhin.jpg using focal points; never stretch.
champion:jhin:generated_cinematic_9x16,char:jhin,CHAMPION,Jhin,GENERATED_CINEMATIC_9X16,champions/generated/jhin-cinematic-9x16.webp,,,DERIVED_FROM_RIOT_MASTER,"Riot Games, Inc.",,,9:16,0.50,0.50,0.50,0.40,FOCAL_CROP,GENERATE_AFTER_MASTER,NEEDS_VISUAL_QA,Derive from champions/master/jhin.jpg using focal points; never stretch.
champion:jinx:master,char:jinx,CHAMPION,Jinx,MASTER_SPLASH,champions/master/jinx.jpg,https://ddragon.leagueoflegends.com/cdn/img/champion/splash/Jinx_0.jpg,https://www.leagueoflegends.com/en-us/champions/jinx/,RIOT_DATA_DRAGON,"Riot Games, Inc.",1200,700,~1.69:1,0.50,0.50,0.50,0.40,FOCAL_CROP,PENDING,NEEDS_VISUAL_QA,Official base splash. Use as master for derived crops; do not upscale low-res portrait assets.
champion:jinx:loading,char:jinx,CHAMPION,Jinx,NATIVE_LOADING,champions/master/jinx-loading.jpg,https://ddragon.leagueoflegends.com/cdn/img/champion/loading/Jinx_0.jpg,https://www.leagueoflegends.com/en-us/champions/jinx/,RIOT_DATA_DRAGON,"Riot Games, Inc.",300,550,~9:16,0.50,0.50,0.50,0.40,FOCAL_CROP,PENDING,NEEDS_VISUAL_QA,"Official loading art; useful as fallback in vertical contexts, but cinematic should prefer master splash crop if quality is better."
champion:jinx:generated_portrait_512,char:jinx,CHAMPION,Jinx,GENERATED_PORTRAIT_512,champions/generated/jinx-portrait-512.webp,,,DERIVED_FROM_RIOT_MASTER,"Riot Games, Inc.",,,1:1,0.50,0.50,0.50,0.40,FOCAL_CROP,GENERATE_AFTER_MASTER,NEEDS_VISUAL_QA,Derive from champions/master/jinx.jpg using focal points; never stretch.
champion:jinx:generated_card_4x5,char:jinx,CHAMPION,Jinx,GENERATED_CARD_4X5,champions/generated/jinx-card-4x5.webp,,,DERIVED_FROM_RIOT_MASTER,"Riot Games, Inc.",,,4:5,0.50,0.50,0.50,0.40,FOCAL_CROP,GENERATE_AFTER_MASTER,NEEDS_VISUAL_QA,Derive from champions/master/jinx.jpg using focal points; never stretch.
champion:jinx:generated_hero_16x9,char:jinx,CHAMPION,Jinx,GENERATED_HERO_16X9,champions/generated/jinx-hero-16x9.webp,,,DERIVED_FROM_RIOT_MASTER,"Riot Games, Inc.",,,16:9,0.50,0.50,0.50,0.40,FOCAL_CROP,GENERATE_AFTER_MASTER,NEEDS_VISUAL_QA,Derive from champions/master/jinx.jpg using focal points; never stretch.
champion:jinx:generated_cinematic_9x16,char:jinx,CHAMPION,Jinx,GENERATED_CINEMATIC_9X16,champions/generated/jinx-cinematic-9x16.webp,,,DERIVED_FROM_RIOT_MASTER,"Riot Games, Inc.",,,9:16,0.50,0.50,0.50,0.40,FOCAL_CROP,GENERATE_AFTER_MASTER,NEEDS_VISUAL_QA,Derive from champions/master/jinx.jpg using focal points; never stretch.
champion:k-sante:master,char:k-sante,CHAMPION,K'Sante,MASTER_SPLASH,champions/master/k-sante.jpg,https://ddragon.leagueoflegends.com/cdn/img/champion/splash/KSante_0.jpg,https://www.leagueoflegends.com/en-us/champions/k-sante/,RIOT_DATA_DRAGON,"Riot Games, Inc.",1200,700,~1.69:1,0.50,0.50,0.50,0.40,FOCAL_CROP,PENDING,NEEDS_VISUAL_QA,Official base splash. Use as master for derived crops; do not upscale low-res portrait assets.
champion:k-sante:loading,char:k-sante,CHAMPION,K'Sante,NATIVE_LOADING,champions/master/k-sante-loading.jpg,https://ddragon.leagueoflegends.com/cdn/img/champion/loading/KSante_0.jpg,https://www.leagueoflegends.com/en-us/champions/k-sante/,RIOT_DATA_DRAGON,"Riot Games, Inc.",300,550,~9:16,0.50,0.50,0.50,0.40,FOCAL_CROP,PENDING,NEEDS_VISUAL_QA,"Official loading art; useful as fallback in vertical contexts, but cinematic should prefer master splash crop if quality is better."
champion:k-sante:generated_portrait_512,char:k-sante,CHAMPION,K'Sante,GENERATED_PORTRAIT_512,champions/generated/k-sante-portrait-512.webp,,,DERIVED_FROM_RIOT_MASTER,"Riot Games, Inc.",,,1:1,0.50,0.50,0.50,0.40,FOCAL_CROP,GENERATE_AFTER_MASTER,NEEDS_VISUAL_QA,Derive from champions/master/k-sante.jpg using focal points; never stretch.
champion:k-sante:generated_card_4x5,char:k-sante,CHAMPION,K'Sante,GENERATED_CARD_4X5,champions/generated/k-sante-card-4x5.webp,,,DERIVED_FROM_RIOT_MASTER,"Riot Games, Inc.",,,4:5,0.50,0.50,0.50,0.40,FOCAL_CROP,GENERATE_AFTER_MASTER,NEEDS_VISUAL_QA,Derive from champions/master/k-sante.jpg using focal points; never stretch.
champion:k-sante:generated_hero_16x9,char:k-sante,CHAMPION,K'Sante,GENERATED_HERO_16X9,champions/generated/k-sante-hero-16x9.webp,,,DERIVED_FROM_RIOT_MASTER,"Riot Games, Inc.",,,16:9,0.50,0.50,0.50,0.40,FOCAL_CROP,GENERATE_AFTER_MASTER,NEEDS_VISUAL_QA,Derive from champions/master/k-sante.jpg using focal points; never stretch.
champion:k-sante:generated_cinematic_9x16,char:k-sante,CHAMPION,K'Sante,GENERATED_CINEMATIC_9X16,champions/generated/k-sante-cinematic-9x16.webp,,,DERIVED_FROM_RIOT_MASTER,"Riot Games, Inc.",,,9:16,0.50,0.50,0.50,0.40,FOCAL_CROP,GENERATE_AFTER_MASTER,NEEDS_VISUAL_QA,Derive from champions/master/k-sante.jpg using focal points; never stretch.
champion:kai-sa:master,char:kai-sa,CHAMPION,Kai'Sa,MASTER_SPLASH,champions/master/kai-sa.jpg,https://ddragon.leagueoflegends.com/cdn/img/champion/splash/Kaisa_0.jpg,https://www.leagueoflegends.com/en-us/champions/kai-sa/,RIOT_DATA_DRAGON,"Riot Games, Inc.",1200,700,~1.69:1,0.50,0.50,0.50,0.40,FOCAL_CROP,PENDING,NEEDS_VISUAL_QA,Official base splash. Use as master for derived crops; do not upscale low-res portrait assets.
champion:kai-sa:loading,char:kai-sa,CHAMPION,Kai'Sa,NATIVE_LOADING,champions/master/kai-sa-loading.jpg,https://ddragon.leagueoflegends.com/cdn/img/champion/loading/Kaisa_0.jpg,https://www.leagueoflegends.com/en-us/champions/kai-sa/,RIOT_DATA_DRAGON,"Riot Games, Inc.",300,550,~9:16,0.50,0.50,0.50,0.40,FOCAL_CROP,PENDING,NEEDS_VISUAL_QA,"Official loading art; useful as fallback in vertical contexts, but cinematic should prefer master splash crop if quality is better."
champion:kai-sa:generated_portrait_512,char:kai-sa,CHAMPION,Kai'Sa,GENERATED_PORTRAIT_512,champions/generated/kai-sa-portrait-512.webp,,,DERIVED_FROM_RIOT_MASTER,"Riot Games, Inc.",,,1:1,0.50,0.50,0.50,0.40,FOCAL_CROP,GENERATE_AFTER_MASTER,NEEDS_VISUAL_QA,Derive from champions/master/kai-sa.jpg using focal points; never stretch.
champion:kai-sa:generated_card_4x5,char:kai-sa,CHAMPION,Kai'Sa,GENERATED_CARD_4X5,champions/generated/kai-sa-card-4x5.webp,,,DERIVED_FROM_RIOT_MASTER,"Riot Games, Inc.",,,4:5,0.50,0.50,0.50,0.40,FOCAL_CROP,GENERATE_AFTER_MASTER,NEEDS_VISUAL_QA,Derive from champions/master/kai-sa.jpg using focal points; never stretch.
champion:kai-sa:generated_hero_16x9,char:kai-sa,CHAMPION,Kai'Sa,GENERATED_HERO_16X9,champions/generated/kai-sa-hero-16x9.webp,,,DERIVED_FROM_RIOT_MASTER,"Riot Games, Inc.",,,16:9,0.50,0.50,0.50,0.40,FOCAL_CROP,GENERATE_AFTER_MASTER,NEEDS_VISUAL_QA,Derive from champions/master/kai-sa.jpg using focal points; never stretch.
champion:kai-sa:generated_cinematic_9x16,char:kai-sa,CHAMPION,Kai'Sa,GENERATED_CINEMATIC_9X16,champions/generated/kai-sa-cinematic-9x16.webp,,,DERIVED_FROM_RIOT_MASTER,"Riot Games, Inc.",,,9:16,0.50,0.50,0.50,0.40,FOCAL_CROP,GENERATE_AFTER_MASTER,NEEDS_VISUAL_QA,Derive from champions/master/kai-sa.jpg using focal points; never stretch.
champion:kalista:master,char:kalista,CHAMPION,Kalista,MASTER_SPLASH,champions/master/kalista.jpg,https://ddragon.leagueoflegends.com/cdn/img/champion/splash/Kalista_0.jpg,https://www.leagueoflegends.com/en-us/champions/kalista/,RIOT_DATA_DRAGON,"Riot Games, Inc.",1200,700,~1.69:1,0.50,0.50,0.50,0.40,FOCAL_CROP,PENDING,NEEDS_VISUAL_QA,Official base splash. Use as master for derived crops; do not upscale low-res portrait assets.
champion:kalista:loading,char:kalista,CHAMPION,Kalista,NATIVE_LOADING,champions/master/kalista-loading.jpg,https://ddragon.leagueoflegends.com/cdn/img/champion/loading/Kalista_0.jpg,https://www.leagueoflegends.com/en-us/champions/kalista/,RIOT_DATA_DRAGON,"Riot Games, Inc.",300,550,~9:16,0.50,0.50,0.50,0.40,FOCAL_CROP,PENDING,NEEDS_VISUAL_QA,"Official loading art; useful as fallback in vertical contexts, but cinematic should prefer master splash crop if quality is better."
champion:kalista:generated_portrait_512,char:kalista,CHAMPION,Kalista,GENERATED_PORTRAIT_512,champions/generated/kalista-portrait-512.webp,,,DERIVED_FROM_RIOT_MASTER,"Riot Games, Inc.",,,1:1,0.50,0.50,0.50,0.40,FOCAL_CROP,GENERATE_AFTER_MASTER,NEEDS_VISUAL_QA,Derive from champions/master/kalista.jpg using focal points; never stretch.
champion:kalista:generated_card_4x5,char:kalista,CHAMPION,Kalista,GENERATED_CARD_4X5,champions/generated/kalista-card-4x5.webp,,,DERIVED_FROM_RIOT_MASTER,"Riot Games, Inc.",,,4:5,0.50,0.50,0.50,0.40,FOCAL_CROP,GENERATE_AFTER_MASTER,NEEDS_VISUAL_QA,Derive from champions/master/kalista.jpg using focal points; never stretch.
champion:kalista:generated_hero_16x9,char:kalista,CHAMPION,Kalista,GENERATED_HERO_16X9,champions/generated/kalista-hero-16x9.webp,,,DERIVED_FROM_RIOT_MASTER,"Riot Games, Inc.",,,16:9,0.50,0.50,0.50,0.40,FOCAL_CROP,GENERATE_AFTER_MASTER,NEEDS_VISUAL_QA,Derive from champions/master/kalista.jpg using focal points; never stretch.
champion:kalista:generated_cinematic_9x16,char:kalista,CHAMPION,Kalista,GENERATED_CINEMATIC_9X16,champions/generated/kalista-cinematic-9x16.webp,,,DERIVED_FROM_RIOT_MASTER,"Riot Games, Inc.",,,9:16,0.50,0.50,0.50,0.40,FOCAL_CROP,GENERATE_AFTER_MASTER,NEEDS_VISUAL_QA,Derive from champions/master/kalista.jpg using focal points; never stretch.
champion:karma:master,char:karma,CHAMPION,Karma,MASTER_SPLASH,champions/master/karma.jpg,https://ddragon.leagueoflegends.com/cdn/img/champion/splash/Karma_0.jpg,https://www.leagueoflegends.com/en-us/champions/karma/,RIOT_DATA_DRAGON,"Riot Games, Inc.",1200,700,~1.69:1,0.50,0.50,0.50,0.40,FOCAL_CROP,PENDING,NEEDS_VISUAL_QA,Official base splash. Use as master for derived crops; do not upscale low-res portrait assets.
champion:karma:loading,char:karma,CHAMPION,Karma,NATIVE_LOADING,champions/master/karma-loading.jpg,https://ddragon.leagueoflegends.com/cdn/img/champion/loading/Karma_0.jpg,https://www.leagueoflegends.com/en-us/champions/karma/,RIOT_DATA_DRAGON,"Riot Games, Inc.",300,550,~9:16,0.50,0.50,0.50,0.40,FOCAL_CROP,PENDING,NEEDS_VISUAL_QA,"Official loading art; useful as fallback in vertical contexts, but cinematic should prefer master splash crop if quality is better."
champion:karma:generated_portrait_512,char:karma,CHAMPION,Karma,GENERATED_PORTRAIT_512,champions/generated/karma-portrait-512.webp,,,DERIVED_FROM_RIOT_MASTER,"Riot Games, Inc.",,,1:1,0.50,0.50,0.50,0.40,FOCAL_CROP,GENERATE_AFTER_MASTER,NEEDS_VISUAL_QA,Derive from champions/master/karma.jpg using focal points; never stretch.
champion:karma:generated_card_4x5,char:karma,CHAMPION,Karma,GENERATED_CARD_4X5,champions/generated/karma-card-4x5.webp,,,DERIVED_FROM_RIOT_MASTER,"Riot Games, Inc.",,,4:5,0.50,0.50,0.50,0.40,FOCAL_CROP,GENERATE_AFTER_MASTER,NEEDS_VISUAL_QA,Derive from champions/master/karma.jpg using focal points; never stretch.
champion:karma:generated_hero_16x9,char:karma,CHAMPION,Karma,GENERATED_HERO_16X9,champions/generated/karma-hero-16x9.webp,,,DERIVED_FROM_RIOT_MASTER,"Riot Games, Inc.",,,16:9,0.50,0.50,0.50,0.40,FOCAL_CROP,GENERATE_AFTER_MASTER,NEEDS_VISUAL_QA,Derive from champions/master/karma.jpg using focal points; never stretch.
champion:karma:generated_cinematic_9x16,char:karma,CHAMPION,Karma,GENERATED_CINEMATIC_9X16,champions/generated/karma-cinematic-9x16.webp,,,DERIVED_FROM_RIOT_MASTER,"Riot Games, Inc.",,,9:16,0.50,0.50,0.50,0.40,FOCAL_CROP,GENERATE_AFTER_MASTER,NEEDS_VISUAL_QA,Derive from champions/master/karma.jpg using focal points; never stretch.
champion:karthus:master,char:karthus,CHAMPION,Karthus,MASTER_SPLASH,champions/master/karthus.jpg,https://ddragon.leagueoflegends.com/cdn/img/champion/splash/Karthus_0.jpg,https://www.leagueoflegends.com/en-us/champions/karthus/,RIOT_DATA_DRAGON,"Riot Games, Inc.",1200,700,~1.69:1,0.50,0.50,0.50,0.40,FOCAL_CROP,PENDING,NEEDS_VISUAL_QA,Official base splash. Use as master for derived crops; do not upscale low-res portrait assets.
champion:karthus:loading,char:karthus,CHAMPION,Karthus,NATIVE_LOADING,champions/master/karthus-loading.jpg,https://ddragon.leagueoflegends.com/cdn/img/champion/loading/Karthus_0.jpg,https://www.leagueoflegends.com/en-us/champions/karthus/,RIOT_DATA_DRAGON,"Riot Games, Inc.",300,550,~9:16,0.50,0.50,0.50,0.40,FOCAL_CROP,PENDING,NEEDS_VISUAL_QA,"Official loading art; useful as fallback in vertical contexts, but cinematic should prefer master splash crop if quality is better."
champion:karthus:generated_portrait_512,char:karthus,CHAMPION,Karthus,GENERATED_PORTRAIT_512,champions/generated/karthus-portrait-512.webp,,,DERIVED_FROM_RIOT_MASTER,"Riot Games, Inc.",,,1:1,0.50,0.50,0.50,0.40,FOCAL_CROP,GENERATE_AFTER_MASTER,NEEDS_VISUAL_QA,Derive from champions/master/karthus.jpg using focal points; never stretch.
champion:karthus:generated_card_4x5,char:karthus,CHAMPION,Karthus,GENERATED_CARD_4X5,champions/generated/karthus-card-4x5.webp,,,DERIVED_FROM_RIOT_MASTER,"Riot Games, Inc.",,,4:5,0.50,0.50,0.50,0.40,FOCAL_CROP,GENERATE_AFTER_MASTER,NEEDS_VISUAL_QA,Derive from champions/master/karthus.jpg using focal points; never stretch.
champion:karthus:generated_hero_16x9,char:karthus,CHAMPION,Karthus,GENERATED_HERO_16X9,champions/generated/karthus-hero-16x9.webp,,,DERIVED_FROM_RIOT_MASTER,"Riot Games, Inc.",,,16:9,0.50,0.50,0.50,0.40,FOCAL_CROP,GENERATE_AFTER_MASTER,NEEDS_VISUAL_QA,Derive from champions/master/karthus.jpg using focal points; never stretch.
champion:karthus:generated_cinematic_9x16,char:karthus,CHAMPION,Karthus,GENERATED_CINEMATIC_9X16,champions/generated/karthus-cinematic-9x16.webp,,,DERIVED_FROM_RIOT_MASTER,"Riot Games, Inc.",,,9:16,0.50,0.50,0.50,0.40,FOCAL_CROP,GENERATE_AFTER_MASTER,NEEDS_VISUAL_QA,Derive from champions/master/karthus.jpg using focal points; never stretch.
champion:kassadin:master,char:kassadin,CHAMPION,Kassadin,MASTER_SPLASH,champions/master/kassadin.jpg,https://ddragon.leagueoflegends.com/cdn/img/champion/splash/Kassadin_0.jpg,https://www.leagueoflegends.com/en-us/champions/kassadin/,RIOT_DATA_DRAGON,"Riot Games, Inc.",1200,700,~1.69:1,0.50,0.50,0.50,0.40,FOCAL_CROP,PENDING,NEEDS_VISUAL_QA,Official base splash. Use as master for derived crops; do not upscale low-res portrait assets.
champion:kassadin:loading,char:kassadin,CHAMPION,Kassadin,NATIVE_LOADING,champions/master/kassadin-loading.jpg,https://ddragon.leagueoflegends.com/cdn/img/champion/loading/Kassadin_0.jpg,https://www.leagueoflegends.com/en-us/champions/kassadin/,RIOT_DATA_DRAGON,"Riot Games, Inc.",300,550,~9:16,0.50,0.50,0.50,0.40,FOCAL_CROP,PENDING,NEEDS_VISUAL_QA,"Official loading art; useful as fallback in vertical contexts, but cinematic should prefer master splash crop if quality is better."
champion:kassadin:generated_portrait_512,char:kassadin,CHAMPION,Kassadin,GENERATED_PORTRAIT_512,champions/generated/kassadin-portrait-512.webp,,,DERIVED_FROM_RIOT_MASTER,"Riot Games, Inc.",,,1:1,0.50,0.50,0.50,0.40,FOCAL_CROP,GENERATE_AFTER_MASTER,NEEDS_VISUAL_QA,Derive from champions/master/kassadin.jpg using focal points; never stretch.
champion:kassadin:generated_card_4x5,char:kassadin,CHAMPION,Kassadin,GENERATED_CARD_4X5,champions/generated/kassadin-card-4x5.webp,,,DERIVED_FROM_RIOT_MASTER,"Riot Games, Inc.",,,4:5,0.50,0.50,0.50,0.40,FOCAL_CROP,GENERATE_AFTER_MASTER,NEEDS_VISUAL_QA,Derive from champions/master/kassadin.jpg using focal points; never stretch.
champion:kassadin:generated_hero_16x9,char:kassadin,CHAMPION,Kassadin,GENERATED_HERO_16X9,champions/generated/kassadin-hero-16x9.webp,,,DERIVED_FROM_RIOT_MASTER,"Riot Games, Inc.",,,16:9,0.50,0.50,0.50,0.40,FOCAL_CROP,GENERATE_AFTER_MASTER,NEEDS_VISUAL_QA,Derive from champions/master/kassadin.jpg using focal points; never stretch.
champion:kassadin:generated_cinematic_9x16,char:kassadin,CHAMPION,Kassadin,GENERATED_CINEMATIC_9X16,champions/generated/kassadin-cinematic-9x16.webp,,,DERIVED_FROM_RIOT_MASTER,"Riot Games, Inc.",,,9:16,0.50,0.50,0.50,0.40,FOCAL_CROP,GENERATE_AFTER_MASTER,NEEDS_VISUAL_QA,Derive from champions/master/kassadin.jpg using focal points; never stretch.
champion:katarina:master,char:katarina,CHAMPION,Katarina,MASTER_SPLASH,champions/master/katarina.jpg,https://ddragon.leagueoflegends.com/cdn/img/champion/splash/Katarina_0.jpg,https://www.leagueoflegends.com/en-us/champions/katarina/,RIOT_DATA_DRAGON,"Riot Games, Inc.",1200,700,~1.69:1,0.50,0.50,0.50,0.40,FOCAL_CROP,PENDING,NEEDS_VISUAL_QA,Official base splash. Use as master for derived crops; do not upscale low-res portrait assets.
champion:katarina:loading,char:katarina,CHAMPION,Katarina,NATIVE_LOADING,champions/master/katarina-loading.jpg,https://ddragon.leagueoflegends.com/cdn/img/champion/loading/Katarina_0.jpg,https://www.leagueoflegends.com/en-us/champions/katarina/,RIOT_DATA_DRAGON,"Riot Games, Inc.",300,550,~9:16,0.50,0.50,0.50,0.40,FOCAL_CROP,PENDING,NEEDS_VISUAL_QA,"Official loading art; useful as fallback in vertical contexts, but cinematic should prefer master splash crop if quality is better."
champion:katarina:generated_portrait_512,char:katarina,CHAMPION,Katarina,GENERATED_PORTRAIT_512,champions/generated/katarina-portrait-512.webp,,,DERIVED_FROM_RIOT_MASTER,"Riot Games, Inc.",,,1:1,0.50,0.50,0.50,0.40,FOCAL_CROP,GENERATE_AFTER_MASTER,NEEDS_VISUAL_QA,Derive from champions/master/katarina.jpg using focal points; never stretch.
champion:katarina:generated_card_4x5,char:katarina,CHAMPION,Katarina,GENERATED_CARD_4X5,champions/generated/katarina-card-4x5.webp,,,DERIVED_FROM_RIOT_MASTER,"Riot Games, Inc.",,,4:5,0.50,0.50,0.50,0.40,FOCAL_CROP,GENERATE_AFTER_MASTER,NEEDS_VISUAL_QA,Derive from champions/master/katarina.jpg using focal points; never stretch.
champion:katarina:generated_hero_16x9,char:katarina,CHAMPION,Katarina,GENERATED_HERO_16X9,champions/generated/katarina-hero-16x9.webp,,,DERIVED_FROM_RIOT_MASTER,"Riot Games, Inc.",,,16:9,0.50,0.50,0.50,0.40,FOCAL_CROP,GENERATE_AFTER_MASTER,NEEDS_VISUAL_QA,Derive from champions/master/katarina.jpg using focal points; never stretch.
champion:katarina:generated_cinematic_9x16,char:katarina,CHAMPION,Katarina,GENERATED_CINEMATIC_9X16,champions/generated/katarina-cinematic-9x16.webp,,,DERIVED_FROM_RIOT_MASTER,"Riot Games, Inc.",,,9:16,0.50,0.50,0.50,0.40,FOCAL_CROP,GENERATE_AFTER_MASTER,NEEDS_VISUAL_QA,Derive from champions/master/katarina.jpg using focal points; never stretch.
champion:kayle:master,char:kayle,CHAMPION,Kayle,MASTER_SPLASH,champions/master/kayle.jpg,https://ddragon.leagueoflegends.com/cdn/img/champion/splash/Kayle_0.jpg,https://www.leagueoflegends.com/en-us/champions/kayle/,RIOT_DATA_DRAGON,"Riot Games, Inc.",1200,700,~1.69:1,0.50,0.50,0.50,0.40,FOCAL_CROP,PENDING,NEEDS_VISUAL_QA,Official base splash. Use as master for derived crops; do not upscale low-res portrait assets.
champion:kayle:loading,char:kayle,CHAMPION,Kayle,NATIVE_LOADING,champions/master/kayle-loading.jpg,https://ddragon.leagueoflegends.com/cdn/img/champion/loading/Kayle_0.jpg,https://www.leagueoflegends.com/en-us/champions/kayle/,RIOT_DATA_DRAGON,"Riot Games, Inc.",300,550,~9:16,0.50,0.50,0.50,0.40,FOCAL_CROP,PENDING,NEEDS_VISUAL_QA,"Official loading art; useful as fallback in vertical contexts, but cinematic should prefer master splash crop if quality is better."
champion:kayle:generated_portrait_512,char:kayle,CHAMPION,Kayle,GENERATED_PORTRAIT_512,champions/generated/kayle-portrait-512.webp,,,DERIVED_FROM_RIOT_MASTER,"Riot Games, Inc.",,,1:1,0.50,0.50,0.50,0.40,FOCAL_CROP,GENERATE_AFTER_MASTER,NEEDS_VISUAL_QA,Derive from champions/master/kayle.jpg using focal points; never stretch.
champion:kayle:generated_card_4x5,char:kayle,CHAMPION,Kayle,GENERATED_CARD_4X5,champions/generated/kayle-card-4x5.webp,,,DERIVED_FROM_RIOT_MASTER,"Riot Games, Inc.",,,4:5,0.50,0.50,0.50,0.40,FOCAL_CROP,GENERATE_AFTER_MASTER,NEEDS_VISUAL_QA,Derive from champions/master/kayle.jpg using focal points; never stretch.
champion:kayle:generated_hero_16x9,char:kayle,CHAMPION,Kayle,GENERATED_HERO_16X9,champions/generated/kayle-hero-16x9.webp,,,DERIVED_FROM_RIOT_MASTER,"Riot Games, Inc.",,,16:9,0.50,0.50,0.50,0.40,FOCAL_CROP,GENERATE_AFTER_MASTER,NEEDS_VISUAL_QA,Derive from champions/master/kayle.jpg using focal points; never stretch.
champion:kayle:generated_cinematic_9x16,char:kayle,CHAMPION,Kayle,GENERATED_CINEMATIC_9X16,champions/generated/kayle-cinematic-9x16.webp,,,DERIVED_FROM_RIOT_MASTER,"Riot Games, Inc.",,,9:16,0.50,0.50,0.50,0.40,FOCAL_CROP,GENERATE_AFTER_MASTER,NEEDS_VISUAL_QA,Derive from champions/master/kayle.jpg using focal points; never stretch.
champion:kayn:master,char:kayn,CHAMPION,Kayn,MASTER_SPLASH,champions/master/kayn.jpg,https://ddragon.leagueoflegends.com/cdn/img/champion/splash/Kayn_0.jpg,https://www.leagueoflegends.com/en-us/champions/kayn/,RIOT_DATA_DRAGON,"Riot Games, Inc.",1200,700,~1.69:1,0.50,0.50,0.50,0.40,FOCAL_CROP,PENDING,NEEDS_VISUAL_QA,Official base splash. Use as master for derived crops; do not upscale low-res portrait assets.
champion:kayn:loading,char:kayn,CHAMPION,Kayn,NATIVE_LOADING,champions/master/kayn-loading.jpg,https://ddragon.leagueoflegends.com/cdn/img/champion/loading/Kayn_0.jpg,https://www.leagueoflegends.com/en-us/champions/kayn/,RIOT_DATA_DRAGON,"Riot Games, Inc.",300,550,~9:16,0.50,0.50,0.50,0.40,FOCAL_CROP,PENDING,NEEDS_VISUAL_QA,"Official loading art; useful as fallback in vertical contexts, but cinematic should prefer master splash crop if quality is better."
champion:kayn:generated_portrait_512,char:kayn,CHAMPION,Kayn,GENERATED_PORTRAIT_512,champions/generated/kayn-portrait-512.webp,,,DERIVED_FROM_RIOT_MASTER,"Riot Games, Inc.",,,1:1,0.50,0.50,0.50,0.40,FOCAL_CROP,GENERATE_AFTER_MASTER,NEEDS_VISUAL_QA,Derive from champions/master/kayn.jpg using focal points; never stretch.
champion:kayn:generated_card_4x5,char:kayn,CHAMPION,Kayn,GENERATED_CARD_4X5,champions/generated/kayn-card-4x5.webp,,,DERIVED_FROM_RIOT_MASTER,"Riot Games, Inc.",,,4:5,0.50,0.50,0.50,0.40,FOCAL_CROP,GENERATE_AFTER_MASTER,NEEDS_VISUAL_QA,Derive from champions/master/kayn.jpg using focal points; never stretch.
champion:kayn:generated_hero_16x9,char:kayn,CHAMPION,Kayn,GENERATED_HERO_16X9,champions/generated/kayn-hero-16x9.webp,,,DERIVED_FROM_RIOT_MASTER,"Riot Games, Inc.",,,16:9,0.50,0.50,0.50,0.40,FOCAL_CROP,GENERATE_AFTER_MASTER,NEEDS_VISUAL_QA,Derive from champions/master/kayn.jpg using focal points; never stretch.
champion:kayn:generated_cinematic_9x16,char:kayn,CHAMPION,Kayn,GENERATED_CINEMATIC_9X16,champions/generated/kayn-cinematic-9x16.webp,,,DERIVED_FROM_RIOT_MASTER,"Riot Games, Inc.",,,9:16,0.50,0.50,0.50,0.40,FOCAL_CROP,GENERATE_AFTER_MASTER,NEEDS_VISUAL_QA,Derive from champions/master/kayn.jpg using focal points; never stretch.
champion:kennen:master,char:kennen,CHAMPION,Kennen,MASTER_SPLASH,champions/master/kennen.jpg,https://ddragon.leagueoflegends.com/cdn/img/champion/splash/Kennen_0.jpg,https://www.leagueoflegends.com/en-us/champions/kennen/,RIOT_DATA_DRAGON,"Riot Games, Inc.",1200,700,~1.69:1,0.50,0.50,0.50,0.40,FOCAL_CROP,PENDING,NEEDS_VISUAL_QA,Official base splash. Use as master for derived crops; do not upscale low-res portrait assets.
champion:kennen:loading,char:kennen,CHAMPION,Kennen,NATIVE_LOADING,champions/master/kennen-loading.jpg,https://ddragon.leagueoflegends.com/cdn/img/champion/loading/Kennen_0.jpg,https://www.leagueoflegends.com/en-us/champions/kennen/,RIOT_DATA_DRAGON,"Riot Games, Inc.",300,550,~9:16,0.50,0.50,0.50,0.40,FOCAL_CROP,PENDING,NEEDS_VISUAL_QA,"Official loading art; useful as fallback in vertical contexts, but cinematic should prefer master splash crop if quality is better."
champion:kennen:generated_portrait_512,char:kennen,CHAMPION,Kennen,GENERATED_PORTRAIT_512,champions/generated/kennen-portrait-512.webp,,,DERIVED_FROM_RIOT_MASTER,"Riot Games, Inc.",,,1:1,0.50,0.50,0.50,0.40,FOCAL_CROP,GENERATE_AFTER_MASTER,NEEDS_VISUAL_QA,Derive from champions/master/kennen.jpg using focal points; never stretch.
champion:kennen:generated_card_4x5,char:kennen,CHAMPION,Kennen,GENERATED_CARD_4X5,champions/generated/kennen-card-4x5.webp,,,DERIVED_FROM_RIOT_MASTER,"Riot Games, Inc.",,,4:5,0.50,0.50,0.50,0.40,FOCAL_CROP,GENERATE_AFTER_MASTER,NEEDS_VISUAL_QA,Derive from champions/master/kennen.jpg using focal points; never stretch.
champion:kennen:generated_hero_16x9,char:kennen,CHAMPION,Kennen,GENERATED_HERO_16X9,champions/generated/kennen-hero-16x9.webp,,,DERIVED_FROM_RIOT_MASTER,"Riot Games, Inc.",,,16:9,0.50,0.50,0.50,0.40,FOCAL_CROP,GENERATE_AFTER_MASTER,NEEDS_VISUAL_QA,Derive from champions/master/kennen.jpg using focal points; never stretch.
champion:kennen:generated_cinematic_9x16,char:kennen,CHAMPION,Kennen,GENERATED_CINEMATIC_9X16,champions/generated/kennen-cinematic-9x16.webp,,,DERIVED_FROM_RIOT_MASTER,"Riot Games, Inc.",,,9:16,0.50,0.50,0.50,0.40,FOCAL_CROP,GENERATE_AFTER_MASTER,NEEDS_VISUAL_QA,Derive from champions/master/kennen.jpg using focal points; never stretch.
champion:kha-zix:master,char:kha-zix,CHAMPION,Kha'Zix,MASTER_SPLASH,champions/master/kha-zix.jpg,https://ddragon.leagueoflegends.com/cdn/img/champion/splash/Khazix_0.jpg,https://www.leagueoflegends.com/en-us/champions/kha-zix/,RIOT_DATA_DRAGON,"Riot Games, Inc.",1200,700,~1.69:1,0.50,0.50,0.50,0.40,FOCAL_CROP,PENDING,NEEDS_VISUAL_QA,Official base splash. Use as master for derived crops; do not upscale low-res portrait assets.
champion:kha-zix:loading,char:kha-zix,CHAMPION,Kha'Zix,NATIVE_LOADING,champions/master/kha-zix-loading.jpg,https://ddragon.leagueoflegends.com/cdn/img/champion/loading/Khazix_0.jpg,https://www.leagueoflegends.com/en-us/champions/kha-zix/,RIOT_DATA_DRAGON,"Riot Games, Inc.",300,550,~9:16,0.50,0.50,0.50,0.40,FOCAL_CROP,PENDING,NEEDS_VISUAL_QA,"Official loading art; useful as fallback in vertical contexts, but cinematic should prefer master splash crop if quality is better."
champion:kha-zix:generated_portrait_512,char:kha-zix,CHAMPION,Kha'Zix,GENERATED_PORTRAIT_512,champions/generated/kha-zix-portrait-512.webp,,,DERIVED_FROM_RIOT_MASTER,"Riot Games, Inc.",,,1:1,0.50,0.50,0.50,0.40,FOCAL_CROP,GENERATE_AFTER_MASTER,NEEDS_VISUAL_QA,Derive from champions/master/kha-zix.jpg using focal points; never stretch.
champion:kha-zix:generated_card_4x5,char:kha-zix,CHAMPION,Kha'Zix,GENERATED_CARD_4X5,champions/generated/kha-zix-card-4x5.webp,,,DERIVED_FROM_RIOT_MASTER,"Riot Games, Inc.",,,4:5,0.50,0.50,0.50,0.40,FOCAL_CROP,GENERATE_AFTER_MASTER,NEEDS_VISUAL_QA,Derive from champions/master/kha-zix.jpg using focal points; never stretch.
champion:kha-zix:generated_hero_16x9,char:kha-zix,CHAMPION,Kha'Zix,GENERATED_HERO_16X9,champions/generated/kha-zix-hero-16x9.webp,,,DERIVED_FROM_RIOT_MASTER,"Riot Games, Inc.",,,16:9,0.50,0.50,0.50,0.40,FOCAL_CROP,GENERATE_AFTER_MASTER,NEEDS_VISUAL_QA,Derive from champions/master/kha-zix.jpg using focal points; never stretch.
champion:kha-zix:generated_cinematic_9x16,char:kha-zix,CHAMPION,Kha'Zix,GENERATED_CINEMATIC_9X16,champions/generated/kha-zix-cinematic-9x16.webp,,,DERIVED_FROM_RIOT_MASTER,"Riot Games, Inc.",,,9:16,0.50,0.50,0.50,0.40,FOCAL_CROP,GENERATE_AFTER_MASTER,NEEDS_VISUAL_QA,Derive from champions/master/kha-zix.jpg using focal points; never stretch.
champion:kindred:master,char:kindred,CHAMPION,Kindred,MASTER_SPLASH,champions/master/kindred.jpg,https://ddragon.leagueoflegends.com/cdn/img/champion/splash/Kindred_0.jpg,https://www.leagueoflegends.com/en-us/champions/kindred/,RIOT_DATA_DRAGON,"Riot Games, Inc.",1200,700,~1.69:1,0.50,0.50,0.50,0.40,FOCAL_CROP,PENDING,NEEDS_VISUAL_QA,Official base splash. Use as master for derived crops; do not upscale low-res portrait assets.
champion:kindred:loading,char:kindred,CHAMPION,Kindred,NATIVE_LOADING,champions/master/kindred-loading.jpg,https://ddragon.leagueoflegends.com/cdn/img/champion/loading/Kindred_0.jpg,https://www.leagueoflegends.com/en-us/champions/kindred/,RIOT_DATA_DRAGON,"Riot Games, Inc.",300,550,~9:16,0.50,0.50,0.50,0.40,FOCAL_CROP,PENDING,NEEDS_VISUAL_QA,"Official loading art; useful as fallback in vertical contexts, but cinematic should prefer master splash crop if quality is better."
champion:kindred:generated_portrait_512,char:kindred,CHAMPION,Kindred,GENERATED_PORTRAIT_512,champions/generated/kindred-portrait-512.webp,,,DERIVED_FROM_RIOT_MASTER,"Riot Games, Inc.",,,1:1,0.50,0.50,0.50,0.40,FOCAL_CROP,GENERATE_AFTER_MASTER,NEEDS_VISUAL_QA,Derive from champions/master/kindred.jpg using focal points; never stretch.
champion:kindred:generated_card_4x5,char:kindred,CHAMPION,Kindred,GENERATED_CARD_4X5,champions/generated/kindred-card-4x5.webp,,,DERIVED_FROM_RIOT_MASTER,"Riot Games, Inc.",,,4:5,0.50,0.50,0.50,0.40,FOCAL_CROP,GENERATE_AFTER_MASTER,NEEDS_VISUAL_QA,Derive from champions/master/kindred.jpg using focal points; never stretch.
champion:kindred:generated_hero_16x9,char:kindred,CHAMPION,Kindred,GENERATED_HERO_16X9,champions/generated/kindred-hero-16x9.webp,,,DERIVED_FROM_RIOT_MASTER,"Riot Games, Inc.",,,16:9,0.50,0.50,0.50,0.40,FOCAL_CROP,GENERATE_AFTER_MASTER,NEEDS_VISUAL_QA,Derive from champions/master/kindred.jpg using focal points; never stretch.
champion:kindred:generated_cinematic_9x16,char:kindred,CHAMPION,Kindred,GENERATED_CINEMATIC_9X16,champions/generated/kindred-cinematic-9x16.webp,,,DERIVED_FROM_RIOT_MASTER,"Riot Games, Inc.",,,9:16,0.50,0.50,0.50,0.40,FOCAL_CROP,GENERATE_AFTER_MASTER,NEEDS_VISUAL_QA,Derive from champions/master/kindred.jpg using focal points; never stretch.
champion:kled:master,char:kled,CHAMPION,Kled,MASTER_SPLASH,champions/master/kled.jpg,https://ddragon.leagueoflegends.com/cdn/img/champion/splash/Kled_0.jpg,https://www.leagueoflegends.com/en-us/champions/kled/,RIOT_DATA_DRAGON,"Riot Games, Inc.",1200,700,~1.69:1,0.50,0.50,0.50,0.40,FOCAL_CROP,PENDING,NEEDS_VISUAL_QA,Official base splash. Use as master for derived crops; do not upscale low-res portrait assets.
champion:kled:loading,char:kled,CHAMPION,Kled,NATIVE_LOADING,champions/master/kled-loading.jpg,https://ddragon.leagueoflegends.com/cdn/img/champion/loading/Kled_0.jpg,https://www.leagueoflegends.com/en-us/champions/kled/,RIOT_DATA_DRAGON,"Riot Games, Inc.",300,550,~9:16,0.50,0.50,0.50,0.40,FOCAL_CROP,PENDING,NEEDS_VISUAL_QA,"Official loading art; useful as fallback in vertical contexts, but cinematic should prefer master splash crop if quality is better."
champion:kled:generated_portrait_512,char:kled,CHAMPION,Kled,GENERATED_PORTRAIT_512,champions/generated/kled-portrait-512.webp,,,DERIVED_FROM_RIOT_MASTER,"Riot Games, Inc.",,,1:1,0.50,0.50,0.50,0.40,FOCAL_CROP,GENERATE_AFTER_MASTER,NEEDS_VISUAL_QA,Derive from champions/master/kled.jpg using focal points; never stretch.
champion:kled:generated_card_4x5,char:kled,CHAMPION,Kled,GENERATED_CARD_4X5,champions/generated/kled-card-4x5.webp,,,DERIVED_FROM_RIOT_MASTER,"Riot Games, Inc.",,,4:5,0.50,0.50,0.50,0.40,FOCAL_CROP,GENERATE_AFTER_MASTER,NEEDS_VISUAL_QA,Derive from champions/master/kled.jpg using focal points; never stretch.
champion:kled:generated_hero_16x9,char:kled,CHAMPION,Kled,GENERATED_HERO_16X9,champions/generated/kled-hero-16x9.webp,,,DERIVED_FROM_RIOT_MASTER,"Riot Games, Inc.",,,16:9,0.50,0.50,0.50,0.40,FOCAL_CROP,GENERATE_AFTER_MASTER,NEEDS_VISUAL_QA,Derive from champions/master/kled.jpg using focal points; never stretch.
champion:kled:generated_cinematic_9x16,char:kled,CHAMPION,Kled,GENERATED_CINEMATIC_9X16,champions/generated/kled-cinematic-9x16.webp,,,DERIVED_FROM_RIOT_MASTER,"Riot Games, Inc.",,,9:16,0.50,0.50,0.50,0.40,FOCAL_CROP,GENERATE_AFTER_MASTER,NEEDS_VISUAL_QA,Derive from champions/master/kled.jpg using focal points; never stretch.
champion:kog-maw:master,char:kog-maw,CHAMPION,Kog'Maw,MASTER_SPLASH,champions/master/kog-maw.jpg,https://ddragon.leagueoflegends.com/cdn/img/champion/splash/KogMaw_0.jpg,https://www.leagueoflegends.com/en-us/champions/kog-maw/,RIOT_DATA_DRAGON,"Riot Games, Inc.",1200,700,~1.69:1,0.50,0.50,0.50,0.40,FOCAL_CROP,PENDING,NEEDS_VISUAL_QA,Official base splash. Use as master for derived crops; do not upscale low-res portrait assets.
champion:kog-maw:loading,char:kog-maw,CHAMPION,Kog'Maw,NATIVE_LOADING,champions/master/kog-maw-loading.jpg,https://ddragon.leagueoflegends.com/cdn/img/champion/loading/KogMaw_0.jpg,https://www.leagueoflegends.com/en-us/champions/kog-maw/,RIOT_DATA_DRAGON,"Riot Games, Inc.",300,550,~9:16,0.50,0.50,0.50,0.40,FOCAL_CROP,PENDING,NEEDS_VISUAL_QA,"Official loading art; useful as fallback in vertical contexts, but cinematic should prefer master splash crop if quality is better."
champion:kog-maw:generated_portrait_512,char:kog-maw,CHAMPION,Kog'Maw,GENERATED_PORTRAIT_512,champions/generated/kog-maw-portrait-512.webp,,,DERIVED_FROM_RIOT_MASTER,"Riot Games, Inc.",,,1:1,0.50,0.50,0.50,0.40,FOCAL_CROP,GENERATE_AFTER_MASTER,NEEDS_VISUAL_QA,Derive from champions/master/kog-maw.jpg using focal points; never stretch.
champion:kog-maw:generated_card_4x5,char:kog-maw,CHAMPION,Kog'Maw,GENERATED_CARD_4X5,champions/generated/kog-maw-card-4x5.webp,,,DERIVED_FROM_RIOT_MASTER,"Riot Games, Inc.",,,4:5,0.50,0.50,0.50,0.40,FOCAL_CROP,GENERATE_AFTER_MASTER,NEEDS_VISUAL_QA,Derive from champions/master/kog-maw.jpg using focal points; never stretch.
champion:kog-maw:generated_hero_16x9,char:kog-maw,CHAMPION,Kog'Maw,GENERATED_HERO_16X9,champions/generated/kog-maw-hero-16x9.webp,,,DERIVED_FROM_RIOT_MASTER,"Riot Games, Inc.",,,16:9,0.50,0.50,0.50,0.40,FOCAL_CROP,GENERATE_AFTER_MASTER,NEEDS_VISUAL_QA,Derive from champions/master/kog-maw.jpg using focal points; never stretch.
champion:kog-maw:generated_cinematic_9x16,char:kog-maw,CHAMPION,Kog'Maw,GENERATED_CINEMATIC_9X16,champions/generated/kog-maw-cinematic-9x16.webp,,,DERIVED_FROM_RIOT_MASTER,"Riot Games, Inc.",,,9:16,0.50,0.50,0.50,0.40,FOCAL_CROP,GENERATE_AFTER_MASTER,NEEDS_VISUAL_QA,Derive from champions/master/kog-maw.jpg using focal points; never stretch.
champion:leblanc:master,char:leblanc,CHAMPION,LeBlanc,MASTER_SPLASH,champions/master/leblanc.jpg,https://ddragon.leagueoflegends.com/cdn/img/champion/splash/Leblanc_0.jpg,https://www.leagueoflegends.com/en-us/champions/leblanc/,RIOT_DATA_DRAGON,"Riot Games, Inc.",1200,700,~1.69:1,0.50,0.50,0.50,0.40,FOCAL_CROP,PENDING,NEEDS_VISUAL_QA,Official base splash. Use as master for derived crops; do not upscale low-res portrait assets.
champion:leblanc:loading,char:leblanc,CHAMPION,LeBlanc,NATIVE_LOADING,champions/master/leblanc-loading.jpg,https://ddragon.leagueoflegends.com/cdn/img/champion/loading/Leblanc_0.jpg,https://www.leagueoflegends.com/en-us/champions/leblanc/,RIOT_DATA_DRAGON,"Riot Games, Inc.",300,550,~9:16,0.50,0.50,0.50,0.40,FOCAL_CROP,PENDING,NEEDS_VISUAL_QA,"Official loading art; useful as fallback in vertical contexts, but cinematic should prefer master splash crop if quality is better."
champion:leblanc:generated_portrait_512,char:leblanc,CHAMPION,LeBlanc,GENERATED_PORTRAIT_512,champions/generated/leblanc-portrait-512.webp,,,DERIVED_FROM_RIOT_MASTER,"Riot Games, Inc.",,,1:1,0.50,0.50,0.50,0.40,FOCAL_CROP,GENERATE_AFTER_MASTER,NEEDS_VISUAL_QA,Derive from champions/master/leblanc.jpg using focal points; never stretch.
champion:leblanc:generated_card_4x5,char:leblanc,CHAMPION,LeBlanc,GENERATED_CARD_4X5,champions/generated/leblanc-card-4x5.webp,,,DERIVED_FROM_RIOT_MASTER,"Riot Games, Inc.",,,4:5,0.50,0.50,0.50,0.40,FOCAL_CROP,GENERATE_AFTER_MASTER,NEEDS_VISUAL_QA,Derive from champions/master/leblanc.jpg using focal points; never stretch.
champion:leblanc:generated_hero_16x9,char:leblanc,CHAMPION,LeBlanc,GENERATED_HERO_16X9,champions/generated/leblanc-hero-16x9.webp,,,DERIVED_FROM_RIOT_MASTER,"Riot Games, Inc.",,,16:9,0.50,0.50,0.50,0.40,FOCAL_CROP,GENERATE_AFTER_MASTER,NEEDS_VISUAL_QA,Derive from champions/master/leblanc.jpg using focal points; never stretch.
champion:leblanc:generated_cinematic_9x16,char:leblanc,CHAMPION,LeBlanc,GENERATED_CINEMATIC_9X16,champions/generated/leblanc-cinematic-9x16.webp,,,DERIVED_FROM_RIOT_MASTER,"Riot Games, Inc.",,,9:16,0.50,0.50,0.50,0.40,FOCAL_CROP,GENERATE_AFTER_MASTER,NEEDS_VISUAL_QA,Derive from champions/master/leblanc.jpg using focal points; never stretch.
champion:lee-sin:master,char:lee-sin,CHAMPION,Lee Sin,MASTER_SPLASH,champions/master/lee-sin.jpg,https://ddragon.leagueoflegends.com/cdn/img/champion/splash/LeeSin_0.jpg,https://www.leagueoflegends.com/en-us/champions/lee-sin/,RIOT_DATA_DRAGON,"Riot Games, Inc.",1200,700,~1.69:1,0.50,0.50,0.50,0.40,FOCAL_CROP,PENDING,NEEDS_VISUAL_QA,Official base splash. Use as master for derived crops; do not upscale low-res portrait assets.
champion:lee-sin:loading,char:lee-sin,CHAMPION,Lee Sin,NATIVE_LOADING,champions/master/lee-sin-loading.jpg,https://ddragon.leagueoflegends.com/cdn/img/champion/loading/LeeSin_0.jpg,https://www.leagueoflegends.com/en-us/champions/lee-sin/,RIOT_DATA_DRAGON,"Riot Games, Inc.",300,550,~9:16,0.50,0.50,0.50,0.40,FOCAL_CROP,PENDING,NEEDS_VISUAL_QA,"Official loading art; useful as fallback in vertical contexts, but cinematic should prefer master splash crop if quality is better."
champion:lee-sin:generated_portrait_512,char:lee-sin,CHAMPION,Lee Sin,GENERATED_PORTRAIT_512,champions/generated/lee-sin-portrait-512.webp,,,DERIVED_FROM_RIOT_MASTER,"Riot Games, Inc.",,,1:1,0.50,0.50,0.50,0.40,FOCAL_CROP,GENERATE_AFTER_MASTER,NEEDS_VISUAL_QA,Derive from champions/master/lee-sin.jpg using focal points; never stretch.
champion:lee-sin:generated_card_4x5,char:lee-sin,CHAMPION,Lee Sin,GENERATED_CARD_4X5,champions/generated/lee-sin-card-4x5.webp,,,DERIVED_FROM_RIOT_MASTER,"Riot Games, Inc.",,,4:5,0.50,0.50,0.50,0.40,FOCAL_CROP,GENERATE_AFTER_MASTER,NEEDS_VISUAL_QA,Derive from champions/master/lee-sin.jpg using focal points; never stretch.
champion:lee-sin:generated_hero_16x9,char:lee-sin,CHAMPION,Lee Sin,GENERATED_HERO_16X9,champions/generated/lee-sin-hero-16x9.webp,,,DERIVED_FROM_RIOT_MASTER,"Riot Games, Inc.",,,16:9,0.50,0.50,0.50,0.40,FOCAL_CROP,GENERATE_AFTER_MASTER,NEEDS_VISUAL_QA,Derive from champions/master/lee-sin.jpg using focal points; never stretch.
champion:lee-sin:generated_cinematic_9x16,char:lee-sin,CHAMPION,Lee Sin,GENERATED_CINEMATIC_9X16,champions/generated/lee-sin-cinematic-9x16.webp,,,DERIVED_FROM_RIOT_MASTER,"Riot Games, Inc.",,,9:16,0.50,0.50,0.50,0.40,FOCAL_CROP,GENERATE_AFTER_MASTER,NEEDS_VISUAL_QA,Derive from champions/master/lee-sin.jpg using focal points; never stretch.
champion:leona:master,char:leona,CHAMPION,Leona,MASTER_SPLASH,champions/master/leona.jpg,https://ddragon.leagueoflegends.com/cdn/img/champion/splash/Leona_0.jpg,https://www.leagueoflegends.com/en-us/champions/leona/,RIOT_DATA_DRAGON,"Riot Games, Inc.",1200,700,~1.69:1,0.50,0.50,0.50,0.40,FOCAL_CROP,PENDING,NEEDS_VISUAL_QA,Official base splash. Use as master for derived crops; do not upscale low-res portrait assets.
champion:leona:loading,char:leona,CHAMPION,Leona,NATIVE_LOADING,champions/master/leona-loading.jpg,https://ddragon.leagueoflegends.com/cdn/img/champion/loading/Leona_0.jpg,https://www.leagueoflegends.com/en-us/champions/leona/,RIOT_DATA_DRAGON,"Riot Games, Inc.",300,550,~9:16,0.50,0.50,0.50,0.40,FOCAL_CROP,PENDING,NEEDS_VISUAL_QA,"Official loading art; useful as fallback in vertical contexts, but cinematic should prefer master splash crop if quality is better."
champion:leona:generated_portrait_512,char:leona,CHAMPION,Leona,GENERATED_PORTRAIT_512,champions/generated/leona-portrait-512.webp,,,DERIVED_FROM_RIOT_MASTER,"Riot Games, Inc.",,,1:1,0.50,0.50,0.50,0.40,FOCAL_CROP,GENERATE_AFTER_MASTER,NEEDS_VISUAL_QA,Derive from champions/master/leona.jpg using focal points; never stretch.
champion:leona:generated_card_4x5,char:leona,CHAMPION,Leona,GENERATED_CARD_4X5,champions/generated/leona-card-4x5.webp,,,DERIVED_FROM_RIOT_MASTER,"Riot Games, Inc.",,,4:5,0.50,0.50,0.50,0.40,FOCAL_CROP,GENERATE_AFTER_MASTER,NEEDS_VISUAL_QA,Derive from champions/master/leona.jpg using focal points; never stretch.
champion:leona:generated_hero_16x9,char:leona,CHAMPION,Leona,GENERATED_HERO_16X9,champions/generated/leona-hero-16x9.webp,,,DERIVED_FROM_RIOT_MASTER,"Riot Games, Inc.",,,16:9,0.50,0.50,0.50,0.40,FOCAL_CROP,GENERATE_AFTER_MASTER,NEEDS_VISUAL_QA,Derive from champions/master/leona.jpg using focal points; never stretch.
champion:leona:generated_cinematic_9x16,char:leona,CHAMPION,Leona,GENERATED_CINEMATIC_9X16,champions/generated/leona-cinematic-9x16.webp,,,DERIVED_FROM_RIOT_MASTER,"Riot Games, Inc.",,,9:16,0.50,0.50,0.50,0.40,FOCAL_CROP,GENERATE_AFTER_MASTER,NEEDS_VISUAL_QA,Derive from champions/master/leona.jpg using focal points; never stretch.
champion:lillia:master,char:lillia,CHAMPION,Lillia,MASTER_SPLASH,champions/master/lillia.jpg,https://ddragon.leagueoflegends.com/cdn/img/champion/splash/Lillia_0.jpg,https://www.leagueoflegends.com/en-us/champions/lillia/,RIOT_DATA_DRAGON,"Riot Games, Inc.",1200,700,~1.69:1,0.50,0.50,0.50,0.40,FOCAL_CROP,PENDING,NEEDS_VISUAL_QA,Official base splash. Use as master for derived crops; do not upscale low-res portrait assets.
champion:lillia:loading,char:lillia,CHAMPION,Lillia,NATIVE_LOADING,champions/master/lillia-loading.jpg,https://ddragon.leagueoflegends.com/cdn/img/champion/loading/Lillia_0.jpg,https://www.leagueoflegends.com/en-us/champions/lillia/,RIOT_DATA_DRAGON,"Riot Games, Inc.",300,550,~9:16,0.50,0.50,0.50,0.40,FOCAL_CROP,PENDING,NEEDS_VISUAL_QA,"Official loading art; useful as fallback in vertical contexts, but cinematic should prefer master splash crop if quality is better."
champion:lillia:generated_portrait_512,char:lillia,CHAMPION,Lillia,GENERATED_PORTRAIT_512,champions/generated/lillia-portrait-512.webp,,,DERIVED_FROM_RIOT_MASTER,"Riot Games, Inc.",,,1:1,0.50,0.50,0.50,0.40,FOCAL_CROP,GENERATE_AFTER_MASTER,NEEDS_VISUAL_QA,Derive from champions/master/lillia.jpg using focal points; never stretch.
champion:lillia:generated_card_4x5,char:lillia,CHAMPION,Lillia,GENERATED_CARD_4X5,champions/generated/lillia-card-4x5.webp,,,DERIVED_FROM_RIOT_MASTER,"Riot Games, Inc.",,,4:5,0.50,0.50,0.50,0.40,FOCAL_CROP,GENERATE_AFTER_MASTER,NEEDS_VISUAL_QA,Derive from champions/master/lillia.jpg using focal points; never stretch.
champion:lillia:generated_hero_16x9,char:lillia,CHAMPION,Lillia,GENERATED_HERO_16X9,champions/generated/lillia-hero-16x9.webp,,,DERIVED_FROM_RIOT_MASTER,"Riot Games, Inc.",,,16:9,0.50,0.50,0.50,0.40,FOCAL_CROP,GENERATE_AFTER_MASTER,NEEDS_VISUAL_QA,Derive from champions/master/lillia.jpg using focal points; never stretch.
champion:lillia:generated_cinematic_9x16,char:lillia,CHAMPION,Lillia,GENERATED_CINEMATIC_9X16,champions/generated/lillia-cinematic-9x16.webp,,,DERIVED_FROM_RIOT_MASTER,"Riot Games, Inc.",,,9:16,0.50,0.50,0.50,0.40,FOCAL_CROP,GENERATE_AFTER_MASTER,NEEDS_VISUAL_QA,Derive from champions/master/lillia.jpg using focal points; never stretch.
champion:lissandra:master,char:lissandra,CHAMPION,Lissandra,MASTER_SPLASH,champions/master/lissandra.jpg,https://ddragon.leagueoflegends.com/cdn/img/champion/splash/Lissandra_0.jpg,https://www.leagueoflegends.com/en-us/champions/lissandra/,RIOT_DATA_DRAGON,"Riot Games, Inc.",1200,700,~1.69:1,0.50,0.50,0.50,0.40,FOCAL_CROP,PENDING,NEEDS_VISUAL_QA,Official base splash. Use as master for derived crops; do not upscale low-res portrait assets.
champion:lissandra:loading,char:lissandra,CHAMPION,Lissandra,NATIVE_LOADING,champions/master/lissandra-loading.jpg,https://ddragon.leagueoflegends.com/cdn/img/champion/loading/Lissandra_0.jpg,https://www.leagueoflegends.com/en-us/champions/lissandra/,RIOT_DATA_DRAGON,"Riot Games, Inc.",300,550,~9:16,0.50,0.50,0.50,0.40,FOCAL_CROP,PENDING,NEEDS_VISUAL_QA,"Official loading art; useful as fallback in vertical contexts, but cinematic should prefer master splash crop if quality is better."
champion:lissandra:generated_portrait_512,char:lissandra,CHAMPION,Lissandra,GENERATED_PORTRAIT_512,champions/generated/lissandra-portrait-512.webp,,,DERIVED_FROM_RIOT_MASTER,"Riot Games, Inc.",,,1:1,0.50,0.50,0.50,0.40,FOCAL_CROP,GENERATE_AFTER_MASTER,NEEDS_VISUAL_QA,Derive from champions/master/lissandra.jpg using focal points; never stretch.
champion:lissandra:generated_card_4x5,char:lissandra,CHAMPION,Lissandra,GENERATED_CARD_4X5,champions/generated/lissandra-card-4x5.webp,,,DERIVED_FROM_RIOT_MASTER,"Riot Games, Inc.",,,4:5,0.50,0.50,0.50,0.40,FOCAL_CROP,GENERATE_AFTER_MASTER,NEEDS_VISUAL_QA,Derive from champions/master/lissandra.jpg using focal points; never stretch.
champion:lissandra:generated_hero_16x9,char:lissandra,CHAMPION,Lissandra,GENERATED_HERO_16X9,champions/generated/lissandra-hero-16x9.webp,,,DERIVED_FROM_RIOT_MASTER,"Riot Games, Inc.",,,16:9,0.50,0.50,0.50,0.40,FOCAL_CROP,GENERATE_AFTER_MASTER,NEEDS_VISUAL_QA,Derive from champions/master/lissandra.jpg using focal points; never stretch.
champion:lissandra:generated_cinematic_9x16,char:lissandra,CHAMPION,Lissandra,GENERATED_CINEMATIC_9X16,champions/generated/lissandra-cinematic-9x16.webp,,,DERIVED_FROM_RIOT_MASTER,"Riot Games, Inc.",,,9:16,0.50,0.50,0.50,0.40,FOCAL_CROP,GENERATE_AFTER_MASTER,NEEDS_VISUAL_QA,Derive from champions/master/lissandra.jpg using focal points; never stretch.
champion:locke:master,char:locke,CHAMPION,Locke,MASTER_SPLASH,champions/master/locke.jpg,https://ddragon.leagueoflegends.com/cdn/img/champion/splash/Locke_0.jpg,https://www.leagueoflegends.com/en-us/champions/locke/,RIOT_DATA_DRAGON,"Riot Games, Inc.",1200,700,~1.69:1,0.50,0.50,0.50,0.40,FOCAL_CROP,PENDING,NEEDS_VISUAL_QA,Official base splash. Use as master for derived crops; do not upscale low-res portrait assets.
champion:locke:loading,char:locke,CHAMPION,Locke,NATIVE_LOADING,champions/master/locke-loading.jpg,https://ddragon.leagueoflegends.com/cdn/img/champion/loading/Locke_0.jpg,https://www.leagueoflegends.com/en-us/champions/locke/,RIOT_DATA_DRAGON,"Riot Games, Inc.",300,550,~9:16,0.50,0.50,0.50,0.40,FOCAL_CROP,PENDING,NEEDS_VISUAL_QA,"Official loading art; useful as fallback in vertical contexts, but cinematic should prefer master splash crop if quality is better."
champion:locke:generated_portrait_512,char:locke,CHAMPION,Locke,GENERATED_PORTRAIT_512,champions/generated/locke-portrait-512.webp,,,DERIVED_FROM_RIOT_MASTER,"Riot Games, Inc.",,,1:1,0.50,0.50,0.50,0.40,FOCAL_CROP,GENERATE_AFTER_MASTER,NEEDS_VISUAL_QA,Derive from champions/master/locke.jpg using focal points; never stretch.
champion:locke:generated_card_4x5,char:locke,CHAMPION,Locke,GENERATED_CARD_4X5,champions/generated/locke-card-4x5.webp,,,DERIVED_FROM_RIOT_MASTER,"Riot Games, Inc.",,,4:5,0.50,0.50,0.50,0.40,FOCAL_CROP,GENERATE_AFTER_MASTER,NEEDS_VISUAL_QA,Derive from champions/master/locke.jpg using focal points; never stretch.
champion:locke:generated_hero_16x9,char:locke,CHAMPION,Locke,GENERATED_HERO_16X9,champions/generated/locke-hero-16x9.webp,,,DERIVED_FROM_RIOT_MASTER,"Riot Games, Inc.",,,16:9,0.50,0.50,0.50,0.40,FOCAL_CROP,GENERATE_AFTER_MASTER,NEEDS_VISUAL_QA,Derive from champions/master/locke.jpg using focal points; never stretch.
champion:locke:generated_cinematic_9x16,char:locke,CHAMPION,Locke,GENERATED_CINEMATIC_9X16,champions/generated/locke-cinematic-9x16.webp,,,DERIVED_FROM_RIOT_MASTER,"Riot Games, Inc.",,,9:16,0.50,0.50,0.50,0.40,FOCAL_CROP,GENERATE_AFTER_MASTER,NEEDS_VISUAL_QA,Derive from champions/master/locke.jpg using focal points; never stretch.
champion:lucian:master,char:lucian,CHAMPION,Lucian,MASTER_SPLASH,champions/master/lucian.jpg,https://ddragon.leagueoflegends.com/cdn/img/champion/splash/Lucian_0.jpg,https://www.leagueoflegends.com/en-us/champions/lucian/,RIOT_DATA_DRAGON,"Riot Games, Inc.",1200,700,~1.69:1,0.50,0.50,0.50,0.40,FOCAL_CROP,PENDING,NEEDS_VISUAL_QA,Official base splash. Use as master for derived crops; do not upscale low-res portrait assets.
champion:lucian:loading,char:lucian,CHAMPION,Lucian,NATIVE_LOADING,champions/master/lucian-loading.jpg,https://ddragon.leagueoflegends.com/cdn/img/champion/loading/Lucian_0.jpg,https://www.leagueoflegends.com/en-us/champions/lucian/,RIOT_DATA_DRAGON,"Riot Games, Inc.",300,550,~9:16,0.50,0.50,0.50,0.40,FOCAL_CROP,PENDING,NEEDS_VISUAL_QA,"Official loading art; useful as fallback in vertical contexts, but cinematic should prefer master splash crop if quality is better."
champion:lucian:generated_portrait_512,char:lucian,CHAMPION,Lucian,GENERATED_PORTRAIT_512,champions/generated/lucian-portrait-512.webp,,,DERIVED_FROM_RIOT_MASTER,"Riot Games, Inc.",,,1:1,0.50,0.50,0.50,0.40,FOCAL_CROP,GENERATE_AFTER_MASTER,NEEDS_VISUAL_QA,Derive from champions/master/lucian.jpg using focal points; never stretch.
champion:lucian:generated_card_4x5,char:lucian,CHAMPION,Lucian,GENERATED_CARD_4X5,champions/generated/lucian-card-4x5.webp,,,DERIVED_FROM_RIOT_MASTER,"Riot Games, Inc.",,,4:5,0.50,0.50,0.50,0.40,FOCAL_CROP,GENERATE_AFTER_MASTER,NEEDS_VISUAL_QA,Derive from champions/master/lucian.jpg using focal points; never stretch.
champion:lucian:generated_hero_16x9,char:lucian,CHAMPION,Lucian,GENERATED_HERO_16X9,champions/generated/lucian-hero-16x9.webp,,,DERIVED_FROM_RIOT_MASTER,"Riot Games, Inc.",,,16:9,0.50,0.50,0.50,0.40,FOCAL_CROP,GENERATE_AFTER_MASTER,NEEDS_VISUAL_QA,Derive from champions/master/lucian.jpg using focal points; never stretch.
champion:lucian:generated_cinematic_9x16,char:lucian,CHAMPION,Lucian,GENERATED_CINEMATIC_9X16,champions/generated/lucian-cinematic-9x16.webp,,,DERIVED_FROM_RIOT_MASTER,"Riot Games, Inc.",,,9:16,0.50,0.50,0.50,0.40,FOCAL_CROP,GENERATE_AFTER_MASTER,NEEDS_VISUAL_QA,Derive from champions/master/lucian.jpg using focal points; never stretch.
champion:lulu:master,char:lulu,CHAMPION,Lulu,MASTER_SPLASH,champions/master/lulu.jpg,https://ddragon.leagueoflegends.com/cdn/img/champion/splash/Lulu_0.jpg,https://www.leagueoflegends.com/en-us/champions/lulu/,RIOT_DATA_DRAGON,"Riot Games, Inc.",1200,700,~1.69:1,0.50,0.50,0.50,0.40,FOCAL_CROP,PENDING,NEEDS_VISUAL_QA,Official base splash. Use as master for derived crops; do not upscale low-res portrait assets.
champion:lulu:loading,char:lulu,CHAMPION,Lulu,NATIVE_LOADING,champions/master/lulu-loading.jpg,https://ddragon.leagueoflegends.com/cdn/img/champion/loading/Lulu_0.jpg,https://www.leagueoflegends.com/en-us/champions/lulu/,RIOT_DATA_DRAGON,"Riot Games, Inc.",300,550,~9:16,0.50,0.50,0.50,0.40,FOCAL_CROP,PENDING,NEEDS_VISUAL_QA,"Official loading art; useful as fallback in vertical contexts, but cinematic should prefer master splash crop if quality is better."
champion:lulu:generated_portrait_512,char:lulu,CHAMPION,Lulu,GENERATED_PORTRAIT_512,champions/generated/lulu-portrait-512.webp,,,DERIVED_FROM_RIOT_MASTER,"Riot Games, Inc.",,,1:1,0.50,0.50,0.50,0.40,FOCAL_CROP,GENERATE_AFTER_MASTER,NEEDS_VISUAL_QA,Derive from champions/master/lulu.jpg using focal points; never stretch.
champion:lulu:generated_card_4x5,char:lulu,CHAMPION,Lulu,GENERATED_CARD_4X5,champions/generated/lulu-card-4x5.webp,,,DERIVED_FROM_RIOT_MASTER,"Riot Games, Inc.",,,4:5,0.50,0.50,0.50,0.40,FOCAL_CROP,GENERATE_AFTER_MASTER,NEEDS_VISUAL_QA,Derive from champions/master/lulu.jpg using focal points; never stretch.
champion:lulu:generated_hero_16x9,char:lulu,CHAMPION,Lulu,GENERATED_HERO_16X9,champions/generated/lulu-hero-16x9.webp,,,DERIVED_FROM_RIOT_MASTER,"Riot Games, Inc.",,,16:9,0.50,0.50,0.50,0.40,FOCAL_CROP,GENERATE_AFTER_MASTER,NEEDS_VISUAL_QA,Derive from champions/master/lulu.jpg using focal points; never stretch.
champion:lulu:generated_cinematic_9x16,char:lulu,CHAMPION,Lulu,GENERATED_CINEMATIC_9X16,champions/generated/lulu-cinematic-9x16.webp,,,DERIVED_FROM_RIOT_MASTER,"Riot Games, Inc.",,,9:16,0.50,0.50,0.50,0.40,FOCAL_CROP,GENERATE_AFTER_MASTER,NEEDS_VISUAL_QA,Derive from champions/master/lulu.jpg using focal points; never stretch.
champion:lux:master,char:lux,CHAMPION,Lux,MASTER_SPLASH,champions/master/lux.jpg,https://ddragon.leagueoflegends.com/cdn/img/champion/splash/Lux_0.jpg,https://www.leagueoflegends.com/en-us/champions/lux/,RIOT_DATA_DRAGON,"Riot Games, Inc.",1200,700,~1.69:1,0.50,0.50,0.50,0.40,FOCAL_CROP,PENDING,NEEDS_VISUAL_QA,Official base splash. Use as master for derived crops; do not upscale low-res portrait assets.
champion:lux:loading,char:lux,CHAMPION,Lux,NATIVE_LOADING,champions/master/lux-loading.jpg,https://ddragon.leagueoflegends.com/cdn/img/champion/loading/Lux_0.jpg,https://www.leagueoflegends.com/en-us/champions/lux/,RIOT_DATA_DRAGON,"Riot Games, Inc.",300,550,~9:16,0.50,0.50,0.50,0.40,FOCAL_CROP,PENDING,NEEDS_VISUAL_QA,"Official loading art; useful as fallback in vertical contexts, but cinematic should prefer master splash crop if quality is better."
champion:lux:generated_portrait_512,char:lux,CHAMPION,Lux,GENERATED_PORTRAIT_512,champions/generated/lux-portrait-512.webp,,,DERIVED_FROM_RIOT_MASTER,"Riot Games, Inc.",,,1:1,0.50,0.50,0.50,0.40,FOCAL_CROP,GENERATE_AFTER_MASTER,NEEDS_VISUAL_QA,Derive from champions/master/lux.jpg using focal points; never stretch.
champion:lux:generated_card_4x5,char:lux,CHAMPION,Lux,GENERATED_CARD_4X5,champions/generated/lux-card-4x5.webp,,,DERIVED_FROM_RIOT_MASTER,"Riot Games, Inc.",,,4:5,0.50,0.50,0.50,0.40,FOCAL_CROP,GENERATE_AFTER_MASTER,NEEDS_VISUAL_QA,Derive from champions/master/lux.jpg using focal points; never stretch.
champion:lux:generated_hero_16x9,char:lux,CHAMPION,Lux,GENERATED_HERO_16X9,champions/generated/lux-hero-16x9.webp,,,DERIVED_FROM_RIOT_MASTER,"Riot Games, Inc.",,,16:9,0.50,0.50,0.50,0.40,FOCAL_CROP,GENERATE_AFTER_MASTER,NEEDS_VISUAL_QA,Derive from champions/master/lux.jpg using focal points; never stretch.
champion:lux:generated_cinematic_9x16,char:lux,CHAMPION,Lux,GENERATED_CINEMATIC_9X16,champions/generated/lux-cinematic-9x16.webp,,,DERIVED_FROM_RIOT_MASTER,"Riot Games, Inc.",,,9:16,0.50,0.50,0.50,0.40,FOCAL_CROP,GENERATE_AFTER_MASTER,NEEDS_VISUAL_QA,Derive from champions/master/lux.jpg using focal points; never stretch.
champion:malphite:master,char:malphite,CHAMPION,Malphite,MASTER_SPLASH,champions/master/malphite.jpg,https://ddragon.leagueoflegends.com/cdn/img/champion/splash/Malphite_0.jpg,https://www.leagueoflegends.com/en-us/champions/malphite/,RIOT_DATA_DRAGON,"Riot Games, Inc.",1200,700,~1.69:1,0.50,0.50,0.50,0.40,FOCAL_CROP,PENDING,NEEDS_VISUAL_QA,Official base splash. Use as master for derived crops; do not upscale low-res portrait assets.
champion:malphite:loading,char:malphite,CHAMPION,Malphite,NATIVE_LOADING,champions/master/malphite-loading.jpg,https://ddragon.leagueoflegends.com/cdn/img/champion/loading/Malphite_0.jpg,https://www.leagueoflegends.com/en-us/champions/malphite/,RIOT_DATA_DRAGON,"Riot Games, Inc.",300,550,~9:16,0.50,0.50,0.50,0.40,FOCAL_CROP,PENDING,NEEDS_VISUAL_QA,"Official loading art; useful as fallback in vertical contexts, but cinematic should prefer master splash crop if quality is better."
champion:malphite:generated_portrait_512,char:malphite,CHAMPION,Malphite,GENERATED_PORTRAIT_512,champions/generated/malphite-portrait-512.webp,,,DERIVED_FROM_RIOT_MASTER,"Riot Games, Inc.",,,1:1,0.50,0.50,0.50,0.40,FOCAL_CROP,GENERATE_AFTER_MASTER,NEEDS_VISUAL_QA,Derive from champions/master/malphite.jpg using focal points; never stretch.
champion:malphite:generated_card_4x5,char:malphite,CHAMPION,Malphite,GENERATED_CARD_4X5,champions/generated/malphite-card-4x5.webp,,,DERIVED_FROM_RIOT_MASTER,"Riot Games, Inc.",,,4:5,0.50,0.50,0.50,0.40,FOCAL_CROP,GENERATE_AFTER_MASTER,NEEDS_VISUAL_QA,Derive from champions/master/malphite.jpg using focal points; never stretch.
champion:malphite:generated_hero_16x9,char:malphite,CHAMPION,Malphite,GENERATED_HERO_16X9,champions/generated/malphite-hero-16x9.webp,,,DERIVED_FROM_RIOT_MASTER,"Riot Games, Inc.",,,16:9,0.50,0.50,0.50,0.40,FOCAL_CROP,GENERATE_AFTER_MASTER,NEEDS_VISUAL_QA,Derive from champions/master/malphite.jpg using focal points; never stretch.
champion:malphite:generated_cinematic_9x16,char:malphite,CHAMPION,Malphite,GENERATED_CINEMATIC_9X16,champions/generated/malphite-cinematic-9x16.webp,,,DERIVED_FROM_RIOT_MASTER,"Riot Games, Inc.",,,9:16,0.50,0.50,0.50,0.40,FOCAL_CROP,GENERATE_AFTER_MASTER,NEEDS_VISUAL_QA,Derive from champions/master/malphite.jpg using focal points; never stretch.
champion:malzahar:master,char:malzahar,CHAMPION,Malzahar,MASTER_SPLASH,champions/master/malzahar.jpg,https://ddragon.leagueoflegends.com/cdn/img/champion/splash/Malzahar_0.jpg,https://www.leagueoflegends.com/en-us/champions/malzahar/,RIOT_DATA_DRAGON,"Riot Games, Inc.",1200,700,~1.69:1,0.50,0.50,0.50,0.40,FOCAL_CROP,PENDING,NEEDS_VISUAL_QA,Official base splash. Use as master for derived crops; do not upscale low-res portrait assets.
champion:malzahar:loading,char:malzahar,CHAMPION,Malzahar,NATIVE_LOADING,champions/master/malzahar-loading.jpg,https://ddragon.leagueoflegends.com/cdn/img/champion/loading/Malzahar_0.jpg,https://www.leagueoflegends.com/en-us/champions/malzahar/,RIOT_DATA_DRAGON,"Riot Games, Inc.",300,550,~9:16,0.50,0.50,0.50,0.40,FOCAL_CROP,PENDING,NEEDS_VISUAL_QA,"Official loading art; useful as fallback in vertical contexts, but cinematic should prefer master splash crop if quality is better."
champion:malzahar:generated_portrait_512,char:malzahar,CHAMPION,Malzahar,GENERATED_PORTRAIT_512,champions/generated/malzahar-portrait-512.webp,,,DERIVED_FROM_RIOT_MASTER,"Riot Games, Inc.",,,1:1,0.50,0.50,0.50,0.40,FOCAL_CROP,GENERATE_AFTER_MASTER,NEEDS_VISUAL_QA,Derive from champions/master/malzahar.jpg using focal points; never stretch.
champion:malzahar:generated_card_4x5,char:malzahar,CHAMPION,Malzahar,GENERATED_CARD_4X5,champions/generated/malzahar-card-4x5.webp,,,DERIVED_FROM_RIOT_MASTER,"Riot Games, Inc.",,,4:5,0.50,0.50,0.50,0.40,FOCAL_CROP,GENERATE_AFTER_MASTER,NEEDS_VISUAL_QA,Derive from champions/master/malzahar.jpg using focal points; never stretch.
champion:malzahar:generated_hero_16x9,char:malzahar,CHAMPION,Malzahar,GENERATED_HERO_16X9,champions/generated/malzahar-hero-16x9.webp,,,DERIVED_FROM_RIOT_MASTER,"Riot Games, Inc.",,,16:9,0.50,0.50,0.50,0.40,FOCAL_CROP,GENERATE_AFTER_MASTER,NEEDS_VISUAL_QA,Derive from champions/master/malzahar.jpg using focal points; never stretch.
champion:malzahar:generated_cinematic_9x16,char:malzahar,CHAMPION,Malzahar,GENERATED_CINEMATIC_9X16,champions/generated/malzahar-cinematic-9x16.webp,,,DERIVED_FROM_RIOT_MASTER,"Riot Games, Inc.",,,9:16,0.50,0.50,0.50,0.40,FOCAL_CROP,GENERATE_AFTER_MASTER,NEEDS_VISUAL_QA,Derive from champions/master/malzahar.jpg using focal points; never stretch.
champion:maokai:master,char:maokai,CHAMPION,Maokai,MASTER_SPLASH,champions/master/maokai.jpg,https://ddragon.leagueoflegends.com/cdn/img/champion/splash/Maokai_0.jpg,https://www.leagueoflegends.com/en-us/champions/maokai/,RIOT_DATA_DRAGON,"Riot Games, Inc.",1200,700,~1.69:1,0.50,0.50,0.50,0.40,FOCAL_CROP,PENDING,NEEDS_VISUAL_QA,Official base splash. Use as master for derived crops; do not upscale low-res portrait assets.
champion:maokai:loading,char:maokai,CHAMPION,Maokai,NATIVE_LOADING,champions/master/maokai-loading.jpg,https://ddragon.leagueoflegends.com/cdn/img/champion/loading/Maokai_0.jpg,https://www.leagueoflegends.com/en-us/champions/maokai/,RIOT_DATA_DRAGON,"Riot Games, Inc.",300,550,~9:16,0.50,0.50,0.50,0.40,FOCAL_CROP,PENDING,NEEDS_VISUAL_QA,"Official loading art; useful as fallback in vertical contexts, but cinematic should prefer master splash crop if quality is better."
champion:maokai:generated_portrait_512,char:maokai,CHAMPION,Maokai,GENERATED_PORTRAIT_512,champions/generated/maokai-portrait-512.webp,,,DERIVED_FROM_RIOT_MASTER,"Riot Games, Inc.",,,1:1,0.50,0.50,0.50,0.40,FOCAL_CROP,GENERATE_AFTER_MASTER,NEEDS_VISUAL_QA,Derive from champions/master/maokai.jpg using focal points; never stretch.
champion:maokai:generated_card_4x5,char:maokai,CHAMPION,Maokai,GENERATED_CARD_4X5,champions/generated/maokai-card-4x5.webp,,,DERIVED_FROM_RIOT_MASTER,"Riot Games, Inc.",,,4:5,0.50,0.50,0.50,0.40,FOCAL_CROP,GENERATE_AFTER_MASTER,NEEDS_VISUAL_QA,Derive from champions/master/maokai.jpg using focal points; never stretch.
champion:maokai:generated_hero_16x9,char:maokai,CHAMPION,Maokai,GENERATED_HERO_16X9,champions/generated/maokai-hero-16x9.webp,,,DERIVED_FROM_RIOT_MASTER,"Riot Games, Inc.",,,16:9,0.50,0.50,0.50,0.40,FOCAL_CROP,GENERATE_AFTER_MASTER,NEEDS_VISUAL_QA,Derive from champions/master/maokai.jpg using focal points; never stretch.
champion:maokai:generated_cinematic_9x16,char:maokai,CHAMPION,Maokai,GENERATED_CINEMATIC_9X16,champions/generated/maokai-cinematic-9x16.webp,,,DERIVED_FROM_RIOT_MASTER,"Riot Games, Inc.",,,9:16,0.50,0.50,0.50,0.40,FOCAL_CROP,GENERATE_AFTER_MASTER,NEEDS_VISUAL_QA,Derive from champions/master/maokai.jpg using focal points; never stretch.
champion:master-yi:master,char:master-yi,CHAMPION,Master Yi,MASTER_SPLASH,champions/master/master-yi.jpg,https://ddragon.leagueoflegends.com/cdn/img/champion/splash/MasterYi_0.jpg,https://www.leagueoflegends.com/en-us/champions/master-yi/,RIOT_DATA_DRAGON,"Riot Games, Inc.",1200,700,~1.69:1,0.50,0.50,0.50,0.40,FOCAL_CROP,PENDING,NEEDS_VISUAL_QA,Official base splash. Use as master for derived crops; do not upscale low-res portrait assets.
champion:master-yi:loading,char:master-yi,CHAMPION,Master Yi,NATIVE_LOADING,champions/master/master-yi-loading.jpg,https://ddragon.leagueoflegends.com/cdn/img/champion/loading/MasterYi_0.jpg,https://www.leagueoflegends.com/en-us/champions/master-yi/,RIOT_DATA_DRAGON,"Riot Games, Inc.",300,550,~9:16,0.50,0.50,0.50,0.40,FOCAL_CROP,PENDING,NEEDS_VISUAL_QA,"Official loading art; useful as fallback in vertical contexts, but cinematic should prefer master splash crop if quality is better."
champion:master-yi:generated_portrait_512,char:master-yi,CHAMPION,Master Yi,GENERATED_PORTRAIT_512,champions/generated/master-yi-portrait-512.webp,,,DERIVED_FROM_RIOT_MASTER,"Riot Games, Inc.",,,1:1,0.50,0.50,0.50,0.40,FOCAL_CROP,GENERATE_AFTER_MASTER,NEEDS_VISUAL_QA,Derive from champions/master/master-yi.jpg using focal points; never stretch.
champion:master-yi:generated_card_4x5,char:master-yi,CHAMPION,Master Yi,GENERATED_CARD_4X5,champions/generated/master-yi-card-4x5.webp,,,DERIVED_FROM_RIOT_MASTER,"Riot Games, Inc.",,,4:5,0.50,0.50,0.50,0.40,FOCAL_CROP,GENERATE_AFTER_MASTER,NEEDS_VISUAL_QA,Derive from champions/master/master-yi.jpg using focal points; never stretch.
champion:master-yi:generated_hero_16x9,char:master-yi,CHAMPION,Master Yi,GENERATED_HERO_16X9,champions/generated/master-yi-hero-16x9.webp,,,DERIVED_FROM_RIOT_MASTER,"Riot Games, Inc.",,,16:9,0.50,0.50,0.50,0.40,FOCAL_CROP,GENERATE_AFTER_MASTER,NEEDS_VISUAL_QA,Derive from champions/master/master-yi.jpg using focal points; never stretch.
champion:master-yi:generated_cinematic_9x16,char:master-yi,CHAMPION,Master Yi,GENERATED_CINEMATIC_9X16,champions/generated/master-yi-cinematic-9x16.webp,,,DERIVED_FROM_RIOT_MASTER,"Riot Games, Inc.",,,9:16,0.50,0.50,0.50,0.40,FOCAL_CROP,GENERATE_AFTER_MASTER,NEEDS_VISUAL_QA,Derive from champions/master/master-yi.jpg using focal points; never stretch.
champion:mel:master,char:mel,CHAMPION,Mel,MASTER_SPLASH,champions/master/mel.jpg,https://ddragon.leagueoflegends.com/cdn/img/champion/splash/Mel_0.jpg,https://www.leagueoflegends.com/en-us/champions/mel/,RIOT_DATA_DRAGON,"Riot Games, Inc.",1200,700,~1.69:1,0.50,0.50,0.50,0.40,FOCAL_CROP,PENDING,NEEDS_VISUAL_QA,Official base splash. Use as master for derived crops; do not upscale low-res portrait assets.
champion:mel:loading,char:mel,CHAMPION,Mel,NATIVE_LOADING,champions/master/mel-loading.jpg,https://ddragon.leagueoflegends.com/cdn/img/champion/loading/Mel_0.jpg,https://www.leagueoflegends.com/en-us/champions/mel/,RIOT_DATA_DRAGON,"Riot Games, Inc.",300,550,~9:16,0.50,0.50,0.50,0.40,FOCAL_CROP,PENDING,NEEDS_VISUAL_QA,"Official loading art; useful as fallback in vertical contexts, but cinematic should prefer master splash crop if quality is better."
champion:mel:generated_portrait_512,char:mel,CHAMPION,Mel,GENERATED_PORTRAIT_512,champions/generated/mel-portrait-512.webp,,,DERIVED_FROM_RIOT_MASTER,"Riot Games, Inc.",,,1:1,0.50,0.50,0.50,0.40,FOCAL_CROP,GENERATE_AFTER_MASTER,NEEDS_VISUAL_QA,Derive from champions/master/mel.jpg using focal points; never stretch.
champion:mel:generated_card_4x5,char:mel,CHAMPION,Mel,GENERATED_CARD_4X5,champions/generated/mel-card-4x5.webp,,,DERIVED_FROM_RIOT_MASTER,"Riot Games, Inc.",,,4:5,0.50,0.50,0.50,0.40,FOCAL_CROP,GENERATE_AFTER_MASTER,NEEDS_VISUAL_QA,Derive from champions/master/mel.jpg using focal points; never stretch.
champion:mel:generated_hero_16x9,char:mel,CHAMPION,Mel,GENERATED_HERO_16X9,champions/generated/mel-hero-16x9.webp,,,DERIVED_FROM_RIOT_MASTER,"Riot Games, Inc.",,,16:9,0.50,0.50,0.50,0.40,FOCAL_CROP,GENERATE_AFTER_MASTER,NEEDS_VISUAL_QA,Derive from champions/master/mel.jpg using focal points; never stretch.
champion:mel:generated_cinematic_9x16,char:mel,CHAMPION,Mel,GENERATED_CINEMATIC_9X16,champions/generated/mel-cinematic-9x16.webp,,,DERIVED_FROM_RIOT_MASTER,"Riot Games, Inc.",,,9:16,0.50,0.50,0.50,0.40,FOCAL_CROP,GENERATE_AFTER_MASTER,NEEDS_VISUAL_QA,Derive from champions/master/mel.jpg using focal points; never stretch.
champion:milio:master,char:milio,CHAMPION,Milio,MASTER_SPLASH,champions/master/milio.jpg,https://ddragon.leagueoflegends.com/cdn/img/champion/splash/Milio_0.jpg,https://www.leagueoflegends.com/en-us/champions/milio/,RIOT_DATA_DRAGON,"Riot Games, Inc.",1200,700,~1.69:1,0.50,0.50,0.50,0.40,FOCAL_CROP,PENDING,NEEDS_VISUAL_QA,Official base splash. Use as master for derived crops; do not upscale low-res portrait assets.
champion:milio:loading,char:milio,CHAMPION,Milio,NATIVE_LOADING,champions/master/milio-loading.jpg,https://ddragon.leagueoflegends.com/cdn/img/champion/loading/Milio_0.jpg,https://www.leagueoflegends.com/en-us/champions/milio/,RIOT_DATA_DRAGON,"Riot Games, Inc.",300,550,~9:16,0.50,0.50,0.50,0.40,FOCAL_CROP,PENDING,NEEDS_VISUAL_QA,"Official loading art; useful as fallback in vertical contexts, but cinematic should prefer master splash crop if quality is better."
champion:milio:generated_portrait_512,char:milio,CHAMPION,Milio,GENERATED_PORTRAIT_512,champions/generated/milio-portrait-512.webp,,,DERIVED_FROM_RIOT_MASTER,"Riot Games, Inc.",,,1:1,0.50,0.50,0.50,0.40,FOCAL_CROP,GENERATE_AFTER_MASTER,NEEDS_VISUAL_QA,Derive from champions/master/milio.jpg using focal points; never stretch.
champion:milio:generated_card_4x5,char:milio,CHAMPION,Milio,GENERATED_CARD_4X5,champions/generated/milio-card-4x5.webp,,,DERIVED_FROM_RIOT_MASTER,"Riot Games, Inc.",,,4:5,0.50,0.50,0.50,0.40,FOCAL_CROP,GENERATE_AFTER_MASTER,NEEDS_VISUAL_QA,Derive from champions/master/milio.jpg using focal points; never stretch.
champion:milio:generated_hero_16x9,char:milio,CHAMPION,Milio,GENERATED_HERO_16X9,champions/generated/milio-hero-16x9.webp,,,DERIVED_FROM_RIOT_MASTER,"Riot Games, Inc.",,,16:9,0.50,0.50,0.50,0.40,FOCAL_CROP,GENERATE_AFTER_MASTER,NEEDS_VISUAL_QA,Derive from champions/master/milio.jpg using focal points; never stretch.
champion:milio:generated_cinematic_9x16,char:milio,CHAMPION,Milio,GENERATED_CINEMATIC_9X16,champions/generated/milio-cinematic-9x16.webp,,,DERIVED_FROM_RIOT_MASTER,"Riot Games, Inc.",,,9:16,0.50,0.50,0.50,0.40,FOCAL_CROP,GENERATE_AFTER_MASTER,NEEDS_VISUAL_QA,Derive from champions/master/milio.jpg using focal points; never stretch.
champion:miss-fortune:master,char:miss-fortune,CHAMPION,Miss Fortune,MASTER_SPLASH,champions/master/miss-fortune.jpg,https://ddragon.leagueoflegends.com/cdn/img/champion/splash/MissFortune_0.jpg,https://www.leagueoflegends.com/en-us/champions/miss-fortune/,RIOT_DATA_DRAGON,"Riot Games, Inc.",1200,700,~1.69:1,0.50,0.50,0.50,0.40,FOCAL_CROP,PENDING,NEEDS_VISUAL_QA,Official base splash. Use as master for derived crops; do not upscale low-res portrait assets.
champion:miss-fortune:loading,char:miss-fortune,CHAMPION,Miss Fortune,NATIVE_LOADING,champions/master/miss-fortune-loading.jpg,https://ddragon.leagueoflegends.com/cdn/img/champion/loading/MissFortune_0.jpg,https://www.leagueoflegends.com/en-us/champions/miss-fortune/,RIOT_DATA_DRAGON,"Riot Games, Inc.",300,550,~9:16,0.50,0.50,0.50,0.40,FOCAL_CROP,PENDING,NEEDS_VISUAL_QA,"Official loading art; useful as fallback in vertical contexts, but cinematic should prefer master splash crop if quality is better."
champion:miss-fortune:generated_portrait_512,char:miss-fortune,CHAMPION,Miss Fortune,GENERATED_PORTRAIT_512,champions/generated/miss-fortune-portrait-512.webp,,,DERIVED_FROM_RIOT_MASTER,"Riot Games, Inc.",,,1:1,0.50,0.50,0.50,0.40,FOCAL_CROP,GENERATE_AFTER_MASTER,NEEDS_VISUAL_QA,Derive from champions/master/miss-fortune.jpg using focal points; never stretch.
champion:miss-fortune:generated_card_4x5,char:miss-fortune,CHAMPION,Miss Fortune,GENERATED_CARD_4X5,champions/generated/miss-fortune-card-4x5.webp,,,DERIVED_FROM_RIOT_MASTER,"Riot Games, Inc.",,,4:5,0.50,0.50,0.50,0.40,FOCAL_CROP,GENERATE_AFTER_MASTER,NEEDS_VISUAL_QA,Derive from champions/master/miss-fortune.jpg using focal points; never stretch.
champion:miss-fortune:generated_hero_16x9,char:miss-fortune,CHAMPION,Miss Fortune,GENERATED_HERO_16X9,champions/generated/miss-fortune-hero-16x9.webp,,,DERIVED_FROM_RIOT_MASTER,"Riot Games, Inc.",,,16:9,0.50,0.50,0.50,0.40,FOCAL_CROP,GENERATE_AFTER_MASTER,NEEDS_VISUAL_QA,Derive from champions/master/miss-fortune.jpg using focal points; never stretch.
champion:miss-fortune:generated_cinematic_9x16,char:miss-fortune,CHAMPION,Miss Fortune,GENERATED_CINEMATIC_9X16,champions/generated/miss-fortune-cinematic-9x16.webp,,,DERIVED_FROM_RIOT_MASTER,"Riot Games, Inc.",,,9:16,0.50,0.50,0.50,0.40,FOCAL_CROP,GENERATE_AFTER_MASTER,NEEDS_VISUAL_QA,Derive from champions/master/miss-fortune.jpg using focal points; never stretch.
champion:mordekaiser:master,char:mordekaiser,CHAMPION,Mordekaiser,MASTER_SPLASH,champions/master/mordekaiser.jpg,https://ddragon.leagueoflegends.com/cdn/img/champion/splash/Mordekaiser_0.jpg,https://www.leagueoflegends.com/en-us/champions/mordekaiser/,RIOT_DATA_DRAGON,"Riot Games, Inc.",1200,700,~1.69:1,0.50,0.50,0.50,0.40,FOCAL_CROP,PENDING,NEEDS_VISUAL_QA,Official base splash. Use as master for derived crops; do not upscale low-res portrait assets.
champion:mordekaiser:loading,char:mordekaiser,CHAMPION,Mordekaiser,NATIVE_LOADING,champions/master/mordekaiser-loading.jpg,https://ddragon.leagueoflegends.com/cdn/img/champion/loading/Mordekaiser_0.jpg,https://www.leagueoflegends.com/en-us/champions/mordekaiser/,RIOT_DATA_DRAGON,"Riot Games, Inc.",300,550,~9:16,0.50,0.50,0.50,0.40,FOCAL_CROP,PENDING,NEEDS_VISUAL_QA,"Official loading art; useful as fallback in vertical contexts, but cinematic should prefer master splash crop if quality is better."
champion:mordekaiser:generated_portrait_512,char:mordekaiser,CHAMPION,Mordekaiser,GENERATED_PORTRAIT_512,champions/generated/mordekaiser-portrait-512.webp,,,DERIVED_FROM_RIOT_MASTER,"Riot Games, Inc.",,,1:1,0.50,0.50,0.50,0.40,FOCAL_CROP,GENERATE_AFTER_MASTER,NEEDS_VISUAL_QA,Derive from champions/master/mordekaiser.jpg using focal points; never stretch.
champion:mordekaiser:generated_card_4x5,char:mordekaiser,CHAMPION,Mordekaiser,GENERATED_CARD_4X5,champions/generated/mordekaiser-card-4x5.webp,,,DERIVED_FROM_RIOT_MASTER,"Riot Games, Inc.",,,4:5,0.50,0.50,0.50,0.40,FOCAL_CROP,GENERATE_AFTER_MASTER,NEEDS_VISUAL_QA,Derive from champions/master/mordekaiser.jpg using focal points; never stretch.
champion:mordekaiser:generated_hero_16x9,char:mordekaiser,CHAMPION,Mordekaiser,GENERATED_HERO_16X9,champions/generated/mordekaiser-hero-16x9.webp,,,DERIVED_FROM_RIOT_MASTER,"Riot Games, Inc.",,,16:9,0.50,0.50,0.50,0.40,FOCAL_CROP,GENERATE_AFTER_MASTER,NEEDS_VISUAL_QA,Derive from champions/master/mordekaiser.jpg using focal points; never stretch.
champion:mordekaiser:generated_cinematic_9x16,char:mordekaiser,CHAMPION,Mordekaiser,GENERATED_CINEMATIC_9X16,champions/generated/mordekaiser-cinematic-9x16.webp,,,DERIVED_FROM_RIOT_MASTER,"Riot Games, Inc.",,,9:16,0.50,0.50,0.50,0.40,FOCAL_CROP,GENERATE_AFTER_MASTER,NEEDS_VISUAL_QA,Derive from champions/master/mordekaiser.jpg using focal points; never stretch.
champion:morgana:master,char:morgana,CHAMPION,Morgana,MASTER_SPLASH,champions/master/morgana.jpg,https://ddragon.leagueoflegends.com/cdn/img/champion/splash/Morgana_0.jpg,https://www.leagueoflegends.com/en-us/champions/morgana/,RIOT_DATA_DRAGON,"Riot Games, Inc.",1200,700,~1.69:1,0.50,0.50,0.50,0.40,FOCAL_CROP,PENDING,NEEDS_VISUAL_QA,Official base splash. Use as master for derived crops; do not upscale low-res portrait assets.
champion:morgana:loading,char:morgana,CHAMPION,Morgana,NATIVE_LOADING,champions/master/morgana-loading.jpg,https://ddragon.leagueoflegends.com/cdn/img/champion/loading/Morgana_0.jpg,https://www.leagueoflegends.com/en-us/champions/morgana/,RIOT_DATA_DRAGON,"Riot Games, Inc.",300,550,~9:16,0.50,0.50,0.50,0.40,FOCAL_CROP,PENDING,NEEDS_VISUAL_QA,"Official loading art; useful as fallback in vertical contexts, but cinematic should prefer master splash crop if quality is better."
champion:morgana:generated_portrait_512,char:morgana,CHAMPION,Morgana,GENERATED_PORTRAIT_512,champions/generated/morgana-portrait-512.webp,,,DERIVED_FROM_RIOT_MASTER,"Riot Games, Inc.",,,1:1,0.50,0.50,0.50,0.40,FOCAL_CROP,GENERATE_AFTER_MASTER,NEEDS_VISUAL_QA,Derive from champions/master/morgana.jpg using focal points; never stretch.
champion:morgana:generated_card_4x5,char:morgana,CHAMPION,Morgana,GENERATED_CARD_4X5,champions/generated/morgana-card-4x5.webp,,,DERIVED_FROM_RIOT_MASTER,"Riot Games, Inc.",,,4:5,0.50,0.50,0.50,0.40,FOCAL_CROP,GENERATE_AFTER_MASTER,NEEDS_VISUAL_QA,Derive from champions/master/morgana.jpg using focal points; never stretch.
champion:morgana:generated_hero_16x9,char:morgana,CHAMPION,Morgana,GENERATED_HERO_16X9,champions/generated/morgana-hero-16x9.webp,,,DERIVED_FROM_RIOT_MASTER,"Riot Games, Inc.",,,16:9,0.50,0.50,0.50,0.40,FOCAL_CROP,GENERATE_AFTER_MASTER,NEEDS_VISUAL_QA,Derive from champions/master/morgana.jpg using focal points; never stretch.
champion:morgana:generated_cinematic_9x16,char:morgana,CHAMPION,Morgana,GENERATED_CINEMATIC_9X16,champions/generated/morgana-cinematic-9x16.webp,,,DERIVED_FROM_RIOT_MASTER,"Riot Games, Inc.",,,9:16,0.50,0.50,0.50,0.40,FOCAL_CROP,GENERATE_AFTER_MASTER,NEEDS_VISUAL_QA,Derive from champions/master/morgana.jpg using focal points; never stretch.
champion:naafiri:master,char:naafiri,CHAMPION,Naafiri,MASTER_SPLASH,champions/master/naafiri.jpg,https://ddragon.leagueoflegends.com/cdn/img/champion/splash/Naafiri_0.jpg,https://www.leagueoflegends.com/en-us/champions/naafiri/,RIOT_DATA_DRAGON,"Riot Games, Inc.",1200,700,~1.69:1,0.50,0.50,0.50,0.40,FOCAL_CROP,PENDING,NEEDS_VISUAL_QA,Official base splash. Use as master for derived crops; do not upscale low-res portrait assets.
champion:naafiri:loading,char:naafiri,CHAMPION,Naafiri,NATIVE_LOADING,champions/master/naafiri-loading.jpg,https://ddragon.leagueoflegends.com/cdn/img/champion/loading/Naafiri_0.jpg,https://www.leagueoflegends.com/en-us/champions/naafiri/,RIOT_DATA_DRAGON,"Riot Games, Inc.",300,550,~9:16,0.50,0.50,0.50,0.40,FOCAL_CROP,PENDING,NEEDS_VISUAL_QA,"Official loading art; useful as fallback in vertical contexts, but cinematic should prefer master splash crop if quality is better."
champion:naafiri:generated_portrait_512,char:naafiri,CHAMPION,Naafiri,GENERATED_PORTRAIT_512,champions/generated/naafiri-portrait-512.webp,,,DERIVED_FROM_RIOT_MASTER,"Riot Games, Inc.",,,1:1,0.50,0.50,0.50,0.40,FOCAL_CROP,GENERATE_AFTER_MASTER,NEEDS_VISUAL_QA,Derive from champions/master/naafiri.jpg using focal points; never stretch.
champion:naafiri:generated_card_4x5,char:naafiri,CHAMPION,Naafiri,GENERATED_CARD_4X5,champions/generated/naafiri-card-4x5.webp,,,DERIVED_FROM_RIOT_MASTER,"Riot Games, Inc.",,,4:5,0.50,0.50,0.50,0.40,FOCAL_CROP,GENERATE_AFTER_MASTER,NEEDS_VISUAL_QA,Derive from champions/master/naafiri.jpg using focal points; never stretch.
champion:naafiri:generated_hero_16x9,char:naafiri,CHAMPION,Naafiri,GENERATED_HERO_16X9,champions/generated/naafiri-hero-16x9.webp,,,DERIVED_FROM_RIOT_MASTER,"Riot Games, Inc.",,,16:9,0.50,0.50,0.50,0.40,FOCAL_CROP,GENERATE_AFTER_MASTER,NEEDS_VISUAL_QA,Derive from champions/master/naafiri.jpg using focal points; never stretch.
champion:naafiri:generated_cinematic_9x16,char:naafiri,CHAMPION,Naafiri,GENERATED_CINEMATIC_9X16,champions/generated/naafiri-cinematic-9x16.webp,,,DERIVED_FROM_RIOT_MASTER,"Riot Games, Inc.",,,9:16,0.50,0.50,0.50,0.40,FOCAL_CROP,GENERATE_AFTER_MASTER,NEEDS_VISUAL_QA,Derive from champions/master/naafiri.jpg using focal points; never stretch.
champion:nami:master,char:nami,CHAMPION,Nami,MASTER_SPLASH,champions/master/nami.jpg,https://ddragon.leagueoflegends.com/cdn/img/champion/splash/Nami_0.jpg,https://www.leagueoflegends.com/en-us/champions/nami/,RIOT_DATA_DRAGON,"Riot Games, Inc.",1200,700,~1.69:1,0.50,0.50,0.50,0.40,FOCAL_CROP,PENDING,NEEDS_VISUAL_QA,Official base splash. Use as master for derived crops; do not upscale low-res portrait assets.
champion:nami:loading,char:nami,CHAMPION,Nami,NATIVE_LOADING,champions/master/nami-loading.jpg,https://ddragon.leagueoflegends.com/cdn/img/champion/loading/Nami_0.jpg,https://www.leagueoflegends.com/en-us/champions/nami/,RIOT_DATA_DRAGON,"Riot Games, Inc.",300,550,~9:16,0.50,0.50,0.50,0.40,FOCAL_CROP,PENDING,NEEDS_VISUAL_QA,"Official loading art; useful as fallback in vertical contexts, but cinematic should prefer master splash crop if quality is better."
champion:nami:generated_portrait_512,char:nami,CHAMPION,Nami,GENERATED_PORTRAIT_512,champions/generated/nami-portrait-512.webp,,,DERIVED_FROM_RIOT_MASTER,"Riot Games, Inc.",,,1:1,0.50,0.50,0.50,0.40,FOCAL_CROP,GENERATE_AFTER_MASTER,NEEDS_VISUAL_QA,Derive from champions/master/nami.jpg using focal points; never stretch.
champion:nami:generated_card_4x5,char:nami,CHAMPION,Nami,GENERATED_CARD_4X5,champions/generated/nami-card-4x5.webp,,,DERIVED_FROM_RIOT_MASTER,"Riot Games, Inc.",,,4:5,0.50,0.50,0.50,0.40,FOCAL_CROP,GENERATE_AFTER_MASTER,NEEDS_VISUAL_QA,Derive from champions/master/nami.jpg using focal points; never stretch.
champion:nami:generated_hero_16x9,char:nami,CHAMPION,Nami,GENERATED_HERO_16X9,champions/generated/nami-hero-16x9.webp,,,DERIVED_FROM_RIOT_MASTER,"Riot Games, Inc.",,,16:9,0.50,0.50,0.50,0.40,FOCAL_CROP,GENERATE_AFTER_MASTER,NEEDS_VISUAL_QA,Derive from champions/master/nami.jpg using focal points; never stretch.
champion:nami:generated_cinematic_9x16,char:nami,CHAMPION,Nami,GENERATED_CINEMATIC_9X16,champions/generated/nami-cinematic-9x16.webp,,,DERIVED_FROM_RIOT_MASTER,"Riot Games, Inc.",,,9:16,0.50,0.50,0.50,0.40,FOCAL_CROP,GENERATE_AFTER_MASTER,NEEDS_VISUAL_QA,Derive from champions/master/nami.jpg using focal points; never stretch.
champion:nasus:master,char:nasus,CHAMPION,Nasus,MASTER_SPLASH,champions/master/nasus.jpg,https://ddragon.leagueoflegends.com/cdn/img/champion/splash/Nasus_0.jpg,https://www.leagueoflegends.com/en-us/champions/nasus/,RIOT_DATA_DRAGON,"Riot Games, Inc.",1200,700,~1.69:1,0.50,0.50,0.50,0.40,FOCAL_CROP,PENDING,NEEDS_VISUAL_QA,Official base splash. Use as master for derived crops; do not upscale low-res portrait assets.
champion:nasus:loading,char:nasus,CHAMPION,Nasus,NATIVE_LOADING,champions/master/nasus-loading.jpg,https://ddragon.leagueoflegends.com/cdn/img/champion/loading/Nasus_0.jpg,https://www.leagueoflegends.com/en-us/champions/nasus/,RIOT_DATA_DRAGON,"Riot Games, Inc.",300,550,~9:16,0.50,0.50,0.50,0.40,FOCAL_CROP,PENDING,NEEDS_VISUAL_QA,"Official loading art; useful as fallback in vertical contexts, but cinematic should prefer master splash crop if quality is better."
champion:nasus:generated_portrait_512,char:nasus,CHAMPION,Nasus,GENERATED_PORTRAIT_512,champions/generated/nasus-portrait-512.webp,,,DERIVED_FROM_RIOT_MASTER,"Riot Games, Inc.",,,1:1,0.50,0.50,0.50,0.40,FOCAL_CROP,GENERATE_AFTER_MASTER,NEEDS_VISUAL_QA,Derive from champions/master/nasus.jpg using focal points; never stretch.
champion:nasus:generated_card_4x5,char:nasus,CHAMPION,Nasus,GENERATED_CARD_4X5,champions/generated/nasus-card-4x5.webp,,,DERIVED_FROM_RIOT_MASTER,"Riot Games, Inc.",,,4:5,0.50,0.50,0.50,0.40,FOCAL_CROP,GENERATE_AFTER_MASTER,NEEDS_VISUAL_QA,Derive from champions/master/nasus.jpg using focal points; never stretch.
champion:nasus:generated_hero_16x9,char:nasus,CHAMPION,Nasus,GENERATED_HERO_16X9,champions/generated/nasus-hero-16x9.webp,,,DERIVED_FROM_RIOT_MASTER,"Riot Games, Inc.",,,16:9,0.50,0.50,0.50,0.40,FOCAL_CROP,GENERATE_AFTER_MASTER,NEEDS_VISUAL_QA,Derive from champions/master/nasus.jpg using focal points; never stretch.
champion:nasus:generated_cinematic_9x16,char:nasus,CHAMPION,Nasus,GENERATED_CINEMATIC_9X16,champions/generated/nasus-cinematic-9x16.webp,,,DERIVED_FROM_RIOT_MASTER,"Riot Games, Inc.",,,9:16,0.50,0.50,0.50,0.40,FOCAL_CROP,GENERATE_AFTER_MASTER,NEEDS_VISUAL_QA,Derive from champions/master/nasus.jpg using focal points; never stretch.
champion:nautilus:master,char:nautilus,CHAMPION,Nautilus,MASTER_SPLASH,champions/master/nautilus.jpg,https://ddragon.leagueoflegends.com/cdn/img/champion/splash/Nautilus_0.jpg,https://www.leagueoflegends.com/en-us/champions/nautilus/,RIOT_DATA_DRAGON,"Riot Games, Inc.",1200,700,~1.69:1,0.50,0.50,0.50,0.40,FOCAL_CROP,PENDING,NEEDS_VISUAL_QA,Official base splash. Use as master for derived crops; do not upscale low-res portrait assets.
champion:nautilus:loading,char:nautilus,CHAMPION,Nautilus,NATIVE_LOADING,champions/master/nautilus-loading.jpg,https://ddragon.leagueoflegends.com/cdn/img/champion/loading/Nautilus_0.jpg,https://www.leagueoflegends.com/en-us/champions/nautilus/,RIOT_DATA_DRAGON,"Riot Games, Inc.",300,550,~9:16,0.50,0.50,0.50,0.40,FOCAL_CROP,PENDING,NEEDS_VISUAL_QA,"Official loading art; useful as fallback in vertical contexts, but cinematic should prefer master splash crop if quality is better."
champion:nautilus:generated_portrait_512,char:nautilus,CHAMPION,Nautilus,GENERATED_PORTRAIT_512,champions/generated/nautilus-portrait-512.webp,,,DERIVED_FROM_RIOT_MASTER,"Riot Games, Inc.",,,1:1,0.50,0.50,0.50,0.40,FOCAL_CROP,GENERATE_AFTER_MASTER,NEEDS_VISUAL_QA,Derive from champions/master/nautilus.jpg using focal points; never stretch.
champion:nautilus:generated_card_4x5,char:nautilus,CHAMPION,Nautilus,GENERATED_CARD_4X5,champions/generated/nautilus-card-4x5.webp,,,DERIVED_FROM_RIOT_MASTER,"Riot Games, Inc.",,,4:5,0.50,0.50,0.50,0.40,FOCAL_CROP,GENERATE_AFTER_MASTER,NEEDS_VISUAL_QA,Derive from champions/master/nautilus.jpg using focal points; never stretch.
champion:nautilus:generated_hero_16x9,char:nautilus,CHAMPION,Nautilus,GENERATED_HERO_16X9,champions/generated/nautilus-hero-16x9.webp,,,DERIVED_FROM_RIOT_MASTER,"Riot Games, Inc.",,,16:9,0.50,0.50,0.50,0.40,FOCAL_CROP,GENERATE_AFTER_MASTER,NEEDS_VISUAL_QA,Derive from champions/master/nautilus.jpg using focal points; never stretch.
champion:nautilus:generated_cinematic_9x16,char:nautilus,CHAMPION,Nautilus,GENERATED_CINEMATIC_9X16,champions/generated/nautilus-cinematic-9x16.webp,,,DERIVED_FROM_RIOT_MASTER,"Riot Games, Inc.",,,9:16,0.50,0.50,0.50,0.40,FOCAL_CROP,GENERATE_AFTER_MASTER,NEEDS_VISUAL_QA,Derive from champions/master/nautilus.jpg using focal points; never stretch.
champion:neeko:master,char:neeko,CHAMPION,Neeko,MASTER_SPLASH,champions/master/neeko.jpg,https://ddragon.leagueoflegends.com/cdn/img/champion/splash/Neeko_0.jpg,https://www.leagueoflegends.com/en-us/champions/neeko/,RIOT_DATA_DRAGON,"Riot Games, Inc.",1200,700,~1.69:1,0.50,0.50,0.50,0.40,FOCAL_CROP,PENDING,NEEDS_VISUAL_QA,Official base splash. Use as master for derived crops; do not upscale low-res portrait assets.
champion:neeko:loading,char:neeko,CHAMPION,Neeko,NATIVE_LOADING,champions/master/neeko-loading.jpg,https://ddragon.leagueoflegends.com/cdn/img/champion/loading/Neeko_0.jpg,https://www.leagueoflegends.com/en-us/champions/neeko/,RIOT_DATA_DRAGON,"Riot Games, Inc.",300,550,~9:16,0.50,0.50,0.50,0.40,FOCAL_CROP,PENDING,NEEDS_VISUAL_QA,"Official loading art; useful as fallback in vertical contexts, but cinematic should prefer master splash crop if quality is better."
champion:neeko:generated_portrait_512,char:neeko,CHAMPION,Neeko,GENERATED_PORTRAIT_512,champions/generated/neeko-portrait-512.webp,,,DERIVED_FROM_RIOT_MASTER,"Riot Games, Inc.",,,1:1,0.50,0.50,0.50,0.40,FOCAL_CROP,GENERATE_AFTER_MASTER,NEEDS_VISUAL_QA,Derive from champions/master/neeko.jpg using focal points; never stretch.
champion:neeko:generated_card_4x5,char:neeko,CHAMPION,Neeko,GENERATED_CARD_4X5,champions/generated/neeko-card-4x5.webp,,,DERIVED_FROM_RIOT_MASTER,"Riot Games, Inc.",,,4:5,0.50,0.50,0.50,0.40,FOCAL_CROP,GENERATE_AFTER_MASTER,NEEDS_VISUAL_QA,Derive from champions/master/neeko.jpg using focal points; never stretch.
champion:neeko:generated_hero_16x9,char:neeko,CHAMPION,Neeko,GENERATED_HERO_16X9,champions/generated/neeko-hero-16x9.webp,,,DERIVED_FROM_RIOT_MASTER,"Riot Games, Inc.",,,16:9,0.50,0.50,0.50,0.40,FOCAL_CROP,GENERATE_AFTER_MASTER,NEEDS_VISUAL_QA,Derive from champions/master/neeko.jpg using focal points; never stretch.
champion:neeko:generated_cinematic_9x16,char:neeko,CHAMPION,Neeko,GENERATED_CINEMATIC_9X16,champions/generated/neeko-cinematic-9x16.webp,,,DERIVED_FROM_RIOT_MASTER,"Riot Games, Inc.",,,9:16,0.50,0.50,0.50,0.40,FOCAL_CROP,GENERATE_AFTER_MASTER,NEEDS_VISUAL_QA,Derive from champions/master/neeko.jpg using focal points; never stretch.
champion:nidalee:master,char:nidalee,CHAMPION,Nidalee,MASTER_SPLASH,champions/master/nidalee.jpg,https://ddragon.leagueoflegends.com/cdn/img/champion/splash/Nidalee_0.jpg,https://www.leagueoflegends.com/en-us/champions/nidalee/,RIOT_DATA_DRAGON,"Riot Games, Inc.",1200,700,~1.69:1,0.50,0.50,0.50,0.40,FOCAL_CROP,PENDING,NEEDS_VISUAL_QA,Official base splash. Use as master for derived crops; do not upscale low-res portrait assets.
champion:nidalee:loading,char:nidalee,CHAMPION,Nidalee,NATIVE_LOADING,champions/master/nidalee-loading.jpg,https://ddragon.leagueoflegends.com/cdn/img/champion/loading/Nidalee_0.jpg,https://www.leagueoflegends.com/en-us/champions/nidalee/,RIOT_DATA_DRAGON,"Riot Games, Inc.",300,550,~9:16,0.50,0.50,0.50,0.40,FOCAL_CROP,PENDING,NEEDS_VISUAL_QA,"Official loading art; useful as fallback in vertical contexts, but cinematic should prefer master splash crop if quality is better."
champion:nidalee:generated_portrait_512,char:nidalee,CHAMPION,Nidalee,GENERATED_PORTRAIT_512,champions/generated/nidalee-portrait-512.webp,,,DERIVED_FROM_RIOT_MASTER,"Riot Games, Inc.",,,1:1,0.50,0.50,0.50,0.40,FOCAL_CROP,GENERATE_AFTER_MASTER,NEEDS_VISUAL_QA,Derive from champions/master/nidalee.jpg using focal points; never stretch.
champion:nidalee:generated_card_4x5,char:nidalee,CHAMPION,Nidalee,GENERATED_CARD_4X5,champions/generated/nidalee-card-4x5.webp,,,DERIVED_FROM_RIOT_MASTER,"Riot Games, Inc.",,,4:5,0.50,0.50,0.50,0.40,FOCAL_CROP,GENERATE_AFTER_MASTER,NEEDS_VISUAL_QA,Derive from champions/master/nidalee.jpg using focal points; never stretch.
champion:nidalee:generated_hero_16x9,char:nidalee,CHAMPION,Nidalee,GENERATED_HERO_16X9,champions/generated/nidalee-hero-16x9.webp,,,DERIVED_FROM_RIOT_MASTER,"Riot Games, Inc.",,,16:9,0.50,0.50,0.50,0.40,FOCAL_CROP,GENERATE_AFTER_MASTER,NEEDS_VISUAL_QA,Derive from champions/master/nidalee.jpg using focal points; never stretch.
champion:nidalee:generated_cinematic_9x16,char:nidalee,CHAMPION,Nidalee,GENERATED_CINEMATIC_9X16,champions/generated/nidalee-cinematic-9x16.webp,,,DERIVED_FROM_RIOT_MASTER,"Riot Games, Inc.",,,9:16,0.50,0.50,0.50,0.40,FOCAL_CROP,GENERATE_AFTER_MASTER,NEEDS_VISUAL_QA,Derive from champions/master/nidalee.jpg using focal points; never stretch.
champion:nilah:master,char:nilah,CHAMPION,Nilah,MASTER_SPLASH,champions/master/nilah.jpg,https://ddragon.leagueoflegends.com/cdn/img/champion/splash/Nilah_0.jpg,https://www.leagueoflegends.com/en-us/champions/nilah/,RIOT_DATA_DRAGON,"Riot Games, Inc.",1200,700,~1.69:1,0.50,0.50,0.50,0.40,FOCAL_CROP,PENDING,NEEDS_VISUAL_QA,Official base splash. Use as master for derived crops; do not upscale low-res portrait assets.
champion:nilah:loading,char:nilah,CHAMPION,Nilah,NATIVE_LOADING,champions/master/nilah-loading.jpg,https://ddragon.leagueoflegends.com/cdn/img/champion/loading/Nilah_0.jpg,https://www.leagueoflegends.com/en-us/champions/nilah/,RIOT_DATA_DRAGON,"Riot Games, Inc.",300,550,~9:16,0.50,0.50,0.50,0.40,FOCAL_CROP,PENDING,NEEDS_VISUAL_QA,"Official loading art; useful as fallback in vertical contexts, but cinematic should prefer master splash crop if quality is better."
champion:nilah:generated_portrait_512,char:nilah,CHAMPION,Nilah,GENERATED_PORTRAIT_512,champions/generated/nilah-portrait-512.webp,,,DERIVED_FROM_RIOT_MASTER,"Riot Games, Inc.",,,1:1,0.50,0.50,0.50,0.40,FOCAL_CROP,GENERATE_AFTER_MASTER,NEEDS_VISUAL_QA,Derive from champions/master/nilah.jpg using focal points; never stretch.
champion:nilah:generated_card_4x5,char:nilah,CHAMPION,Nilah,GENERATED_CARD_4X5,champions/generated/nilah-card-4x5.webp,,,DERIVED_FROM_RIOT_MASTER,"Riot Games, Inc.",,,4:5,0.50,0.50,0.50,0.40,FOCAL_CROP,GENERATE_AFTER_MASTER,NEEDS_VISUAL_QA,Derive from champions/master/nilah.jpg using focal points; never stretch.
champion:nilah:generated_hero_16x9,char:nilah,CHAMPION,Nilah,GENERATED_HERO_16X9,champions/generated/nilah-hero-16x9.webp,,,DERIVED_FROM_RIOT_MASTER,"Riot Games, Inc.",,,16:9,0.50,0.50,0.50,0.40,FOCAL_CROP,GENERATE_AFTER_MASTER,NEEDS_VISUAL_QA,Derive from champions/master/nilah.jpg using focal points; never stretch.
champion:nilah:generated_cinematic_9x16,char:nilah,CHAMPION,Nilah,GENERATED_CINEMATIC_9X16,champions/generated/nilah-cinematic-9x16.webp,,,DERIVED_FROM_RIOT_MASTER,"Riot Games, Inc.",,,9:16,0.50,0.50,0.50,0.40,FOCAL_CROP,GENERATE_AFTER_MASTER,NEEDS_VISUAL_QA,Derive from champions/master/nilah.jpg using focal points; never stretch.
champion:nocturne:master,char:nocturne,CHAMPION,Nocturne,MASTER_SPLASH,champions/master/nocturne.jpg,https://ddragon.leagueoflegends.com/cdn/img/champion/splash/Nocturne_0.jpg,https://www.leagueoflegends.com/en-us/champions/nocturne/,RIOT_DATA_DRAGON,"Riot Games, Inc.",1200,700,~1.69:1,0.50,0.50,0.50,0.40,FOCAL_CROP,PENDING,NEEDS_VISUAL_QA,Official base splash. Use as master for derived crops; do not upscale low-res portrait assets.
champion:nocturne:loading,char:nocturne,CHAMPION,Nocturne,NATIVE_LOADING,champions/master/nocturne-loading.jpg,https://ddragon.leagueoflegends.com/cdn/img/champion/loading/Nocturne_0.jpg,https://www.leagueoflegends.com/en-us/champions/nocturne/,RIOT_DATA_DRAGON,"Riot Games, Inc.",300,550,~9:16,0.50,0.50,0.50,0.40,FOCAL_CROP,PENDING,NEEDS_VISUAL_QA,"Official loading art; useful as fallback in vertical contexts, but cinematic should prefer master splash crop if quality is better."
champion:nocturne:generated_portrait_512,char:nocturne,CHAMPION,Nocturne,GENERATED_PORTRAIT_512,champions/generated/nocturne-portrait-512.webp,,,DERIVED_FROM_RIOT_MASTER,"Riot Games, Inc.",,,1:1,0.50,0.50,0.50,0.40,FOCAL_CROP,GENERATE_AFTER_MASTER,NEEDS_VISUAL_QA,Derive from champions/master/nocturne.jpg using focal points; never stretch.
champion:nocturne:generated_card_4x5,char:nocturne,CHAMPION,Nocturne,GENERATED_CARD_4X5,champions/generated/nocturne-card-4x5.webp,,,DERIVED_FROM_RIOT_MASTER,"Riot Games, Inc.",,,4:5,0.50,0.50,0.50,0.40,FOCAL_CROP,GENERATE_AFTER_MASTER,NEEDS_VISUAL_QA,Derive from champions/master/nocturne.jpg using focal points; never stretch.
champion:nocturne:generated_hero_16x9,char:nocturne,CHAMPION,Nocturne,GENERATED_HERO_16X9,champions/generated/nocturne-hero-16x9.webp,,,DERIVED_FROM_RIOT_MASTER,"Riot Games, Inc.",,,16:9,0.50,0.50,0.50,0.40,FOCAL_CROP,GENERATE_AFTER_MASTER,NEEDS_VISUAL_QA,Derive from champions/master/nocturne.jpg using focal points; never stretch.
champion:nocturne:generated_cinematic_9x16,char:nocturne,CHAMPION,Nocturne,GENERATED_CINEMATIC_9X16,champions/generated/nocturne-cinematic-9x16.webp,,,DERIVED_FROM_RIOT_MASTER,"Riot Games, Inc.",,,9:16,0.50,0.50,0.50,0.40,FOCAL_CROP,GENERATE_AFTER_MASTER,NEEDS_VISUAL_QA,Derive from champions/master/nocturne.jpg using focal points; never stretch.
champion:nunu:master,char:nunu,CHAMPION,Nunu & Willump,MASTER_SPLASH,champions/master/nunu.jpg,https://ddragon.leagueoflegends.com/cdn/img/champion/splash/Nunu_0.jpg,https://www.leagueoflegends.com/en-us/champions/nunu/,RIOT_DATA_DRAGON,"Riot Games, Inc.",1200,700,~1.69:1,0.50,0.50,0.50,0.40,FOCAL_CROP,PENDING,NEEDS_VISUAL_QA,Official base splash. Use as master for derived crops; do not upscale low-res portrait assets.
champion:nunu:loading,char:nunu,CHAMPION,Nunu & Willump,NATIVE_LOADING,champions/master/nunu-loading.jpg,https://ddragon.leagueoflegends.com/cdn/img/champion/loading/Nunu_0.jpg,https://www.leagueoflegends.com/en-us/champions/nunu/,RIOT_DATA_DRAGON,"Riot Games, Inc.",300,550,~9:16,0.50,0.50,0.50,0.40,FOCAL_CROP,PENDING,NEEDS_VISUAL_QA,"Official loading art; useful as fallback in vertical contexts, but cinematic should prefer master splash crop if quality is better."
champion:nunu:generated_portrait_512,char:nunu,CHAMPION,Nunu & Willump,GENERATED_PORTRAIT_512,champions/generated/nunu-portrait-512.webp,,,DERIVED_FROM_RIOT_MASTER,"Riot Games, Inc.",,,1:1,0.50,0.50,0.50,0.40,FOCAL_CROP,GENERATE_AFTER_MASTER,NEEDS_VISUAL_QA,Derive from champions/master/nunu.jpg using focal points; never stretch.
champion:nunu:generated_card_4x5,char:nunu,CHAMPION,Nunu & Willump,GENERATED_CARD_4X5,champions/generated/nunu-card-4x5.webp,,,DERIVED_FROM_RIOT_MASTER,"Riot Games, Inc.",,,4:5,0.50,0.50,0.50,0.40,FOCAL_CROP,GENERATE_AFTER_MASTER,NEEDS_VISUAL_QA,Derive from champions/master/nunu.jpg using focal points; never stretch.
champion:nunu:generated_hero_16x9,char:nunu,CHAMPION,Nunu & Willump,GENERATED_HERO_16X9,champions/generated/nunu-hero-16x9.webp,,,DERIVED_FROM_RIOT_MASTER,"Riot Games, Inc.",,,16:9,0.50,0.50,0.50,0.40,FOCAL_CROP,GENERATE_AFTER_MASTER,NEEDS_VISUAL_QA,Derive from champions/master/nunu.jpg using focal points; never stretch.
champion:nunu:generated_cinematic_9x16,char:nunu,CHAMPION,Nunu & Willump,GENERATED_CINEMATIC_9X16,champions/generated/nunu-cinematic-9x16.webp,,,DERIVED_FROM_RIOT_MASTER,"Riot Games, Inc.",,,9:16,0.50,0.50,0.50,0.40,FOCAL_CROP,GENERATE_AFTER_MASTER,NEEDS_VISUAL_QA,Derive from champions/master/nunu.jpg using focal points; never stretch.
champion:olaf:master,char:olaf,CHAMPION,Olaf,MASTER_SPLASH,champions/master/olaf.jpg,https://ddragon.leagueoflegends.com/cdn/img/champion/splash/Olaf_0.jpg,https://www.leagueoflegends.com/en-us/champions/olaf/,RIOT_DATA_DRAGON,"Riot Games, Inc.",1200,700,~1.69:1,0.50,0.50,0.50,0.40,FOCAL_CROP,PENDING,NEEDS_VISUAL_QA,Official base splash. Use as master for derived crops; do not upscale low-res portrait assets.
champion:olaf:loading,char:olaf,CHAMPION,Olaf,NATIVE_LOADING,champions/master/olaf-loading.jpg,https://ddragon.leagueoflegends.com/cdn/img/champion/loading/Olaf_0.jpg,https://www.leagueoflegends.com/en-us/champions/olaf/,RIOT_DATA_DRAGON,"Riot Games, Inc.",300,550,~9:16,0.50,0.50,0.50,0.40,FOCAL_CROP,PENDING,NEEDS_VISUAL_QA,"Official loading art; useful as fallback in vertical contexts, but cinematic should prefer master splash crop if quality is better."
champion:olaf:generated_portrait_512,char:olaf,CHAMPION,Olaf,GENERATED_PORTRAIT_512,champions/generated/olaf-portrait-512.webp,,,DERIVED_FROM_RIOT_MASTER,"Riot Games, Inc.",,,1:1,0.50,0.50,0.50,0.40,FOCAL_CROP,GENERATE_AFTER_MASTER,NEEDS_VISUAL_QA,Derive from champions/master/olaf.jpg using focal points; never stretch.
champion:olaf:generated_card_4x5,char:olaf,CHAMPION,Olaf,GENERATED_CARD_4X5,champions/generated/olaf-card-4x5.webp,,,DERIVED_FROM_RIOT_MASTER,"Riot Games, Inc.",,,4:5,0.50,0.50,0.50,0.40,FOCAL_CROP,GENERATE_AFTER_MASTER,NEEDS_VISUAL_QA,Derive from champions/master/olaf.jpg using focal points; never stretch.
champion:olaf:generated_hero_16x9,char:olaf,CHAMPION,Olaf,GENERATED_HERO_16X9,champions/generated/olaf-hero-16x9.webp,,,DERIVED_FROM_RIOT_MASTER,"Riot Games, Inc.",,,16:9,0.50,0.50,0.50,0.40,FOCAL_CROP,GENERATE_AFTER_MASTER,NEEDS_VISUAL_QA,Derive from champions/master/olaf.jpg using focal points; never stretch.
champion:olaf:generated_cinematic_9x16,char:olaf,CHAMPION,Olaf,GENERATED_CINEMATIC_9X16,champions/generated/olaf-cinematic-9x16.webp,,,DERIVED_FROM_RIOT_MASTER,"Riot Games, Inc.",,,9:16,0.50,0.50,0.50,0.40,FOCAL_CROP,GENERATE_AFTER_MASTER,NEEDS_VISUAL_QA,Derive from champions/master/olaf.jpg using focal points; never stretch.
champion:orianna:master,char:orianna,CHAMPION,Orianna,MASTER_SPLASH,champions/master/orianna.jpg,https://ddragon.leagueoflegends.com/cdn/img/champion/splash/Orianna_0.jpg,https://www.leagueoflegends.com/en-us/champions/orianna/,RIOT_DATA_DRAGON,"Riot Games, Inc.",1200,700,~1.69:1,0.50,0.50,0.50,0.40,FOCAL_CROP,PENDING,NEEDS_VISUAL_QA,Official base splash. Use as master for derived crops; do not upscale low-res portrait assets.
champion:orianna:loading,char:orianna,CHAMPION,Orianna,NATIVE_LOADING,champions/master/orianna-loading.jpg,https://ddragon.leagueoflegends.com/cdn/img/champion/loading/Orianna_0.jpg,https://www.leagueoflegends.com/en-us/champions/orianna/,RIOT_DATA_DRAGON,"Riot Games, Inc.",300,550,~9:16,0.50,0.50,0.50,0.40,FOCAL_CROP,PENDING,NEEDS_VISUAL_QA,"Official loading art; useful as fallback in vertical contexts, but cinematic should prefer master splash crop if quality is better."
champion:orianna:generated_portrait_512,char:orianna,CHAMPION,Orianna,GENERATED_PORTRAIT_512,champions/generated/orianna-portrait-512.webp,,,DERIVED_FROM_RIOT_MASTER,"Riot Games, Inc.",,,1:1,0.50,0.50,0.50,0.40,FOCAL_CROP,GENERATE_AFTER_MASTER,NEEDS_VISUAL_QA,Derive from champions/master/orianna.jpg using focal points; never stretch.
champion:orianna:generated_card_4x5,char:orianna,CHAMPION,Orianna,GENERATED_CARD_4X5,champions/generated/orianna-card-4x5.webp,,,DERIVED_FROM_RIOT_MASTER,"Riot Games, Inc.",,,4:5,0.50,0.50,0.50,0.40,FOCAL_CROP,GENERATE_AFTER_MASTER,NEEDS_VISUAL_QA,Derive from champions/master/orianna.jpg using focal points; never stretch.
champion:orianna:generated_hero_16x9,char:orianna,CHAMPION,Orianna,GENERATED_HERO_16X9,champions/generated/orianna-hero-16x9.webp,,,DERIVED_FROM_RIOT_MASTER,"Riot Games, Inc.",,,16:9,0.50,0.50,0.50,0.40,FOCAL_CROP,GENERATE_AFTER_MASTER,NEEDS_VISUAL_QA,Derive from champions/master/orianna.jpg using focal points; never stretch.
champion:orianna:generated_cinematic_9x16,char:orianna,CHAMPION,Orianna,GENERATED_CINEMATIC_9X16,champions/generated/orianna-cinematic-9x16.webp,,,DERIVED_FROM_RIOT_MASTER,"Riot Games, Inc.",,,9:16,0.50,0.50,0.50,0.40,FOCAL_CROP,GENERATE_AFTER_MASTER,NEEDS_VISUAL_QA,Derive from champions/master/orianna.jpg using focal points; never stretch.
champion:ornn:master,char:ornn,CHAMPION,Ornn,MASTER_SPLASH,champions/master/ornn.jpg,https://ddragon.leagueoflegends.com/cdn/img/champion/splash/Ornn_0.jpg,https://www.leagueoflegends.com/en-us/champions/ornn/,RIOT_DATA_DRAGON,"Riot Games, Inc.",1200,700,~1.69:1,0.50,0.50,0.50,0.40,FOCAL_CROP,PENDING,NEEDS_VISUAL_QA,Official base splash. Use as master for derived crops; do not upscale low-res portrait assets.
champion:ornn:loading,char:ornn,CHAMPION,Ornn,NATIVE_LOADING,champions/master/ornn-loading.jpg,https://ddragon.leagueoflegends.com/cdn/img/champion/loading/Ornn_0.jpg,https://www.leagueoflegends.com/en-us/champions/ornn/,RIOT_DATA_DRAGON,"Riot Games, Inc.",300,550,~9:16,0.50,0.50,0.50,0.40,FOCAL_CROP,PENDING,NEEDS_VISUAL_QA,"Official loading art; useful as fallback in vertical contexts, but cinematic should prefer master splash crop if quality is better."
champion:ornn:generated_portrait_512,char:ornn,CHAMPION,Ornn,GENERATED_PORTRAIT_512,champions/generated/ornn-portrait-512.webp,,,DERIVED_FROM_RIOT_MASTER,"Riot Games, Inc.",,,1:1,0.50,0.50,0.50,0.40,FOCAL_CROP,GENERATE_AFTER_MASTER,NEEDS_VISUAL_QA,Derive from champions/master/ornn.jpg using focal points; never stretch.
champion:ornn:generated_card_4x5,char:ornn,CHAMPION,Ornn,GENERATED_CARD_4X5,champions/generated/ornn-card-4x5.webp,,,DERIVED_FROM_RIOT_MASTER,"Riot Games, Inc.",,,4:5,0.50,0.50,0.50,0.40,FOCAL_CROP,GENERATE_AFTER_MASTER,NEEDS_VISUAL_QA,Derive from champions/master/ornn.jpg using focal points; never stretch.
champion:ornn:generated_hero_16x9,char:ornn,CHAMPION,Ornn,GENERATED_HERO_16X9,champions/generated/ornn-hero-16x9.webp,,,DERIVED_FROM_RIOT_MASTER,"Riot Games, Inc.",,,16:9,0.50,0.50,0.50,0.40,FOCAL_CROP,GENERATE_AFTER_MASTER,NEEDS_VISUAL_QA,Derive from champions/master/ornn.jpg using focal points; never stretch.
champion:ornn:generated_cinematic_9x16,char:ornn,CHAMPION,Ornn,GENERATED_CINEMATIC_9X16,champions/generated/ornn-cinematic-9x16.webp,,,DERIVED_FROM_RIOT_MASTER,"Riot Games, Inc.",,,9:16,0.50,0.50,0.50,0.40,FOCAL_CROP,GENERATE_AFTER_MASTER,NEEDS_VISUAL_QA,Derive from champions/master/ornn.jpg using focal points; never stretch.
champion:pantheon:master,char:pantheon,CHAMPION,Pantheon,MASTER_SPLASH,champions/master/pantheon.jpg,https://ddragon.leagueoflegends.com/cdn/img/champion/splash/Pantheon_0.jpg,https://www.leagueoflegends.com/en-us/champions/pantheon/,RIOT_DATA_DRAGON,"Riot Games, Inc.",1200,700,~1.69:1,0.50,0.50,0.50,0.40,FOCAL_CROP,PENDING,NEEDS_VISUAL_QA,Official base splash. Use as master for derived crops; do not upscale low-res portrait assets.
champion:pantheon:loading,char:pantheon,CHAMPION,Pantheon,NATIVE_LOADING,champions/master/pantheon-loading.jpg,https://ddragon.leagueoflegends.com/cdn/img/champion/loading/Pantheon_0.jpg,https://www.leagueoflegends.com/en-us/champions/pantheon/,RIOT_DATA_DRAGON,"Riot Games, Inc.",300,550,~9:16,0.50,0.50,0.50,0.40,FOCAL_CROP,PENDING,NEEDS_VISUAL_QA,"Official loading art; useful as fallback in vertical contexts, but cinematic should prefer master splash crop if quality is better."
champion:pantheon:generated_portrait_512,char:pantheon,CHAMPION,Pantheon,GENERATED_PORTRAIT_512,champions/generated/pantheon-portrait-512.webp,,,DERIVED_FROM_RIOT_MASTER,"Riot Games, Inc.",,,1:1,0.50,0.50,0.50,0.40,FOCAL_CROP,GENERATE_AFTER_MASTER,NEEDS_VISUAL_QA,Derive from champions/master/pantheon.jpg using focal points; never stretch.
champion:pantheon:generated_card_4x5,char:pantheon,CHAMPION,Pantheon,GENERATED_CARD_4X5,champions/generated/pantheon-card-4x5.webp,,,DERIVED_FROM_RIOT_MASTER,"Riot Games, Inc.",,,4:5,0.50,0.50,0.50,0.40,FOCAL_CROP,GENERATE_AFTER_MASTER,NEEDS_VISUAL_QA,Derive from champions/master/pantheon.jpg using focal points; never stretch.
champion:pantheon:generated_hero_16x9,char:pantheon,CHAMPION,Pantheon,GENERATED_HERO_16X9,champions/generated/pantheon-hero-16x9.webp,,,DERIVED_FROM_RIOT_MASTER,"Riot Games, Inc.",,,16:9,0.50,0.50,0.50,0.40,FOCAL_CROP,GENERATE_AFTER_MASTER,NEEDS_VISUAL_QA,Derive from champions/master/pantheon.jpg using focal points; never stretch.
champion:pantheon:generated_cinematic_9x16,char:pantheon,CHAMPION,Pantheon,GENERATED_CINEMATIC_9X16,champions/generated/pantheon-cinematic-9x16.webp,,,DERIVED_FROM_RIOT_MASTER,"Riot Games, Inc.",,,9:16,0.50,0.50,0.50,0.40,FOCAL_CROP,GENERATE_AFTER_MASTER,NEEDS_VISUAL_QA,Derive from champions/master/pantheon.jpg using focal points; never stretch.
champion:poppy:master,char:poppy,CHAMPION,Poppy,MASTER_SPLASH,champions/master/poppy.jpg,https://ddragon.leagueoflegends.com/cdn/img/champion/splash/Poppy_0.jpg,https://www.leagueoflegends.com/en-us/champions/poppy/,RIOT_DATA_DRAGON,"Riot Games, Inc.",1200,700,~1.69:1,0.50,0.50,0.50,0.40,FOCAL_CROP,PENDING,NEEDS_VISUAL_QA,Official base splash. Use as master for derived crops; do not upscale low-res portrait assets.
champion:poppy:loading,char:poppy,CHAMPION,Poppy,NATIVE_LOADING,champions/master/poppy-loading.jpg,https://ddragon.leagueoflegends.com/cdn/img/champion/loading/Poppy_0.jpg,https://www.leagueoflegends.com/en-us/champions/poppy/,RIOT_DATA_DRAGON,"Riot Games, Inc.",300,550,~9:16,0.50,0.50,0.50,0.40,FOCAL_CROP,PENDING,NEEDS_VISUAL_QA,"Official loading art; useful as fallback in vertical contexts, but cinematic should prefer master splash crop if quality is better."
champion:poppy:generated_portrait_512,char:poppy,CHAMPION,Poppy,GENERATED_PORTRAIT_512,champions/generated/poppy-portrait-512.webp,,,DERIVED_FROM_RIOT_MASTER,"Riot Games, Inc.",,,1:1,0.50,0.50,0.50,0.40,FOCAL_CROP,GENERATE_AFTER_MASTER,NEEDS_VISUAL_QA,Derive from champions/master/poppy.jpg using focal points; never stretch.
champion:poppy:generated_card_4x5,char:poppy,CHAMPION,Poppy,GENERATED_CARD_4X5,champions/generated/poppy-card-4x5.webp,,,DERIVED_FROM_RIOT_MASTER,"Riot Games, Inc.",,,4:5,0.50,0.50,0.50,0.40,FOCAL_CROP,GENERATE_AFTER_MASTER,NEEDS_VISUAL_QA,Derive from champions/master/poppy.jpg using focal points; never stretch.
champion:poppy:generated_hero_16x9,char:poppy,CHAMPION,Poppy,GENERATED_HERO_16X9,champions/generated/poppy-hero-16x9.webp,,,DERIVED_FROM_RIOT_MASTER,"Riot Games, Inc.",,,16:9,0.50,0.50,0.50,0.40,FOCAL_CROP,GENERATE_AFTER_MASTER,NEEDS_VISUAL_QA,Derive from champions/master/poppy.jpg using focal points; never stretch.
champion:poppy:generated_cinematic_9x16,char:poppy,CHAMPION,Poppy,GENERATED_CINEMATIC_9X16,champions/generated/poppy-cinematic-9x16.webp,,,DERIVED_FROM_RIOT_MASTER,"Riot Games, Inc.",,,9:16,0.50,0.50,0.50,0.40,FOCAL_CROP,GENERATE_AFTER_MASTER,NEEDS_VISUAL_QA,Derive from champions/master/poppy.jpg using focal points; never stretch.
champion:pyke:master,char:pyke,CHAMPION,Pyke,MASTER_SPLASH,champions/master/pyke.jpg,https://ddragon.leagueoflegends.com/cdn/img/champion/splash/Pyke_0.jpg,https://www.leagueoflegends.com/en-us/champions/pyke/,RIOT_DATA_DRAGON,"Riot Games, Inc.",1200,700,~1.69:1,0.50,0.50,0.50,0.40,FOCAL_CROP,PENDING,NEEDS_VISUAL_QA,Official base splash. Use as master for derived crops; do not upscale low-res portrait assets.
champion:pyke:loading,char:pyke,CHAMPION,Pyke,NATIVE_LOADING,champions/master/pyke-loading.jpg,https://ddragon.leagueoflegends.com/cdn/img/champion/loading/Pyke_0.jpg,https://www.leagueoflegends.com/en-us/champions/pyke/,RIOT_DATA_DRAGON,"Riot Games, Inc.",300,550,~9:16,0.50,0.50,0.50,0.40,FOCAL_CROP,PENDING,NEEDS_VISUAL_QA,"Official loading art; useful as fallback in vertical contexts, but cinematic should prefer master splash crop if quality is better."
champion:pyke:generated_portrait_512,char:pyke,CHAMPION,Pyke,GENERATED_PORTRAIT_512,champions/generated/pyke-portrait-512.webp,,,DERIVED_FROM_RIOT_MASTER,"Riot Games, Inc.",,,1:1,0.50,0.50,0.50,0.40,FOCAL_CROP,GENERATE_AFTER_MASTER,NEEDS_VISUAL_QA,Derive from champions/master/pyke.jpg using focal points; never stretch.
champion:pyke:generated_card_4x5,char:pyke,CHAMPION,Pyke,GENERATED_CARD_4X5,champions/generated/pyke-card-4x5.webp,,,DERIVED_FROM_RIOT_MASTER,"Riot Games, Inc.",,,4:5,0.50,0.50,0.50,0.40,FOCAL_CROP,GENERATE_AFTER_MASTER,NEEDS_VISUAL_QA,Derive from champions/master/pyke.jpg using focal points; never stretch.
champion:pyke:generated_hero_16x9,char:pyke,CHAMPION,Pyke,GENERATED_HERO_16X9,champions/generated/pyke-hero-16x9.webp,,,DERIVED_FROM_RIOT_MASTER,"Riot Games, Inc.",,,16:9,0.50,0.50,0.50,0.40,FOCAL_CROP,GENERATE_AFTER_MASTER,NEEDS_VISUAL_QA,Derive from champions/master/pyke.jpg using focal points; never stretch.
champion:pyke:generated_cinematic_9x16,char:pyke,CHAMPION,Pyke,GENERATED_CINEMATIC_9X16,champions/generated/pyke-cinematic-9x16.webp,,,DERIVED_FROM_RIOT_MASTER,"Riot Games, Inc.",,,9:16,0.50,0.50,0.50,0.40,FOCAL_CROP,GENERATE_AFTER_MASTER,NEEDS_VISUAL_QA,Derive from champions/master/pyke.jpg using focal points; never stretch.
champion:qiyana:master,char:qiyana,CHAMPION,Qiyana,MASTER_SPLASH,champions/master/qiyana.jpg,https://ddragon.leagueoflegends.com/cdn/img/champion/splash/Qiyana_0.jpg,https://www.leagueoflegends.com/en-us/champions/qiyana/,RIOT_DATA_DRAGON,"Riot Games, Inc.",1200,700,~1.69:1,0.50,0.50,0.50,0.40,FOCAL_CROP,PENDING,NEEDS_VISUAL_QA,Official base splash. Use as master for derived crops; do not upscale low-res portrait assets.
champion:qiyana:loading,char:qiyana,CHAMPION,Qiyana,NATIVE_LOADING,champions/master/qiyana-loading.jpg,https://ddragon.leagueoflegends.com/cdn/img/champion/loading/Qiyana_0.jpg,https://www.leagueoflegends.com/en-us/champions/qiyana/,RIOT_DATA_DRAGON,"Riot Games, Inc.",300,550,~9:16,0.50,0.50,0.50,0.40,FOCAL_CROP,PENDING,NEEDS_VISUAL_QA,"Official loading art; useful as fallback in vertical contexts, but cinematic should prefer master splash crop if quality is better."
champion:qiyana:generated_portrait_512,char:qiyana,CHAMPION,Qiyana,GENERATED_PORTRAIT_512,champions/generated/qiyana-portrait-512.webp,,,DERIVED_FROM_RIOT_MASTER,"Riot Games, Inc.",,,1:1,0.50,0.50,0.50,0.40,FOCAL_CROP,GENERATE_AFTER_MASTER,NEEDS_VISUAL_QA,Derive from champions/master/qiyana.jpg using focal points; never stretch.
champion:qiyana:generated_card_4x5,char:qiyana,CHAMPION,Qiyana,GENERATED_CARD_4X5,champions/generated/qiyana-card-4x5.webp,,,DERIVED_FROM_RIOT_MASTER,"Riot Games, Inc.",,,4:5,0.50,0.50,0.50,0.40,FOCAL_CROP,GENERATE_AFTER_MASTER,NEEDS_VISUAL_QA,Derive from champions/master/qiyana.jpg using focal points; never stretch.
champion:qiyana:generated_hero_16x9,char:qiyana,CHAMPION,Qiyana,GENERATED_HERO_16X9,champions/generated/qiyana-hero-16x9.webp,,,DERIVED_FROM_RIOT_MASTER,"Riot Games, Inc.",,,16:9,0.50,0.50,0.50,0.40,FOCAL_CROP,GENERATE_AFTER_MASTER,NEEDS_VISUAL_QA,Derive from champions/master/qiyana.jpg using focal points; never stretch.
champion:qiyana:generated_cinematic_9x16,char:qiyana,CHAMPION,Qiyana,GENERATED_CINEMATIC_9X16,champions/generated/qiyana-cinematic-9x16.webp,,,DERIVED_FROM_RIOT_MASTER,"Riot Games, Inc.",,,9:16,0.50,0.50,0.50,0.40,FOCAL_CROP,GENERATE_AFTER_MASTER,NEEDS_VISUAL_QA,Derive from champions/master/qiyana.jpg using focal points; never stretch.
champion:quinn:master,char:quinn,CHAMPION,Quinn,MASTER_SPLASH,champions/master/quinn.jpg,https://ddragon.leagueoflegends.com/cdn/img/champion/splash/Quinn_0.jpg,https://www.leagueoflegends.com/en-us/champions/quinn/,RIOT_DATA_DRAGON,"Riot Games, Inc.",1200,700,~1.69:1,0.50,0.50,0.50,0.40,FOCAL_CROP,PENDING,NEEDS_VISUAL_QA,Official base splash. Use as master for derived crops; do not upscale low-res portrait assets.
champion:quinn:loading,char:quinn,CHAMPION,Quinn,NATIVE_LOADING,champions/master/quinn-loading.jpg,https://ddragon.leagueoflegends.com/cdn/img/champion/loading/Quinn_0.jpg,https://www.leagueoflegends.com/en-us/champions/quinn/,RIOT_DATA_DRAGON,"Riot Games, Inc.",300,550,~9:16,0.50,0.50,0.50,0.40,FOCAL_CROP,PENDING,NEEDS_VISUAL_QA,"Official loading art; useful as fallback in vertical contexts, but cinematic should prefer master splash crop if quality is better."
champion:quinn:generated_portrait_512,char:quinn,CHAMPION,Quinn,GENERATED_PORTRAIT_512,champions/generated/quinn-portrait-512.webp,,,DERIVED_FROM_RIOT_MASTER,"Riot Games, Inc.",,,1:1,0.50,0.50,0.50,0.40,FOCAL_CROP,GENERATE_AFTER_MASTER,NEEDS_VISUAL_QA,Derive from champions/master/quinn.jpg using focal points; never stretch.
champion:quinn:generated_card_4x5,char:quinn,CHAMPION,Quinn,GENERATED_CARD_4X5,champions/generated/quinn-card-4x5.webp,,,DERIVED_FROM_RIOT_MASTER,"Riot Games, Inc.",,,4:5,0.50,0.50,0.50,0.40,FOCAL_CROP,GENERATE_AFTER_MASTER,NEEDS_VISUAL_QA,Derive from champions/master/quinn.jpg using focal points; never stretch.
champion:quinn:generated_hero_16x9,char:quinn,CHAMPION,Quinn,GENERATED_HERO_16X9,champions/generated/quinn-hero-16x9.webp,,,DERIVED_FROM_RIOT_MASTER,"Riot Games, Inc.",,,16:9,0.50,0.50,0.50,0.40,FOCAL_CROP,GENERATE_AFTER_MASTER,NEEDS_VISUAL_QA,Derive from champions/master/quinn.jpg using focal points; never stretch.
champion:quinn:generated_cinematic_9x16,char:quinn,CHAMPION,Quinn,GENERATED_CINEMATIC_9X16,champions/generated/quinn-cinematic-9x16.webp,,,DERIVED_FROM_RIOT_MASTER,"Riot Games, Inc.",,,9:16,0.50,0.50,0.50,0.40,FOCAL_CROP,GENERATE_AFTER_MASTER,NEEDS_VISUAL_QA,Derive from champions/master/quinn.jpg using focal points; never stretch.
champion:rakan:master,char:rakan,CHAMPION,Rakan,MASTER_SPLASH,champions/master/rakan.jpg,https://ddragon.leagueoflegends.com/cdn/img/champion/splash/Rakan_0.jpg,https://www.leagueoflegends.com/en-us/champions/rakan/,RIOT_DATA_DRAGON,"Riot Games, Inc.",1200,700,~1.69:1,0.50,0.50,0.50,0.40,FOCAL_CROP,PENDING,NEEDS_VISUAL_QA,Official base splash. Use as master for derived crops; do not upscale low-res portrait assets.
champion:rakan:loading,char:rakan,CHAMPION,Rakan,NATIVE_LOADING,champions/master/rakan-loading.jpg,https://ddragon.leagueoflegends.com/cdn/img/champion/loading/Rakan_0.jpg,https://www.leagueoflegends.com/en-us/champions/rakan/,RIOT_DATA_DRAGON,"Riot Games, Inc.",300,550,~9:16,0.50,0.50,0.50,0.40,FOCAL_CROP,PENDING,NEEDS_VISUAL_QA,"Official loading art; useful as fallback in vertical contexts, but cinematic should prefer master splash crop if quality is better."
champion:rakan:generated_portrait_512,char:rakan,CHAMPION,Rakan,GENERATED_PORTRAIT_512,champions/generated/rakan-portrait-512.webp,,,DERIVED_FROM_RIOT_MASTER,"Riot Games, Inc.",,,1:1,0.50,0.50,0.50,0.40,FOCAL_CROP,GENERATE_AFTER_MASTER,NEEDS_VISUAL_QA,Derive from champions/master/rakan.jpg using focal points; never stretch.
champion:rakan:generated_card_4x5,char:rakan,CHAMPION,Rakan,GENERATED_CARD_4X5,champions/generated/rakan-card-4x5.webp,,,DERIVED_FROM_RIOT_MASTER,"Riot Games, Inc.",,,4:5,0.50,0.50,0.50,0.40,FOCAL_CROP,GENERATE_AFTER_MASTER,NEEDS_VISUAL_QA,Derive from champions/master/rakan.jpg using focal points; never stretch.
champion:rakan:generated_hero_16x9,char:rakan,CHAMPION,Rakan,GENERATED_HERO_16X9,champions/generated/rakan-hero-16x9.webp,,,DERIVED_FROM_RIOT_MASTER,"Riot Games, Inc.",,,16:9,0.50,0.50,0.50,0.40,FOCAL_CROP,GENERATE_AFTER_MASTER,NEEDS_VISUAL_QA,Derive from champions/master/rakan.jpg using focal points; never stretch.
champion:rakan:generated_cinematic_9x16,char:rakan,CHAMPION,Rakan,GENERATED_CINEMATIC_9X16,champions/generated/rakan-cinematic-9x16.webp,,,DERIVED_FROM_RIOT_MASTER,"Riot Games, Inc.",,,9:16,0.50,0.50,0.50,0.40,FOCAL_CROP,GENERATE_AFTER_MASTER,NEEDS_VISUAL_QA,Derive from champions/master/rakan.jpg using focal points; never stretch.
champion:rammus:master,char:rammus,CHAMPION,Rammus,MASTER_SPLASH,champions/master/rammus.jpg,https://ddragon.leagueoflegends.com/cdn/img/champion/splash/Rammus_0.jpg,https://www.leagueoflegends.com/en-us/champions/rammus/,RIOT_DATA_DRAGON,"Riot Games, Inc.",1200,700,~1.69:1,0.50,0.50,0.50,0.40,FOCAL_CROP,PENDING,NEEDS_VISUAL_QA,Official base splash. Use as master for derived crops; do not upscale low-res portrait assets.
champion:rammus:loading,char:rammus,CHAMPION,Rammus,NATIVE_LOADING,champions/master/rammus-loading.jpg,https://ddragon.leagueoflegends.com/cdn/img/champion/loading/Rammus_0.jpg,https://www.leagueoflegends.com/en-us/champions/rammus/,RIOT_DATA_DRAGON,"Riot Games, Inc.",300,550,~9:16,0.50,0.50,0.50,0.40,FOCAL_CROP,PENDING,NEEDS_VISUAL_QA,"Official loading art; useful as fallback in vertical contexts, but cinematic should prefer master splash crop if quality is better."
champion:rammus:generated_portrait_512,char:rammus,CHAMPION,Rammus,GENERATED_PORTRAIT_512,champions/generated/rammus-portrait-512.webp,,,DERIVED_FROM_RIOT_MASTER,"Riot Games, Inc.",,,1:1,0.50,0.50,0.50,0.40,FOCAL_CROP,GENERATE_AFTER_MASTER,NEEDS_VISUAL_QA,Derive from champions/master/rammus.jpg using focal points; never stretch.
champion:rammus:generated_card_4x5,char:rammus,CHAMPION,Rammus,GENERATED_CARD_4X5,champions/generated/rammus-card-4x5.webp,,,DERIVED_FROM_RIOT_MASTER,"Riot Games, Inc.",,,4:5,0.50,0.50,0.50,0.40,FOCAL_CROP,GENERATE_AFTER_MASTER,NEEDS_VISUAL_QA,Derive from champions/master/rammus.jpg using focal points; never stretch.
champion:rammus:generated_hero_16x9,char:rammus,CHAMPION,Rammus,GENERATED_HERO_16X9,champions/generated/rammus-hero-16x9.webp,,,DERIVED_FROM_RIOT_MASTER,"Riot Games, Inc.",,,16:9,0.50,0.50,0.50,0.40,FOCAL_CROP,GENERATE_AFTER_MASTER,NEEDS_VISUAL_QA,Derive from champions/master/rammus.jpg using focal points; never stretch.
champion:rammus:generated_cinematic_9x16,char:rammus,CHAMPION,Rammus,GENERATED_CINEMATIC_9X16,champions/generated/rammus-cinematic-9x16.webp,,,DERIVED_FROM_RIOT_MASTER,"Riot Games, Inc.",,,9:16,0.50,0.50,0.50,0.40,FOCAL_CROP,GENERATE_AFTER_MASTER,NEEDS_VISUAL_QA,Derive from champions/master/rammus.jpg using focal points; never stretch.
champion:rek-sai:master,char:rek-sai,CHAMPION,Rek'Sai,MASTER_SPLASH,champions/master/rek-sai.jpg,https://ddragon.leagueoflegends.com/cdn/img/champion/splash/RekSai_0.jpg,https://www.leagueoflegends.com/en-us/champions/rek-sai/,RIOT_DATA_DRAGON,"Riot Games, Inc.",1200,700,~1.69:1,0.50,0.50,0.50,0.40,FOCAL_CROP,PENDING,NEEDS_VISUAL_QA,Official base splash. Use as master for derived crops; do not upscale low-res portrait assets.
champion:rek-sai:loading,char:rek-sai,CHAMPION,Rek'Sai,NATIVE_LOADING,champions/master/rek-sai-loading.jpg,https://ddragon.leagueoflegends.com/cdn/img/champion/loading/RekSai_0.jpg,https://www.leagueoflegends.com/en-us/champions/rek-sai/,RIOT_DATA_DRAGON,"Riot Games, Inc.",300,550,~9:16,0.50,0.50,0.50,0.40,FOCAL_CROP,PENDING,NEEDS_VISUAL_QA,"Official loading art; useful as fallback in vertical contexts, but cinematic should prefer master splash crop if quality is better."
champion:rek-sai:generated_portrait_512,char:rek-sai,CHAMPION,Rek'Sai,GENERATED_PORTRAIT_512,champions/generated/rek-sai-portrait-512.webp,,,DERIVED_FROM_RIOT_MASTER,"Riot Games, Inc.",,,1:1,0.50,0.50,0.50,0.40,FOCAL_CROP,GENERATE_AFTER_MASTER,NEEDS_VISUAL_QA,Derive from champions/master/rek-sai.jpg using focal points; never stretch.
champion:rek-sai:generated_card_4x5,char:rek-sai,CHAMPION,Rek'Sai,GENERATED_CARD_4X5,champions/generated/rek-sai-card-4x5.webp,,,DERIVED_FROM_RIOT_MASTER,"Riot Games, Inc.",,,4:5,0.50,0.50,0.50,0.40,FOCAL_CROP,GENERATE_AFTER_MASTER,NEEDS_VISUAL_QA,Derive from champions/master/rek-sai.jpg using focal points; never stretch.
champion:rek-sai:generated_hero_16x9,char:rek-sai,CHAMPION,Rek'Sai,GENERATED_HERO_16X9,champions/generated/rek-sai-hero-16x9.webp,,,DERIVED_FROM_RIOT_MASTER,"Riot Games, Inc.",,,16:9,0.50,0.50,0.50,0.40,FOCAL_CROP,GENERATE_AFTER_MASTER,NEEDS_VISUAL_QA,Derive from champions/master/rek-sai.jpg using focal points; never stretch.
champion:rek-sai:generated_cinematic_9x16,char:rek-sai,CHAMPION,Rek'Sai,GENERATED_CINEMATIC_9X16,champions/generated/rek-sai-cinematic-9x16.webp,,,DERIVED_FROM_RIOT_MASTER,"Riot Games, Inc.",,,9:16,0.50,0.50,0.50,0.40,FOCAL_CROP,GENERATE_AFTER_MASTER,NEEDS_VISUAL_QA,Derive from champions/master/rek-sai.jpg using focal points; never stretch.
champion:rell:master,char:rell,CHAMPION,Rell,MASTER_SPLASH,champions/master/rell.jpg,https://ddragon.leagueoflegends.com/cdn/img/champion/splash/Rell_0.jpg,https://www.leagueoflegends.com/en-us/champions/rell/,RIOT_DATA_DRAGON,"Riot Games, Inc.",1200,700,~1.69:1,0.50,0.50,0.50,0.40,FOCAL_CROP,PENDING,NEEDS_VISUAL_QA,Official base splash. Use as master for derived crops; do not upscale low-res portrait assets.
champion:rell:loading,char:rell,CHAMPION,Rell,NATIVE_LOADING,champions/master/rell-loading.jpg,https://ddragon.leagueoflegends.com/cdn/img/champion/loading/Rell_0.jpg,https://www.leagueoflegends.com/en-us/champions/rell/,RIOT_DATA_DRAGON,"Riot Games, Inc.",300,550,~9:16,0.50,0.50,0.50,0.40,FOCAL_CROP,PENDING,NEEDS_VISUAL_QA,"Official loading art; useful as fallback in vertical contexts, but cinematic should prefer master splash crop if quality is better."
champion:rell:generated_portrait_512,char:rell,CHAMPION,Rell,GENERATED_PORTRAIT_512,champions/generated/rell-portrait-512.webp,,,DERIVED_FROM_RIOT_MASTER,"Riot Games, Inc.",,,1:1,0.50,0.50,0.50,0.40,FOCAL_CROP,GENERATE_AFTER_MASTER,NEEDS_VISUAL_QA,Derive from champions/master/rell.jpg using focal points; never stretch.
champion:rell:generated_card_4x5,char:rell,CHAMPION,Rell,GENERATED_CARD_4X5,champions/generated/rell-card-4x5.webp,,,DERIVED_FROM_RIOT_MASTER,"Riot Games, Inc.",,,4:5,0.50,0.50,0.50,0.40,FOCAL_CROP,GENERATE_AFTER_MASTER,NEEDS_VISUAL_QA,Derive from champions/master/rell.jpg using focal points; never stretch.
champion:rell:generated_hero_16x9,char:rell,CHAMPION,Rell,GENERATED_HERO_16X9,champions/generated/rell-hero-16x9.webp,,,DERIVED_FROM_RIOT_MASTER,"Riot Games, Inc.",,,16:9,0.50,0.50,0.50,0.40,FOCAL_CROP,GENERATE_AFTER_MASTER,NEEDS_VISUAL_QA,Derive from champions/master/rell.jpg using focal points; never stretch.
champion:rell:generated_cinematic_9x16,char:rell,CHAMPION,Rell,GENERATED_CINEMATIC_9X16,champions/generated/rell-cinematic-9x16.webp,,,DERIVED_FROM_RIOT_MASTER,"Riot Games, Inc.",,,9:16,0.50,0.50,0.50,0.40,FOCAL_CROP,GENERATE_AFTER_MASTER,NEEDS_VISUAL_QA,Derive from champions/master/rell.jpg using focal points; never stretch.
champion:renata-glasc:master,char:renata-glasc,CHAMPION,Renata Glasc,MASTER_SPLASH,champions/master/renata-glasc.jpg,https://ddragon.leagueoflegends.com/cdn/img/champion/splash/Renata_0.jpg,https://www.leagueoflegends.com/en-us/champions/renata-glasc/,RIOT_DATA_DRAGON,"Riot Games, Inc.",1200,700,~1.69:1,0.50,0.50,0.50,0.40,FOCAL_CROP,PENDING,NEEDS_VISUAL_QA,Official base splash. Use as master for derived crops; do not upscale low-res portrait assets.
champion:renata-glasc:loading,char:renata-glasc,CHAMPION,Renata Glasc,NATIVE_LOADING,champions/master/renata-glasc-loading.jpg,https://ddragon.leagueoflegends.com/cdn/img/champion/loading/Renata_0.jpg,https://www.leagueoflegends.com/en-us/champions/renata-glasc/,RIOT_DATA_DRAGON,"Riot Games, Inc.",300,550,~9:16,0.50,0.50,0.50,0.40,FOCAL_CROP,PENDING,NEEDS_VISUAL_QA,"Official loading art; useful as fallback in vertical contexts, but cinematic should prefer master splash crop if quality is better."
champion:renata-glasc:generated_portrait_512,char:renata-glasc,CHAMPION,Renata Glasc,GENERATED_PORTRAIT_512,champions/generated/renata-glasc-portrait-512.webp,,,DERIVED_FROM_RIOT_MASTER,"Riot Games, Inc.",,,1:1,0.50,0.50,0.50,0.40,FOCAL_CROP,GENERATE_AFTER_MASTER,NEEDS_VISUAL_QA,Derive from champions/master/renata-glasc.jpg using focal points; never stretch.
champion:renata-glasc:generated_card_4x5,char:renata-glasc,CHAMPION,Renata Glasc,GENERATED_CARD_4X5,champions/generated/renata-glasc-card-4x5.webp,,,DERIVED_FROM_RIOT_MASTER,"Riot Games, Inc.",,,4:5,0.50,0.50,0.50,0.40,FOCAL_CROP,GENERATE_AFTER_MASTER,NEEDS_VISUAL_QA,Derive from champions/master/renata-glasc.jpg using focal points; never stretch.
champion:renata-glasc:generated_hero_16x9,char:renata-glasc,CHAMPION,Renata Glasc,GENERATED_HERO_16X9,champions/generated/renata-glasc-hero-16x9.webp,,,DERIVED_FROM_RIOT_MASTER,"Riot Games, Inc.",,,16:9,0.50,0.50,0.50,0.40,FOCAL_CROP,GENERATE_AFTER_MASTER,NEEDS_VISUAL_QA,Derive from champions/master/renata-glasc.jpg using focal points; never stretch.
champion:renata-glasc:generated_cinematic_9x16,char:renata-glasc,CHAMPION,Renata Glasc,GENERATED_CINEMATIC_9X16,champions/generated/renata-glasc-cinematic-9x16.webp,,,DERIVED_FROM_RIOT_MASTER,"Riot Games, Inc.",,,9:16,0.50,0.50,0.50,0.40,FOCAL_CROP,GENERATE_AFTER_MASTER,NEEDS_VISUAL_QA,Derive from champions/master/renata-glasc.jpg using focal points; never stretch.
champion:renekton:master,char:renekton,CHAMPION,Renekton,MASTER_SPLASH,champions/master/renekton.jpg,https://ddragon.leagueoflegends.com/cdn/img/champion/splash/Renekton_0.jpg,https://www.leagueoflegends.com/en-us/champions/renekton/,RIOT_DATA_DRAGON,"Riot Games, Inc.",1200,700,~1.69:1,0.50,0.50,0.50,0.40,FOCAL_CROP,PENDING,NEEDS_VISUAL_QA,Official base splash. Use as master for derived crops; do not upscale low-res portrait assets.
champion:renekton:loading,char:renekton,CHAMPION,Renekton,NATIVE_LOADING,champions/master/renekton-loading.jpg,https://ddragon.leagueoflegends.com/cdn/img/champion/loading/Renekton_0.jpg,https://www.leagueoflegends.com/en-us/champions/renekton/,RIOT_DATA_DRAGON,"Riot Games, Inc.",300,550,~9:16,0.50,0.50,0.50,0.40,FOCAL_CROP,PENDING,NEEDS_VISUAL_QA,"Official loading art; useful as fallback in vertical contexts, but cinematic should prefer master splash crop if quality is better."
champion:renekton:generated_portrait_512,char:renekton,CHAMPION,Renekton,GENERATED_PORTRAIT_512,champions/generated/renekton-portrait-512.webp,,,DERIVED_FROM_RIOT_MASTER,"Riot Games, Inc.",,,1:1,0.50,0.50,0.50,0.40,FOCAL_CROP,GENERATE_AFTER_MASTER,NEEDS_VISUAL_QA,Derive from champions/master/renekton.jpg using focal points; never stretch.
champion:renekton:generated_card_4x5,char:renekton,CHAMPION,Renekton,GENERATED_CARD_4X5,champions/generated/renekton-card-4x5.webp,,,DERIVED_FROM_RIOT_MASTER,"Riot Games, Inc.",,,4:5,0.50,0.50,0.50,0.40,FOCAL_CROP,GENERATE_AFTER_MASTER,NEEDS_VISUAL_QA,Derive from champions/master/renekton.jpg using focal points; never stretch.
champion:renekton:generated_hero_16x9,char:renekton,CHAMPION,Renekton,GENERATED_HERO_16X9,champions/generated/renekton-hero-16x9.webp,,,DERIVED_FROM_RIOT_MASTER,"Riot Games, Inc.",,,16:9,0.50,0.50,0.50,0.40,FOCAL_CROP,GENERATE_AFTER_MASTER,NEEDS_VISUAL_QA,Derive from champions/master/renekton.jpg using focal points; never stretch.
champion:renekton:generated_cinematic_9x16,char:renekton,CHAMPION,Renekton,GENERATED_CINEMATIC_9X16,champions/generated/renekton-cinematic-9x16.webp,,,DERIVED_FROM_RIOT_MASTER,"Riot Games, Inc.",,,9:16,0.50,0.50,0.50,0.40,FOCAL_CROP,GENERATE_AFTER_MASTER,NEEDS_VISUAL_QA,Derive from champions/master/renekton.jpg using focal points; never stretch.
champion:rengar:master,char:rengar,CHAMPION,Rengar,MASTER_SPLASH,champions/master/rengar.jpg,https://ddragon.leagueoflegends.com/cdn/img/champion/splash/Rengar_0.jpg,https://www.leagueoflegends.com/en-us/champions/rengar/,RIOT_DATA_DRAGON,"Riot Games, Inc.",1200,700,~1.69:1,0.50,0.50,0.50,0.40,FOCAL_CROP,PENDING,NEEDS_VISUAL_QA,Official base splash. Use as master for derived crops; do not upscale low-res portrait assets.
champion:rengar:loading,char:rengar,CHAMPION,Rengar,NATIVE_LOADING,champions/master/rengar-loading.jpg,https://ddragon.leagueoflegends.com/cdn/img/champion/loading/Rengar_0.jpg,https://www.leagueoflegends.com/en-us/champions/rengar/,RIOT_DATA_DRAGON,"Riot Games, Inc.",300,550,~9:16,0.50,0.50,0.50,0.40,FOCAL_CROP,PENDING,NEEDS_VISUAL_QA,"Official loading art; useful as fallback in vertical contexts, but cinematic should prefer master splash crop if quality is better."
champion:rengar:generated_portrait_512,char:rengar,CHAMPION,Rengar,GENERATED_PORTRAIT_512,champions/generated/rengar-portrait-512.webp,,,DERIVED_FROM_RIOT_MASTER,"Riot Games, Inc.",,,1:1,0.50,0.50,0.50,0.40,FOCAL_CROP,GENERATE_AFTER_MASTER,NEEDS_VISUAL_QA,Derive from champions/master/rengar.jpg using focal points; never stretch.
champion:rengar:generated_card_4x5,char:rengar,CHAMPION,Rengar,GENERATED_CARD_4X5,champions/generated/rengar-card-4x5.webp,,,DERIVED_FROM_RIOT_MASTER,"Riot Games, Inc.",,,4:5,0.50,0.50,0.50,0.40,FOCAL_CROP,GENERATE_AFTER_MASTER,NEEDS_VISUAL_QA,Derive from champions/master/rengar.jpg using focal points; never stretch.
champion:rengar:generated_hero_16x9,char:rengar,CHAMPION,Rengar,GENERATED_HERO_16X9,champions/generated/rengar-hero-16x9.webp,,,DERIVED_FROM_RIOT_MASTER,"Riot Games, Inc.",,,16:9,0.50,0.50,0.50,0.40,FOCAL_CROP,GENERATE_AFTER_MASTER,NEEDS_VISUAL_QA,Derive from champions/master/rengar.jpg using focal points; never stretch.
champion:rengar:generated_cinematic_9x16,char:rengar,CHAMPION,Rengar,GENERATED_CINEMATIC_9X16,champions/generated/rengar-cinematic-9x16.webp,,,DERIVED_FROM_RIOT_MASTER,"Riot Games, Inc.",,,9:16,0.50,0.50,0.50,0.40,FOCAL_CROP,GENERATE_AFTER_MASTER,NEEDS_VISUAL_QA,Derive from champions/master/rengar.jpg using focal points; never stretch.
champion:riven:master,char:riven,CHAMPION,Riven,MASTER_SPLASH,champions/master/riven.jpg,https://ddragon.leagueoflegends.com/cdn/img/champion/splash/Riven_0.jpg,https://www.leagueoflegends.com/en-us/champions/riven/,RIOT_DATA_DRAGON,"Riot Games, Inc.",1200,700,~1.69:1,0.50,0.50,0.50,0.40,FOCAL_CROP,PENDING,NEEDS_VISUAL_QA,Official base splash. Use as master for derived crops; do not upscale low-res portrait assets.
champion:riven:loading,char:riven,CHAMPION,Riven,NATIVE_LOADING,champions/master/riven-loading.jpg,https://ddragon.leagueoflegends.com/cdn/img/champion/loading/Riven_0.jpg,https://www.leagueoflegends.com/en-us/champions/riven/,RIOT_DATA_DRAGON,"Riot Games, Inc.",300,550,~9:16,0.50,0.50,0.50,0.40,FOCAL_CROP,PENDING,NEEDS_VISUAL_QA,"Official loading art; useful as fallback in vertical contexts, but cinematic should prefer master splash crop if quality is better."
champion:riven:generated_portrait_512,char:riven,CHAMPION,Riven,GENERATED_PORTRAIT_512,champions/generated/riven-portrait-512.webp,,,DERIVED_FROM_RIOT_MASTER,"Riot Games, Inc.",,,1:1,0.50,0.50,0.50,0.40,FOCAL_CROP,GENERATE_AFTER_MASTER,NEEDS_VISUAL_QA,Derive from champions/master/riven.jpg using focal points; never stretch.
champion:riven:generated_card_4x5,char:riven,CHAMPION,Riven,GENERATED_CARD_4X5,champions/generated/riven-card-4x5.webp,,,DERIVED_FROM_RIOT_MASTER,"Riot Games, Inc.",,,4:5,0.50,0.50,0.50,0.40,FOCAL_CROP,GENERATE_AFTER_MASTER,NEEDS_VISUAL_QA,Derive from champions/master/riven.jpg using focal points; never stretch.
champion:riven:generated_hero_16x9,char:riven,CHAMPION,Riven,GENERATED_HERO_16X9,champions/generated/riven-hero-16x9.webp,,,DERIVED_FROM_RIOT_MASTER,"Riot Games, Inc.",,,16:9,0.50,0.50,0.50,0.40,FOCAL_CROP,GENERATE_AFTER_MASTER,NEEDS_VISUAL_QA,Derive from champions/master/riven.jpg using focal points; never stretch.
champion:riven:generated_cinematic_9x16,char:riven,CHAMPION,Riven,GENERATED_CINEMATIC_9X16,champions/generated/riven-cinematic-9x16.webp,,,DERIVED_FROM_RIOT_MASTER,"Riot Games, Inc.",,,9:16,0.50,0.50,0.50,0.40,FOCAL_CROP,GENERATE_AFTER_MASTER,NEEDS_VISUAL_QA,Derive from champions/master/riven.jpg using focal points; never stretch.
champion:rumble:master,char:rumble,CHAMPION,Rumble,MASTER_SPLASH,champions/master/rumble.jpg,https://ddragon.leagueoflegends.com/cdn/img/champion/splash/Rumble_0.jpg,https://www.leagueoflegends.com/en-us/champions/rumble/,RIOT_DATA_DRAGON,"Riot Games, Inc.",1200,700,~1.69:1,0.50,0.50,0.50,0.40,FOCAL_CROP,PENDING,NEEDS_VISUAL_QA,Official base splash. Use as master for derived crops; do not upscale low-res portrait assets.
champion:rumble:loading,char:rumble,CHAMPION,Rumble,NATIVE_LOADING,champions/master/rumble-loading.jpg,https://ddragon.leagueoflegends.com/cdn/img/champion/loading/Rumble_0.jpg,https://www.leagueoflegends.com/en-us/champions/rumble/,RIOT_DATA_DRAGON,"Riot Games, Inc.",300,550,~9:16,0.50,0.50,0.50,0.40,FOCAL_CROP,PENDING,NEEDS_VISUAL_QA,"Official loading art; useful as fallback in vertical contexts, but cinematic should prefer master splash crop if quality is better."
champion:rumble:generated_portrait_512,char:rumble,CHAMPION,Rumble,GENERATED_PORTRAIT_512,champions/generated/rumble-portrait-512.webp,,,DERIVED_FROM_RIOT_MASTER,"Riot Games, Inc.",,,1:1,0.50,0.50,0.50,0.40,FOCAL_CROP,GENERATE_AFTER_MASTER,NEEDS_VISUAL_QA,Derive from champions/master/rumble.jpg using focal points; never stretch.
champion:rumble:generated_card_4x5,char:rumble,CHAMPION,Rumble,GENERATED_CARD_4X5,champions/generated/rumble-card-4x5.webp,,,DERIVED_FROM_RIOT_MASTER,"Riot Games, Inc.",,,4:5,0.50,0.50,0.50,0.40,FOCAL_CROP,GENERATE_AFTER_MASTER,NEEDS_VISUAL_QA,Derive from champions/master/rumble.jpg using focal points; never stretch.
champion:rumble:generated_hero_16x9,char:rumble,CHAMPION,Rumble,GENERATED_HERO_16X9,champions/generated/rumble-hero-16x9.webp,,,DERIVED_FROM_RIOT_MASTER,"Riot Games, Inc.",,,16:9,0.50,0.50,0.50,0.40,FOCAL_CROP,GENERATE_AFTER_MASTER,NEEDS_VISUAL_QA,Derive from champions/master/rumble.jpg using focal points; never stretch.
champion:rumble:generated_cinematic_9x16,char:rumble,CHAMPION,Rumble,GENERATED_CINEMATIC_9X16,champions/generated/rumble-cinematic-9x16.webp,,,DERIVED_FROM_RIOT_MASTER,"Riot Games, Inc.",,,9:16,0.50,0.50,0.50,0.40,FOCAL_CROP,GENERATE_AFTER_MASTER,NEEDS_VISUAL_QA,Derive from champions/master/rumble.jpg using focal points; never stretch.
champion:ryze:master,char:ryze,CHAMPION,Ryze,MASTER_SPLASH,champions/master/ryze.jpg,https://ddragon.leagueoflegends.com/cdn/img/champion/splash/Ryze_0.jpg,https://www.leagueoflegends.com/en-us/champions/ryze/,RIOT_DATA_DRAGON,"Riot Games, Inc.",1200,700,~1.69:1,0.50,0.50,0.50,0.40,FOCAL_CROP,PENDING,NEEDS_VISUAL_QA,Official base splash. Use as master for derived crops; do not upscale low-res portrait assets.
champion:ryze:loading,char:ryze,CHAMPION,Ryze,NATIVE_LOADING,champions/master/ryze-loading.jpg,https://ddragon.leagueoflegends.com/cdn/img/champion/loading/Ryze_0.jpg,https://www.leagueoflegends.com/en-us/champions/ryze/,RIOT_DATA_DRAGON,"Riot Games, Inc.",300,550,~9:16,0.50,0.50,0.50,0.40,FOCAL_CROP,PENDING,NEEDS_VISUAL_QA,"Official loading art; useful as fallback in vertical contexts, but cinematic should prefer master splash crop if quality is better."
champion:ryze:generated_portrait_512,char:ryze,CHAMPION,Ryze,GENERATED_PORTRAIT_512,champions/generated/ryze-portrait-512.webp,,,DERIVED_FROM_RIOT_MASTER,"Riot Games, Inc.",,,1:1,0.50,0.50,0.50,0.40,FOCAL_CROP,GENERATE_AFTER_MASTER,NEEDS_VISUAL_QA,Derive from champions/master/ryze.jpg using focal points; never stretch.
champion:ryze:generated_card_4x5,char:ryze,CHAMPION,Ryze,GENERATED_CARD_4X5,champions/generated/ryze-card-4x5.webp,,,DERIVED_FROM_RIOT_MASTER,"Riot Games, Inc.",,,4:5,0.50,0.50,0.50,0.40,FOCAL_CROP,GENERATE_AFTER_MASTER,NEEDS_VISUAL_QA,Derive from champions/master/ryze.jpg using focal points; never stretch.
champion:ryze:generated_hero_16x9,char:ryze,CHAMPION,Ryze,GENERATED_HERO_16X9,champions/generated/ryze-hero-16x9.webp,,,DERIVED_FROM_RIOT_MASTER,"Riot Games, Inc.",,,16:9,0.50,0.50,0.50,0.40,FOCAL_CROP,GENERATE_AFTER_MASTER,NEEDS_VISUAL_QA,Derive from champions/master/ryze.jpg using focal points; never stretch.
champion:ryze:generated_cinematic_9x16,char:ryze,CHAMPION,Ryze,GENERATED_CINEMATIC_9X16,champions/generated/ryze-cinematic-9x16.webp,,,DERIVED_FROM_RIOT_MASTER,"Riot Games, Inc.",,,9:16,0.50,0.50,0.50,0.40,FOCAL_CROP,GENERATE_AFTER_MASTER,NEEDS_VISUAL_QA,Derive from champions/master/ryze.jpg using focal points; never stretch.
champion:samira:master,char:samira,CHAMPION,Samira,MASTER_SPLASH,champions/master/samira.jpg,https://ddragon.leagueoflegends.com/cdn/img/champion/splash/Samira_0.jpg,https://www.leagueoflegends.com/en-us/champions/samira/,RIOT_DATA_DRAGON,"Riot Games, Inc.",1200,700,~1.69:1,0.50,0.50,0.50,0.40,FOCAL_CROP,PENDING,NEEDS_VISUAL_QA,Official base splash. Use as master for derived crops; do not upscale low-res portrait assets.
champion:samira:loading,char:samira,CHAMPION,Samira,NATIVE_LOADING,champions/master/samira-loading.jpg,https://ddragon.leagueoflegends.com/cdn/img/champion/loading/Samira_0.jpg,https://www.leagueoflegends.com/en-us/champions/samira/,RIOT_DATA_DRAGON,"Riot Games, Inc.",300,550,~9:16,0.50,0.50,0.50,0.40,FOCAL_CROP,PENDING,NEEDS_VISUAL_QA,"Official loading art; useful as fallback in vertical contexts, but cinematic should prefer master splash crop if quality is better."
champion:samira:generated_portrait_512,char:samira,CHAMPION,Samira,GENERATED_PORTRAIT_512,champions/generated/samira-portrait-512.webp,,,DERIVED_FROM_RIOT_MASTER,"Riot Games, Inc.",,,1:1,0.50,0.50,0.50,0.40,FOCAL_CROP,GENERATE_AFTER_MASTER,NEEDS_VISUAL_QA,Derive from champions/master/samira.jpg using focal points; never stretch.
champion:samira:generated_card_4x5,char:samira,CHAMPION,Samira,GENERATED_CARD_4X5,champions/generated/samira-card-4x5.webp,,,DERIVED_FROM_RIOT_MASTER,"Riot Games, Inc.",,,4:5,0.50,0.50,0.50,0.40,FOCAL_CROP,GENERATE_AFTER_MASTER,NEEDS_VISUAL_QA,Derive from champions/master/samira.jpg using focal points; never stretch.
champion:samira:generated_hero_16x9,char:samira,CHAMPION,Samira,GENERATED_HERO_16X9,champions/generated/samira-hero-16x9.webp,,,DERIVED_FROM_RIOT_MASTER,"Riot Games, Inc.",,,16:9,0.50,0.50,0.50,0.40,FOCAL_CROP,GENERATE_AFTER_MASTER,NEEDS_VISUAL_QA,Derive from champions/master/samira.jpg using focal points; never stretch.
champion:samira:generated_cinematic_9x16,char:samira,CHAMPION,Samira,GENERATED_CINEMATIC_9X16,champions/generated/samira-cinematic-9x16.webp,,,DERIVED_FROM_RIOT_MASTER,"Riot Games, Inc.",,,9:16,0.50,0.50,0.50,0.40,FOCAL_CROP,GENERATE_AFTER_MASTER,NEEDS_VISUAL_QA,Derive from champions/master/samira.jpg using focal points; never stretch.
champion:sejuani:master,char:sejuani,CHAMPION,Sejuani,MASTER_SPLASH,champions/master/sejuani.jpg,https://ddragon.leagueoflegends.com/cdn/img/champion/splash/Sejuani_0.jpg,https://www.leagueoflegends.com/en-us/champions/sejuani/,RIOT_DATA_DRAGON,"Riot Games, Inc.",1200,700,~1.69:1,0.50,0.50,0.50,0.40,FOCAL_CROP,PENDING,NEEDS_VISUAL_QA,Official base splash. Use as master for derived crops; do not upscale low-res portrait assets.
champion:sejuani:loading,char:sejuani,CHAMPION,Sejuani,NATIVE_LOADING,champions/master/sejuani-loading.jpg,https://ddragon.leagueoflegends.com/cdn/img/champion/loading/Sejuani_0.jpg,https://www.leagueoflegends.com/en-us/champions/sejuani/,RIOT_DATA_DRAGON,"Riot Games, Inc.",300,550,~9:16,0.50,0.50,0.50,0.40,FOCAL_CROP,PENDING,NEEDS_VISUAL_QA,"Official loading art; useful as fallback in vertical contexts, but cinematic should prefer master splash crop if quality is better."
champion:sejuani:generated_portrait_512,char:sejuani,CHAMPION,Sejuani,GENERATED_PORTRAIT_512,champions/generated/sejuani-portrait-512.webp,,,DERIVED_FROM_RIOT_MASTER,"Riot Games, Inc.",,,1:1,0.50,0.50,0.50,0.40,FOCAL_CROP,GENERATE_AFTER_MASTER,NEEDS_VISUAL_QA,Derive from champions/master/sejuani.jpg using focal points; never stretch.
champion:sejuani:generated_card_4x5,char:sejuani,CHAMPION,Sejuani,GENERATED_CARD_4X5,champions/generated/sejuani-card-4x5.webp,,,DERIVED_FROM_RIOT_MASTER,"Riot Games, Inc.",,,4:5,0.50,0.50,0.50,0.40,FOCAL_CROP,GENERATE_AFTER_MASTER,NEEDS_VISUAL_QA,Derive from champions/master/sejuani.jpg using focal points; never stretch.
champion:sejuani:generated_hero_16x9,char:sejuani,CHAMPION,Sejuani,GENERATED_HERO_16X9,champions/generated/sejuani-hero-16x9.webp,,,DERIVED_FROM_RIOT_MASTER,"Riot Games, Inc.",,,16:9,0.50,0.50,0.50,0.40,FOCAL_CROP,GENERATE_AFTER_MASTER,NEEDS_VISUAL_QA,Derive from champions/master/sejuani.jpg using focal points; never stretch.
champion:sejuani:generated_cinematic_9x16,char:sejuani,CHAMPION,Sejuani,GENERATED_CINEMATIC_9X16,champions/generated/sejuani-cinematic-9x16.webp,,,DERIVED_FROM_RIOT_MASTER,"Riot Games, Inc.",,,9:16,0.50,0.50,0.50,0.40,FOCAL_CROP,GENERATE_AFTER_MASTER,NEEDS_VISUAL_QA,Derive from champions/master/sejuani.jpg using focal points; never stretch.
champion:senna:master,char:senna,CHAMPION,Senna,MASTER_SPLASH,champions/master/senna.jpg,https://ddragon.leagueoflegends.com/cdn/img/champion/splash/Senna_0.jpg,https://www.leagueoflegends.com/en-us/champions/senna/,RIOT_DATA_DRAGON,"Riot Games, Inc.",1200,700,~1.69:1,0.50,0.50,0.50,0.40,FOCAL_CROP,PENDING,NEEDS_VISUAL_QA,Official base splash. Use as master for derived crops; do not upscale low-res portrait assets.
champion:senna:loading,char:senna,CHAMPION,Senna,NATIVE_LOADING,champions/master/senna-loading.jpg,https://ddragon.leagueoflegends.com/cdn/img/champion/loading/Senna_0.jpg,https://www.leagueoflegends.com/en-us/champions/senna/,RIOT_DATA_DRAGON,"Riot Games, Inc.",300,550,~9:16,0.50,0.50,0.50,0.40,FOCAL_CROP,PENDING,NEEDS_VISUAL_QA,"Official loading art; useful as fallback in vertical contexts, but cinematic should prefer master splash crop if quality is better."
champion:senna:generated_portrait_512,char:senna,CHAMPION,Senna,GENERATED_PORTRAIT_512,champions/generated/senna-portrait-512.webp,,,DERIVED_FROM_RIOT_MASTER,"Riot Games, Inc.",,,1:1,0.50,0.50,0.50,0.40,FOCAL_CROP,GENERATE_AFTER_MASTER,NEEDS_VISUAL_QA,Derive from champions/master/senna.jpg using focal points; never stretch.
champion:senna:generated_card_4x5,char:senna,CHAMPION,Senna,GENERATED_CARD_4X5,champions/generated/senna-card-4x5.webp,,,DERIVED_FROM_RIOT_MASTER,"Riot Games, Inc.",,,4:5,0.50,0.50,0.50,0.40,FOCAL_CROP,GENERATE_AFTER_MASTER,NEEDS_VISUAL_QA,Derive from champions/master/senna.jpg using focal points; never stretch.
champion:senna:generated_hero_16x9,char:senna,CHAMPION,Senna,GENERATED_HERO_16X9,champions/generated/senna-hero-16x9.webp,,,DERIVED_FROM_RIOT_MASTER,"Riot Games, Inc.",,,16:9,0.50,0.50,0.50,0.40,FOCAL_CROP,GENERATE_AFTER_MASTER,NEEDS_VISUAL_QA,Derive from champions/master/senna.jpg using focal points; never stretch.
champion:senna:generated_cinematic_9x16,char:senna,CHAMPION,Senna,GENERATED_CINEMATIC_9X16,champions/generated/senna-cinematic-9x16.webp,,,DERIVED_FROM_RIOT_MASTER,"Riot Games, Inc.",,,9:16,0.50,0.50,0.50,0.40,FOCAL_CROP,GENERATE_AFTER_MASTER,NEEDS_VISUAL_QA,Derive from champions/master/senna.jpg using focal points; never stretch.
champion:seraphine:master,char:seraphine,CHAMPION,Seraphine,MASTER_SPLASH,champions/master/seraphine.jpg,https://ddragon.leagueoflegends.com/cdn/img/champion/splash/Seraphine_0.jpg,https://www.leagueoflegends.com/en-us/champions/seraphine/,RIOT_DATA_DRAGON,"Riot Games, Inc.",1200,700,~1.69:1,0.50,0.50,0.50,0.40,FOCAL_CROP,PENDING,NEEDS_VISUAL_QA,Official base splash. Use as master for derived crops; do not upscale low-res portrait assets.
champion:seraphine:loading,char:seraphine,CHAMPION,Seraphine,NATIVE_LOADING,champions/master/seraphine-loading.jpg,https://ddragon.leagueoflegends.com/cdn/img/champion/loading/Seraphine_0.jpg,https://www.leagueoflegends.com/en-us/champions/seraphine/,RIOT_DATA_DRAGON,"Riot Games, Inc.",300,550,~9:16,0.50,0.50,0.50,0.40,FOCAL_CROP,PENDING,NEEDS_VISUAL_QA,"Official loading art; useful as fallback in vertical contexts, but cinematic should prefer master splash crop if quality is better."
champion:seraphine:generated_portrait_512,char:seraphine,CHAMPION,Seraphine,GENERATED_PORTRAIT_512,champions/generated/seraphine-portrait-512.webp,,,DERIVED_FROM_RIOT_MASTER,"Riot Games, Inc.",,,1:1,0.50,0.50,0.50,0.40,FOCAL_CROP,GENERATE_AFTER_MASTER,NEEDS_VISUAL_QA,Derive from champions/master/seraphine.jpg using focal points; never stretch.
champion:seraphine:generated_card_4x5,char:seraphine,CHAMPION,Seraphine,GENERATED_CARD_4X5,champions/generated/seraphine-card-4x5.webp,,,DERIVED_FROM_RIOT_MASTER,"Riot Games, Inc.",,,4:5,0.50,0.50,0.50,0.40,FOCAL_CROP,GENERATE_AFTER_MASTER,NEEDS_VISUAL_QA,Derive from champions/master/seraphine.jpg using focal points; never stretch.
champion:seraphine:generated_hero_16x9,char:seraphine,CHAMPION,Seraphine,GENERATED_HERO_16X9,champions/generated/seraphine-hero-16x9.webp,,,DERIVED_FROM_RIOT_MASTER,"Riot Games, Inc.",,,16:9,0.50,0.50,0.50,0.40,FOCAL_CROP,GENERATE_AFTER_MASTER,NEEDS_VISUAL_QA,Derive from champions/master/seraphine.jpg using focal points; never stretch.
champion:seraphine:generated_cinematic_9x16,char:seraphine,CHAMPION,Seraphine,GENERATED_CINEMATIC_9X16,champions/generated/seraphine-cinematic-9x16.webp,,,DERIVED_FROM_RIOT_MASTER,"Riot Games, Inc.",,,9:16,0.50,0.50,0.50,0.40,FOCAL_CROP,GENERATE_AFTER_MASTER,NEEDS_VISUAL_QA,Derive from champions/master/seraphine.jpg using focal points; never stretch.
champion:sett:master,char:sett,CHAMPION,Sett,MASTER_SPLASH,champions/master/sett.jpg,https://ddragon.leagueoflegends.com/cdn/img/champion/splash/Sett_0.jpg,https://www.leagueoflegends.com/en-us/champions/sett/,RIOT_DATA_DRAGON,"Riot Games, Inc.",1200,700,~1.69:1,0.50,0.50,0.50,0.40,FOCAL_CROP,PENDING,NEEDS_VISUAL_QA,Official base splash. Use as master for derived crops; do not upscale low-res portrait assets.
champion:sett:loading,char:sett,CHAMPION,Sett,NATIVE_LOADING,champions/master/sett-loading.jpg,https://ddragon.leagueoflegends.com/cdn/img/champion/loading/Sett_0.jpg,https://www.leagueoflegends.com/en-us/champions/sett/,RIOT_DATA_DRAGON,"Riot Games, Inc.",300,550,~9:16,0.50,0.50,0.50,0.40,FOCAL_CROP,PENDING,NEEDS_VISUAL_QA,"Official loading art; useful as fallback in vertical contexts, but cinematic should prefer master splash crop if quality is better."
champion:sett:generated_portrait_512,char:sett,CHAMPION,Sett,GENERATED_PORTRAIT_512,champions/generated/sett-portrait-512.webp,,,DERIVED_FROM_RIOT_MASTER,"Riot Games, Inc.",,,1:1,0.50,0.50,0.50,0.40,FOCAL_CROP,GENERATE_AFTER_MASTER,NEEDS_VISUAL_QA,Derive from champions/master/sett.jpg using focal points; never stretch.
champion:sett:generated_card_4x5,char:sett,CHAMPION,Sett,GENERATED_CARD_4X5,champions/generated/sett-card-4x5.webp,,,DERIVED_FROM_RIOT_MASTER,"Riot Games, Inc.",,,4:5,0.50,0.50,0.50,0.40,FOCAL_CROP,GENERATE_AFTER_MASTER,NEEDS_VISUAL_QA,Derive from champions/master/sett.jpg using focal points; never stretch.
champion:sett:generated_hero_16x9,char:sett,CHAMPION,Sett,GENERATED_HERO_16X9,champions/generated/sett-hero-16x9.webp,,,DERIVED_FROM_RIOT_MASTER,"Riot Games, Inc.",,,16:9,0.50,0.50,0.50,0.40,FOCAL_CROP,GENERATE_AFTER_MASTER,NEEDS_VISUAL_QA,Derive from champions/master/sett.jpg using focal points; never stretch.
champion:sett:generated_cinematic_9x16,char:sett,CHAMPION,Sett,GENERATED_CINEMATIC_9X16,champions/generated/sett-cinematic-9x16.webp,,,DERIVED_FROM_RIOT_MASTER,"Riot Games, Inc.",,,9:16,0.50,0.50,0.50,0.40,FOCAL_CROP,GENERATE_AFTER_MASTER,NEEDS_VISUAL_QA,Derive from champions/master/sett.jpg using focal points; never stretch.
champion:shaco:master,char:shaco,CHAMPION,Shaco,MASTER_SPLASH,champions/master/shaco.jpg,https://ddragon.leagueoflegends.com/cdn/img/champion/splash/Shaco_0.jpg,https://www.leagueoflegends.com/en-us/champions/shaco/,RIOT_DATA_DRAGON,"Riot Games, Inc.",1200,700,~1.69:1,0.50,0.50,0.50,0.40,FOCAL_CROP,PENDING,NEEDS_VISUAL_QA,Official base splash. Use as master for derived crops; do not upscale low-res portrait assets.
champion:shaco:loading,char:shaco,CHAMPION,Shaco,NATIVE_LOADING,champions/master/shaco-loading.jpg,https://ddragon.leagueoflegends.com/cdn/img/champion/loading/Shaco_0.jpg,https://www.leagueoflegends.com/en-us/champions/shaco/,RIOT_DATA_DRAGON,"Riot Games, Inc.",300,550,~9:16,0.50,0.50,0.50,0.40,FOCAL_CROP,PENDING,NEEDS_VISUAL_QA,"Official loading art; useful as fallback in vertical contexts, but cinematic should prefer master splash crop if quality is better."
champion:shaco:generated_portrait_512,char:shaco,CHAMPION,Shaco,GENERATED_PORTRAIT_512,champions/generated/shaco-portrait-512.webp,,,DERIVED_FROM_RIOT_MASTER,"Riot Games, Inc.",,,1:1,0.50,0.50,0.50,0.40,FOCAL_CROP,GENERATE_AFTER_MASTER,NEEDS_VISUAL_QA,Derive from champions/master/shaco.jpg using focal points; never stretch.
champion:shaco:generated_card_4x5,char:shaco,CHAMPION,Shaco,GENERATED_CARD_4X5,champions/generated/shaco-card-4x5.webp,,,DERIVED_FROM_RIOT_MASTER,"Riot Games, Inc.",,,4:5,0.50,0.50,0.50,0.40,FOCAL_CROP,GENERATE_AFTER_MASTER,NEEDS_VISUAL_QA,Derive from champions/master/shaco.jpg using focal points; never stretch.
champion:shaco:generated_hero_16x9,char:shaco,CHAMPION,Shaco,GENERATED_HERO_16X9,champions/generated/shaco-hero-16x9.webp,,,DERIVED_FROM_RIOT_MASTER,"Riot Games, Inc.",,,16:9,0.50,0.50,0.50,0.40,FOCAL_CROP,GENERATE_AFTER_MASTER,NEEDS_VISUAL_QA,Derive from champions/master/shaco.jpg using focal points; never stretch.
champion:shaco:generated_cinematic_9x16,char:shaco,CHAMPION,Shaco,GENERATED_CINEMATIC_9X16,champions/generated/shaco-cinematic-9x16.webp,,,DERIVED_FROM_RIOT_MASTER,"Riot Games, Inc.",,,9:16,0.50,0.50,0.50,0.40,FOCAL_CROP,GENERATE_AFTER_MASTER,NEEDS_VISUAL_QA,Derive from champions/master/shaco.jpg using focal points; never stretch.
champion:shen:master,char:shen,CHAMPION,Shen,MASTER_SPLASH,champions/master/shen.jpg,https://ddragon.leagueoflegends.com/cdn/img/champion/splash/Shen_0.jpg,https://www.leagueoflegends.com/en-us/champions/shen/,RIOT_DATA_DRAGON,"Riot Games, Inc.",1200,700,~1.69:1,0.50,0.50,0.50,0.40,FOCAL_CROP,PENDING,NEEDS_VISUAL_QA,Official base splash. Use as master for derived crops; do not upscale low-res portrait assets.
champion:shen:loading,char:shen,CHAMPION,Shen,NATIVE_LOADING,champions/master/shen-loading.jpg,https://ddragon.leagueoflegends.com/cdn/img/champion/loading/Shen_0.jpg,https://www.leagueoflegends.com/en-us/champions/shen/,RIOT_DATA_DRAGON,"Riot Games, Inc.",300,550,~9:16,0.50,0.50,0.50,0.40,FOCAL_CROP,PENDING,NEEDS_VISUAL_QA,"Official loading art; useful as fallback in vertical contexts, but cinematic should prefer master splash crop if quality is better."
champion:shen:generated_portrait_512,char:shen,CHAMPION,Shen,GENERATED_PORTRAIT_512,champions/generated/shen-portrait-512.webp,,,DERIVED_FROM_RIOT_MASTER,"Riot Games, Inc.",,,1:1,0.50,0.50,0.50,0.40,FOCAL_CROP,GENERATE_AFTER_MASTER,NEEDS_VISUAL_QA,Derive from champions/master/shen.jpg using focal points; never stretch.
champion:shen:generated_card_4x5,char:shen,CHAMPION,Shen,GENERATED_CARD_4X5,champions/generated/shen-card-4x5.webp,,,DERIVED_FROM_RIOT_MASTER,"Riot Games, Inc.",,,4:5,0.50,0.50,0.50,0.40,FOCAL_CROP,GENERATE_AFTER_MASTER,NEEDS_VISUAL_QA,Derive from champions/master/shen.jpg using focal points; never stretch.
champion:shen:generated_hero_16x9,char:shen,CHAMPION,Shen,GENERATED_HERO_16X9,champions/generated/shen-hero-16x9.webp,,,DERIVED_FROM_RIOT_MASTER,"Riot Games, Inc.",,,16:9,0.50,0.50,0.50,0.40,FOCAL_CROP,GENERATE_AFTER_MASTER,NEEDS_VISUAL_QA,Derive from champions/master/shen.jpg using focal points; never stretch.
champion:shen:generated_cinematic_9x16,char:shen,CHAMPION,Shen,GENERATED_CINEMATIC_9X16,champions/generated/shen-cinematic-9x16.webp,,,DERIVED_FROM_RIOT_MASTER,"Riot Games, Inc.",,,9:16,0.50,0.50,0.50,0.40,FOCAL_CROP,GENERATE_AFTER_MASTER,NEEDS_VISUAL_QA,Derive from champions/master/shen.jpg using focal points; never stretch.
champion:shyvana:master,char:shyvana,CHAMPION,Shyvana,MASTER_SPLASH,champions/master/shyvana.jpg,https://ddragon.leagueoflegends.com/cdn/img/champion/splash/Shyvana_0.jpg,https://www.leagueoflegends.com/en-us/champions/shyvana/,RIOT_DATA_DRAGON,"Riot Games, Inc.",1200,700,~1.69:1,0.50,0.50,0.50,0.40,FOCAL_CROP,PENDING,NEEDS_VISUAL_QA,Official base splash. Use as master for derived crops; do not upscale low-res portrait assets.
champion:shyvana:loading,char:shyvana,CHAMPION,Shyvana,NATIVE_LOADING,champions/master/shyvana-loading.jpg,https://ddragon.leagueoflegends.com/cdn/img/champion/loading/Shyvana_0.jpg,https://www.leagueoflegends.com/en-us/champions/shyvana/,RIOT_DATA_DRAGON,"Riot Games, Inc.",300,550,~9:16,0.50,0.50,0.50,0.40,FOCAL_CROP,PENDING,NEEDS_VISUAL_QA,"Official loading art; useful as fallback in vertical contexts, but cinematic should prefer master splash crop if quality is better."
champion:shyvana:generated_portrait_512,char:shyvana,CHAMPION,Shyvana,GENERATED_PORTRAIT_512,champions/generated/shyvana-portrait-512.webp,,,DERIVED_FROM_RIOT_MASTER,"Riot Games, Inc.",,,1:1,0.50,0.50,0.50,0.40,FOCAL_CROP,GENERATE_AFTER_MASTER,NEEDS_VISUAL_QA,Derive from champions/master/shyvana.jpg using focal points; never stretch.
champion:shyvana:generated_card_4x5,char:shyvana,CHAMPION,Shyvana,GENERATED_CARD_4X5,champions/generated/shyvana-card-4x5.webp,,,DERIVED_FROM_RIOT_MASTER,"Riot Games, Inc.",,,4:5,0.50,0.50,0.50,0.40,FOCAL_CROP,GENERATE_AFTER_MASTER,NEEDS_VISUAL_QA,Derive from champions/master/shyvana.jpg using focal points; never stretch.
champion:shyvana:generated_hero_16x9,char:shyvana,CHAMPION,Shyvana,GENERATED_HERO_16X9,champions/generated/shyvana-hero-16x9.webp,,,DERIVED_FROM_RIOT_MASTER,"Riot Games, Inc.",,,16:9,0.50,0.50,0.50,0.40,FOCAL_CROP,GENERATE_AFTER_MASTER,NEEDS_VISUAL_QA,Derive from champions/master/shyvana.jpg using focal points; never stretch.
champion:shyvana:generated_cinematic_9x16,char:shyvana,CHAMPION,Shyvana,GENERATED_CINEMATIC_9X16,champions/generated/shyvana-cinematic-9x16.webp,,,DERIVED_FROM_RIOT_MASTER,"Riot Games, Inc.",,,9:16,0.50,0.50,0.50,0.40,FOCAL_CROP,GENERATE_AFTER_MASTER,NEEDS_VISUAL_QA,Derive from champions/master/shyvana.jpg using focal points; never stretch.
champion:singed:master,char:singed,CHAMPION,Singed,MASTER_SPLASH,champions/master/singed.jpg,https://ddragon.leagueoflegends.com/cdn/img/champion/splash/Singed_0.jpg,https://www.leagueoflegends.com/en-us/champions/singed/,RIOT_DATA_DRAGON,"Riot Games, Inc.",1200,700,~1.69:1,0.50,0.50,0.50,0.40,FOCAL_CROP,PENDING,NEEDS_VISUAL_QA,Official base splash. Use as master for derived crops; do not upscale low-res portrait assets.
champion:singed:loading,char:singed,CHAMPION,Singed,NATIVE_LOADING,champions/master/singed-loading.jpg,https://ddragon.leagueoflegends.com/cdn/img/champion/loading/Singed_0.jpg,https://www.leagueoflegends.com/en-us/champions/singed/,RIOT_DATA_DRAGON,"Riot Games, Inc.",300,550,~9:16,0.50,0.50,0.50,0.40,FOCAL_CROP,PENDING,NEEDS_VISUAL_QA,"Official loading art; useful as fallback in vertical contexts, but cinematic should prefer master splash crop if quality is better."
champion:singed:generated_portrait_512,char:singed,CHAMPION,Singed,GENERATED_PORTRAIT_512,champions/generated/singed-portrait-512.webp,,,DERIVED_FROM_RIOT_MASTER,"Riot Games, Inc.",,,1:1,0.50,0.50,0.50,0.40,FOCAL_CROP,GENERATE_AFTER_MASTER,NEEDS_VISUAL_QA,Derive from champions/master/singed.jpg using focal points; never stretch.
champion:singed:generated_card_4x5,char:singed,CHAMPION,Singed,GENERATED_CARD_4X5,champions/generated/singed-card-4x5.webp,,,DERIVED_FROM_RIOT_MASTER,"Riot Games, Inc.",,,4:5,0.50,0.50,0.50,0.40,FOCAL_CROP,GENERATE_AFTER_MASTER,NEEDS_VISUAL_QA,Derive from champions/master/singed.jpg using focal points; never stretch.
champion:singed:generated_hero_16x9,char:singed,CHAMPION,Singed,GENERATED_HERO_16X9,champions/generated/singed-hero-16x9.webp,,,DERIVED_FROM_RIOT_MASTER,"Riot Games, Inc.",,,16:9,0.50,0.50,0.50,0.40,FOCAL_CROP,GENERATE_AFTER_MASTER,NEEDS_VISUAL_QA,Derive from champions/master/singed.jpg using focal points; never stretch.
champion:singed:generated_cinematic_9x16,char:singed,CHAMPION,Singed,GENERATED_CINEMATIC_9X16,champions/generated/singed-cinematic-9x16.webp,,,DERIVED_FROM_RIOT_MASTER,"Riot Games, Inc.",,,9:16,0.50,0.50,0.50,0.40,FOCAL_CROP,GENERATE_AFTER_MASTER,NEEDS_VISUAL_QA,Derive from champions/master/singed.jpg using focal points; never stretch.
champion:sion:master,char:sion,CHAMPION,Sion,MASTER_SPLASH,champions/master/sion.jpg,https://ddragon.leagueoflegends.com/cdn/img/champion/splash/Sion_0.jpg,https://www.leagueoflegends.com/en-us/champions/sion/,RIOT_DATA_DRAGON,"Riot Games, Inc.",1200,700,~1.69:1,0.50,0.50,0.50,0.40,FOCAL_CROP,PENDING,NEEDS_VISUAL_QA,Official base splash. Use as master for derived crops; do not upscale low-res portrait assets.
champion:sion:loading,char:sion,CHAMPION,Sion,NATIVE_LOADING,champions/master/sion-loading.jpg,https://ddragon.leagueoflegends.com/cdn/img/champion/loading/Sion_0.jpg,https://www.leagueoflegends.com/en-us/champions/sion/,RIOT_DATA_DRAGON,"Riot Games, Inc.",300,550,~9:16,0.50,0.50,0.50,0.40,FOCAL_CROP,PENDING,NEEDS_VISUAL_QA,"Official loading art; useful as fallback in vertical contexts, but cinematic should prefer master splash crop if quality is better."
champion:sion:generated_portrait_512,char:sion,CHAMPION,Sion,GENERATED_PORTRAIT_512,champions/generated/sion-portrait-512.webp,,,DERIVED_FROM_RIOT_MASTER,"Riot Games, Inc.",,,1:1,0.50,0.50,0.50,0.40,FOCAL_CROP,GENERATE_AFTER_MASTER,NEEDS_VISUAL_QA,Derive from champions/master/sion.jpg using focal points; never stretch.
champion:sion:generated_card_4x5,char:sion,CHAMPION,Sion,GENERATED_CARD_4X5,champions/generated/sion-card-4x5.webp,,,DERIVED_FROM_RIOT_MASTER,"Riot Games, Inc.",,,4:5,0.50,0.50,0.50,0.40,FOCAL_CROP,GENERATE_AFTER_MASTER,NEEDS_VISUAL_QA,Derive from champions/master/sion.jpg using focal points; never stretch.
champion:sion:generated_hero_16x9,char:sion,CHAMPION,Sion,GENERATED_HERO_16X9,champions/generated/sion-hero-16x9.webp,,,DERIVED_FROM_RIOT_MASTER,"Riot Games, Inc.",,,16:9,0.50,0.50,0.50,0.40,FOCAL_CROP,GENERATE_AFTER_MASTER,NEEDS_VISUAL_QA,Derive from champions/master/sion.jpg using focal points; never stretch.
champion:sion:generated_cinematic_9x16,char:sion,CHAMPION,Sion,GENERATED_CINEMATIC_9X16,champions/generated/sion-cinematic-9x16.webp,,,DERIVED_FROM_RIOT_MASTER,"Riot Games, Inc.",,,9:16,0.50,0.50,0.50,0.40,FOCAL_CROP,GENERATE_AFTER_MASTER,NEEDS_VISUAL_QA,Derive from champions/master/sion.jpg using focal points; never stretch.
champion:sivir:master,char:sivir,CHAMPION,Sivir,MASTER_SPLASH,champions/master/sivir.jpg,https://ddragon.leagueoflegends.com/cdn/img/champion/splash/Sivir_0.jpg,https://www.leagueoflegends.com/en-us/champions/sivir/,RIOT_DATA_DRAGON,"Riot Games, Inc.",1200,700,~1.69:1,0.50,0.50,0.50,0.40,FOCAL_CROP,PENDING,NEEDS_VISUAL_QA,Official base splash. Use as master for derived crops; do not upscale low-res portrait assets.
champion:sivir:loading,char:sivir,CHAMPION,Sivir,NATIVE_LOADING,champions/master/sivir-loading.jpg,https://ddragon.leagueoflegends.com/cdn/img/champion/loading/Sivir_0.jpg,https://www.leagueoflegends.com/en-us/champions/sivir/,RIOT_DATA_DRAGON,"Riot Games, Inc.",300,550,~9:16,0.50,0.50,0.50,0.40,FOCAL_CROP,PENDING,NEEDS_VISUAL_QA,"Official loading art; useful as fallback in vertical contexts, but cinematic should prefer master splash crop if quality is better."
champion:sivir:generated_portrait_512,char:sivir,CHAMPION,Sivir,GENERATED_PORTRAIT_512,champions/generated/sivir-portrait-512.webp,,,DERIVED_FROM_RIOT_MASTER,"Riot Games, Inc.",,,1:1,0.50,0.50,0.50,0.40,FOCAL_CROP,GENERATE_AFTER_MASTER,NEEDS_VISUAL_QA,Derive from champions/master/sivir.jpg using focal points; never stretch.
champion:sivir:generated_card_4x5,char:sivir,CHAMPION,Sivir,GENERATED_CARD_4X5,champions/generated/sivir-card-4x5.webp,,,DERIVED_FROM_RIOT_MASTER,"Riot Games, Inc.",,,4:5,0.50,0.50,0.50,0.40,FOCAL_CROP,GENERATE_AFTER_MASTER,NEEDS_VISUAL_QA,Derive from champions/master/sivir.jpg using focal points; never stretch.
champion:sivir:generated_hero_16x9,char:sivir,CHAMPION,Sivir,GENERATED_HERO_16X9,champions/generated/sivir-hero-16x9.webp,,,DERIVED_FROM_RIOT_MASTER,"Riot Games, Inc.",,,16:9,0.50,0.50,0.50,0.40,FOCAL_CROP,GENERATE_AFTER_MASTER,NEEDS_VISUAL_QA,Derive from champions/master/sivir.jpg using focal points; never stretch.
champion:sivir:generated_cinematic_9x16,char:sivir,CHAMPION,Sivir,GENERATED_CINEMATIC_9X16,champions/generated/sivir-cinematic-9x16.webp,,,DERIVED_FROM_RIOT_MASTER,"Riot Games, Inc.",,,9:16,0.50,0.50,0.50,0.40,FOCAL_CROP,GENERATE_AFTER_MASTER,NEEDS_VISUAL_QA,Derive from champions/master/sivir.jpg using focal points; never stretch.
champion:skarner:master,char:skarner,CHAMPION,Skarner,MASTER_SPLASH,champions/master/skarner.jpg,https://ddragon.leagueoflegends.com/cdn/img/champion/splash/Skarner_0.jpg,https://www.leagueoflegends.com/en-us/champions/skarner/,RIOT_DATA_DRAGON,"Riot Games, Inc.",1200,700,~1.69:1,0.50,0.50,0.50,0.40,FOCAL_CROP,PENDING,NEEDS_VISUAL_QA,Official base splash. Use as master for derived crops; do not upscale low-res portrait assets.
champion:skarner:loading,char:skarner,CHAMPION,Skarner,NATIVE_LOADING,champions/master/skarner-loading.jpg,https://ddragon.leagueoflegends.com/cdn/img/champion/loading/Skarner_0.jpg,https://www.leagueoflegends.com/en-us/champions/skarner/,RIOT_DATA_DRAGON,"Riot Games, Inc.",300,550,~9:16,0.50,0.50,0.50,0.40,FOCAL_CROP,PENDING,NEEDS_VISUAL_QA,"Official loading art; useful as fallback in vertical contexts, but cinematic should prefer master splash crop if quality is better."
champion:skarner:generated_portrait_512,char:skarner,CHAMPION,Skarner,GENERATED_PORTRAIT_512,champions/generated/skarner-portrait-512.webp,,,DERIVED_FROM_RIOT_MASTER,"Riot Games, Inc.",,,1:1,0.50,0.50,0.50,0.40,FOCAL_CROP,GENERATE_AFTER_MASTER,NEEDS_VISUAL_QA,Derive from champions/master/skarner.jpg using focal points; never stretch.
champion:skarner:generated_card_4x5,char:skarner,CHAMPION,Skarner,GENERATED_CARD_4X5,champions/generated/skarner-card-4x5.webp,,,DERIVED_FROM_RIOT_MASTER,"Riot Games, Inc.",,,4:5,0.50,0.50,0.50,0.40,FOCAL_CROP,GENERATE_AFTER_MASTER,NEEDS_VISUAL_QA,Derive from champions/master/skarner.jpg using focal points; never stretch.
champion:skarner:generated_hero_16x9,char:skarner,CHAMPION,Skarner,GENERATED_HERO_16X9,champions/generated/skarner-hero-16x9.webp,,,DERIVED_FROM_RIOT_MASTER,"Riot Games, Inc.",,,16:9,0.50,0.50,0.50,0.40,FOCAL_CROP,GENERATE_AFTER_MASTER,NEEDS_VISUAL_QA,Derive from champions/master/skarner.jpg using focal points; never stretch.
champion:skarner:generated_cinematic_9x16,char:skarner,CHAMPION,Skarner,GENERATED_CINEMATIC_9X16,champions/generated/skarner-cinematic-9x16.webp,,,DERIVED_FROM_RIOT_MASTER,"Riot Games, Inc.",,,9:16,0.50,0.50,0.50,0.40,FOCAL_CROP,GENERATE_AFTER_MASTER,NEEDS_VISUAL_QA,Derive from champions/master/skarner.jpg using focal points; never stretch.
champion:smolder:master,char:smolder,CHAMPION,Smolder,MASTER_SPLASH,champions/master/smolder.jpg,https://ddragon.leagueoflegends.com/cdn/img/champion/splash/Smolder_0.jpg,https://www.leagueoflegends.com/en-us/champions/smolder/,RIOT_DATA_DRAGON,"Riot Games, Inc.",1200,700,~1.69:1,0.50,0.50,0.50,0.40,FOCAL_CROP,PENDING,NEEDS_VISUAL_QA,Official base splash. Use as master for derived crops; do not upscale low-res portrait assets.
champion:smolder:loading,char:smolder,CHAMPION,Smolder,NATIVE_LOADING,champions/master/smolder-loading.jpg,https://ddragon.leagueoflegends.com/cdn/img/champion/loading/Smolder_0.jpg,https://www.leagueoflegends.com/en-us/champions/smolder/,RIOT_DATA_DRAGON,"Riot Games, Inc.",300,550,~9:16,0.50,0.50,0.50,0.40,FOCAL_CROP,PENDING,NEEDS_VISUAL_QA,"Official loading art; useful as fallback in vertical contexts, but cinematic should prefer master splash crop if quality is better."
champion:smolder:generated_portrait_512,char:smolder,CHAMPION,Smolder,GENERATED_PORTRAIT_512,champions/generated/smolder-portrait-512.webp,,,DERIVED_FROM_RIOT_MASTER,"Riot Games, Inc.",,,1:1,0.50,0.50,0.50,0.40,FOCAL_CROP,GENERATE_AFTER_MASTER,NEEDS_VISUAL_QA,Derive from champions/master/smolder.jpg using focal points; never stretch.
champion:smolder:generated_card_4x5,char:smolder,CHAMPION,Smolder,GENERATED_CARD_4X5,champions/generated/smolder-card-4x5.webp,,,DERIVED_FROM_RIOT_MASTER,"Riot Games, Inc.",,,4:5,0.50,0.50,0.50,0.40,FOCAL_CROP,GENERATE_AFTER_MASTER,NEEDS_VISUAL_QA,Derive from champions/master/smolder.jpg using focal points; never stretch.
champion:smolder:generated_hero_16x9,char:smolder,CHAMPION,Smolder,GENERATED_HERO_16X9,champions/generated/smolder-hero-16x9.webp,,,DERIVED_FROM_RIOT_MASTER,"Riot Games, Inc.",,,16:9,0.50,0.50,0.50,0.40,FOCAL_CROP,GENERATE_AFTER_MASTER,NEEDS_VISUAL_QA,Derive from champions/master/smolder.jpg using focal points; never stretch.
champion:smolder:generated_cinematic_9x16,char:smolder,CHAMPION,Smolder,GENERATED_CINEMATIC_9X16,champions/generated/smolder-cinematic-9x16.webp,,,DERIVED_FROM_RIOT_MASTER,"Riot Games, Inc.",,,9:16,0.50,0.50,0.50,0.40,FOCAL_CROP,GENERATE_AFTER_MASTER,NEEDS_VISUAL_QA,Derive from champions/master/smolder.jpg using focal points; never stretch.
champion:sona:master,char:sona,CHAMPION,Sona,MASTER_SPLASH,champions/master/sona.jpg,https://ddragon.leagueoflegends.com/cdn/img/champion/splash/Sona_0.jpg,https://www.leagueoflegends.com/en-us/champions/sona/,RIOT_DATA_DRAGON,"Riot Games, Inc.",1200,700,~1.69:1,0.50,0.50,0.50,0.40,FOCAL_CROP,PENDING,NEEDS_VISUAL_QA,Official base splash. Use as master for derived crops; do not upscale low-res portrait assets.
champion:sona:loading,char:sona,CHAMPION,Sona,NATIVE_LOADING,champions/master/sona-loading.jpg,https://ddragon.leagueoflegends.com/cdn/img/champion/loading/Sona_0.jpg,https://www.leagueoflegends.com/en-us/champions/sona/,RIOT_DATA_DRAGON,"Riot Games, Inc.",300,550,~9:16,0.50,0.50,0.50,0.40,FOCAL_CROP,PENDING,NEEDS_VISUAL_QA,"Official loading art; useful as fallback in vertical contexts, but cinematic should prefer master splash crop if quality is better."
champion:sona:generated_portrait_512,char:sona,CHAMPION,Sona,GENERATED_PORTRAIT_512,champions/generated/sona-portrait-512.webp,,,DERIVED_FROM_RIOT_MASTER,"Riot Games, Inc.",,,1:1,0.50,0.50,0.50,0.40,FOCAL_CROP,GENERATE_AFTER_MASTER,NEEDS_VISUAL_QA,Derive from champions/master/sona.jpg using focal points; never stretch.
champion:sona:generated_card_4x5,char:sona,CHAMPION,Sona,GENERATED_CARD_4X5,champions/generated/sona-card-4x5.webp,,,DERIVED_FROM_RIOT_MASTER,"Riot Games, Inc.",,,4:5,0.50,0.50,0.50,0.40,FOCAL_CROP,GENERATE_AFTER_MASTER,NEEDS_VISUAL_QA,Derive from champions/master/sona.jpg using focal points; never stretch.
champion:sona:generated_hero_16x9,char:sona,CHAMPION,Sona,GENERATED_HERO_16X9,champions/generated/sona-hero-16x9.webp,,,DERIVED_FROM_RIOT_MASTER,"Riot Games, Inc.",,,16:9,0.50,0.50,0.50,0.40,FOCAL_CROP,GENERATE_AFTER_MASTER,NEEDS_VISUAL_QA,Derive from champions/master/sona.jpg using focal points; never stretch.
champion:sona:generated_cinematic_9x16,char:sona,CHAMPION,Sona,GENERATED_CINEMATIC_9X16,champions/generated/sona-cinematic-9x16.webp,,,DERIVED_FROM_RIOT_MASTER,"Riot Games, Inc.",,,9:16,0.50,0.50,0.50,0.40,FOCAL_CROP,GENERATE_AFTER_MASTER,NEEDS_VISUAL_QA,Derive from champions/master/sona.jpg using focal points; never stretch.
champion:soraka:master,char:soraka,CHAMPION,Soraka,MASTER_SPLASH,champions/master/soraka.jpg,https://ddragon.leagueoflegends.com/cdn/img/champion/splash/Soraka_0.jpg,https://www.leagueoflegends.com/en-us/champions/soraka/,RIOT_DATA_DRAGON,"Riot Games, Inc.",1200,700,~1.69:1,0.50,0.50,0.50,0.40,FOCAL_CROP,PENDING,NEEDS_VISUAL_QA,Official base splash. Use as master for derived crops; do not upscale low-res portrait assets.
champion:soraka:loading,char:soraka,CHAMPION,Soraka,NATIVE_LOADING,champions/master/soraka-loading.jpg,https://ddragon.leagueoflegends.com/cdn/img/champion/loading/Soraka_0.jpg,https://www.leagueoflegends.com/en-us/champions/soraka/,RIOT_DATA_DRAGON,"Riot Games, Inc.",300,550,~9:16,0.50,0.50,0.50,0.40,FOCAL_CROP,PENDING,NEEDS_VISUAL_QA,"Official loading art; useful as fallback in vertical contexts, but cinematic should prefer master splash crop if quality is better."
champion:soraka:generated_portrait_512,char:soraka,CHAMPION,Soraka,GENERATED_PORTRAIT_512,champions/generated/soraka-portrait-512.webp,,,DERIVED_FROM_RIOT_MASTER,"Riot Games, Inc.",,,1:1,0.50,0.50,0.50,0.40,FOCAL_CROP,GENERATE_AFTER_MASTER,NEEDS_VISUAL_QA,Derive from champions/master/soraka.jpg using focal points; never stretch.
champion:soraka:generated_card_4x5,char:soraka,CHAMPION,Soraka,GENERATED_CARD_4X5,champions/generated/soraka-card-4x5.webp,,,DERIVED_FROM_RIOT_MASTER,"Riot Games, Inc.",,,4:5,0.50,0.50,0.50,0.40,FOCAL_CROP,GENERATE_AFTER_MASTER,NEEDS_VISUAL_QA,Derive from champions/master/soraka.jpg using focal points; never stretch.
champion:soraka:generated_hero_16x9,char:soraka,CHAMPION,Soraka,GENERATED_HERO_16X9,champions/generated/soraka-hero-16x9.webp,,,DERIVED_FROM_RIOT_MASTER,"Riot Games, Inc.",,,16:9,0.50,0.50,0.50,0.40,FOCAL_CROP,GENERATE_AFTER_MASTER,NEEDS_VISUAL_QA,Derive from champions/master/soraka.jpg using focal points; never stretch.
champion:soraka:generated_cinematic_9x16,char:soraka,CHAMPION,Soraka,GENERATED_CINEMATIC_9X16,champions/generated/soraka-cinematic-9x16.webp,,,DERIVED_FROM_RIOT_MASTER,"Riot Games, Inc.",,,9:16,0.50,0.50,0.50,0.40,FOCAL_CROP,GENERATE_AFTER_MASTER,NEEDS_VISUAL_QA,Derive from champions/master/soraka.jpg using focal points; never stretch.
champion:swain:master,char:swain,CHAMPION,Swain,MASTER_SPLASH,champions/master/swain.jpg,https://ddragon.leagueoflegends.com/cdn/img/champion/splash/Swain_0.jpg,https://www.leagueoflegends.com/en-us/champions/swain/,RIOT_DATA_DRAGON,"Riot Games, Inc.",1200,700,~1.69:1,0.50,0.50,0.50,0.40,FOCAL_CROP,PENDING,NEEDS_VISUAL_QA,Official base splash. Use as master for derived crops; do not upscale low-res portrait assets.
champion:swain:loading,char:swain,CHAMPION,Swain,NATIVE_LOADING,champions/master/swain-loading.jpg,https://ddragon.leagueoflegends.com/cdn/img/champion/loading/Swain_0.jpg,https://www.leagueoflegends.com/en-us/champions/swain/,RIOT_DATA_DRAGON,"Riot Games, Inc.",300,550,~9:16,0.50,0.50,0.50,0.40,FOCAL_CROP,PENDING,NEEDS_VISUAL_QA,"Official loading art; useful as fallback in vertical contexts, but cinematic should prefer master splash crop if quality is better."
champion:swain:generated_portrait_512,char:swain,CHAMPION,Swain,GENERATED_PORTRAIT_512,champions/generated/swain-portrait-512.webp,,,DERIVED_FROM_RIOT_MASTER,"Riot Games, Inc.",,,1:1,0.50,0.50,0.50,0.40,FOCAL_CROP,GENERATE_AFTER_MASTER,NEEDS_VISUAL_QA,Derive from champions/master/swain.jpg using focal points; never stretch.
champion:swain:generated_card_4x5,char:swain,CHAMPION,Swain,GENERATED_CARD_4X5,champions/generated/swain-card-4x5.webp,,,DERIVED_FROM_RIOT_MASTER,"Riot Games, Inc.",,,4:5,0.50,0.50,0.50,0.40,FOCAL_CROP,GENERATE_AFTER_MASTER,NEEDS_VISUAL_QA,Derive from champions/master/swain.jpg using focal points; never stretch.
champion:swain:generated_hero_16x9,char:swain,CHAMPION,Swain,GENERATED_HERO_16X9,champions/generated/swain-hero-16x9.webp,,,DERIVED_FROM_RIOT_MASTER,"Riot Games, Inc.",,,16:9,0.50,0.50,0.50,0.40,FOCAL_CROP,GENERATE_AFTER_MASTER,NEEDS_VISUAL_QA,Derive from champions/master/swain.jpg using focal points; never stretch.
champion:swain:generated_cinematic_9x16,char:swain,CHAMPION,Swain,GENERATED_CINEMATIC_9X16,champions/generated/swain-cinematic-9x16.webp,,,DERIVED_FROM_RIOT_MASTER,"Riot Games, Inc.",,,9:16,0.50,0.50,0.50,0.40,FOCAL_CROP,GENERATE_AFTER_MASTER,NEEDS_VISUAL_QA,Derive from champions/master/swain.jpg using focal points; never stretch.
champion:sylas:master,char:sylas,CHAMPION,Sylas,MASTER_SPLASH,champions/master/sylas.jpg,https://ddragon.leagueoflegends.com/cdn/img/champion/splash/Sylas_0.jpg,https://www.leagueoflegends.com/en-us/champions/sylas/,RIOT_DATA_DRAGON,"Riot Games, Inc.",1200,700,~1.69:1,0.50,0.50,0.50,0.40,FOCAL_CROP,PENDING,NEEDS_VISUAL_QA,Official base splash. Use as master for derived crops; do not upscale low-res portrait assets.
champion:sylas:loading,char:sylas,CHAMPION,Sylas,NATIVE_LOADING,champions/master/sylas-loading.jpg,https://ddragon.leagueoflegends.com/cdn/img/champion/loading/Sylas_0.jpg,https://www.leagueoflegends.com/en-us/champions/sylas/,RIOT_DATA_DRAGON,"Riot Games, Inc.",300,550,~9:16,0.50,0.50,0.50,0.40,FOCAL_CROP,PENDING,NEEDS_VISUAL_QA,"Official loading art; useful as fallback in vertical contexts, but cinematic should prefer master splash crop if quality is better."
champion:sylas:generated_portrait_512,char:sylas,CHAMPION,Sylas,GENERATED_PORTRAIT_512,champions/generated/sylas-portrait-512.webp,,,DERIVED_FROM_RIOT_MASTER,"Riot Games, Inc.",,,1:1,0.50,0.50,0.50,0.40,FOCAL_CROP,GENERATE_AFTER_MASTER,NEEDS_VISUAL_QA,Derive from champions/master/sylas.jpg using focal points; never stretch.
champion:sylas:generated_card_4x5,char:sylas,CHAMPION,Sylas,GENERATED_CARD_4X5,champions/generated/sylas-card-4x5.webp,,,DERIVED_FROM_RIOT_MASTER,"Riot Games, Inc.",,,4:5,0.50,0.50,0.50,0.40,FOCAL_CROP,GENERATE_AFTER_MASTER,NEEDS_VISUAL_QA,Derive from champions/master/sylas.jpg using focal points; never stretch.
champion:sylas:generated_hero_16x9,char:sylas,CHAMPION,Sylas,GENERATED_HERO_16X9,champions/generated/sylas-hero-16x9.webp,,,DERIVED_FROM_RIOT_MASTER,"Riot Games, Inc.",,,16:9,0.50,0.50,0.50,0.40,FOCAL_CROP,GENERATE_AFTER_MASTER,NEEDS_VISUAL_QA,Derive from champions/master/sylas.jpg using focal points; never stretch.
champion:sylas:generated_cinematic_9x16,char:sylas,CHAMPION,Sylas,GENERATED_CINEMATIC_9X16,champions/generated/sylas-cinematic-9x16.webp,,,DERIVED_FROM_RIOT_MASTER,"Riot Games, Inc.",,,9:16,0.50,0.50,0.50,0.40,FOCAL_CROP,GENERATE_AFTER_MASTER,NEEDS_VISUAL_QA,Derive from champions/master/sylas.jpg using focal points; never stretch.
champion:syndra:master,char:syndra,CHAMPION,Syndra,MASTER_SPLASH,champions/master/syndra.jpg,https://ddragon.leagueoflegends.com/cdn/img/champion/splash/Syndra_0.jpg,https://www.leagueoflegends.com/en-us/champions/syndra/,RIOT_DATA_DRAGON,"Riot Games, Inc.",1200,700,~1.69:1,0.50,0.50,0.50,0.40,FOCAL_CROP,PENDING,NEEDS_VISUAL_QA,Official base splash. Use as master for derived crops; do not upscale low-res portrait assets.
champion:syndra:loading,char:syndra,CHAMPION,Syndra,NATIVE_LOADING,champions/master/syndra-loading.jpg,https://ddragon.leagueoflegends.com/cdn/img/champion/loading/Syndra_0.jpg,https://www.leagueoflegends.com/en-us/champions/syndra/,RIOT_DATA_DRAGON,"Riot Games, Inc.",300,550,~9:16,0.50,0.50,0.50,0.40,FOCAL_CROP,PENDING,NEEDS_VISUAL_QA,"Official loading art; useful as fallback in vertical contexts, but cinematic should prefer master splash crop if quality is better."
champion:syndra:generated_portrait_512,char:syndra,CHAMPION,Syndra,GENERATED_PORTRAIT_512,champions/generated/syndra-portrait-512.webp,,,DERIVED_FROM_RIOT_MASTER,"Riot Games, Inc.",,,1:1,0.50,0.50,0.50,0.40,FOCAL_CROP,GENERATE_AFTER_MASTER,NEEDS_VISUAL_QA,Derive from champions/master/syndra.jpg using focal points; never stretch.
champion:syndra:generated_card_4x5,char:syndra,CHAMPION,Syndra,GENERATED_CARD_4X5,champions/generated/syndra-card-4x5.webp,,,DERIVED_FROM_RIOT_MASTER,"Riot Games, Inc.",,,4:5,0.50,0.50,0.50,0.40,FOCAL_CROP,GENERATE_AFTER_MASTER,NEEDS_VISUAL_QA,Derive from champions/master/syndra.jpg using focal points; never stretch.
champion:syndra:generated_hero_16x9,char:syndra,CHAMPION,Syndra,GENERATED_HERO_16X9,champions/generated/syndra-hero-16x9.webp,,,DERIVED_FROM_RIOT_MASTER,"Riot Games, Inc.",,,16:9,0.50,0.50,0.50,0.40,FOCAL_CROP,GENERATE_AFTER_MASTER,NEEDS_VISUAL_QA,Derive from champions/master/syndra.jpg using focal points; never stretch.
champion:syndra:generated_cinematic_9x16,char:syndra,CHAMPION,Syndra,GENERATED_CINEMATIC_9X16,champions/generated/syndra-cinematic-9x16.webp,,,DERIVED_FROM_RIOT_MASTER,"Riot Games, Inc.",,,9:16,0.50,0.50,0.50,0.40,FOCAL_CROP,GENERATE_AFTER_MASTER,NEEDS_VISUAL_QA,Derive from champions/master/syndra.jpg using focal points; never stretch.
champion:tahm-kench:master,char:tahm-kench,CHAMPION,Tahm Kench,MASTER_SPLASH,champions/master/tahm-kench.jpg,https://ddragon.leagueoflegends.com/cdn/img/champion/splash/TahmKench_0.jpg,https://www.leagueoflegends.com/en-us/champions/tahm-kench/,RIOT_DATA_DRAGON,"Riot Games, Inc.",1200,700,~1.69:1,0.50,0.50,0.50,0.40,FOCAL_CROP,PENDING,NEEDS_VISUAL_QA,Official base splash. Use as master for derived crops; do not upscale low-res portrait assets.
champion:tahm-kench:loading,char:tahm-kench,CHAMPION,Tahm Kench,NATIVE_LOADING,champions/master/tahm-kench-loading.jpg,https://ddragon.leagueoflegends.com/cdn/img/champion/loading/TahmKench_0.jpg,https://www.leagueoflegends.com/en-us/champions/tahm-kench/,RIOT_DATA_DRAGON,"Riot Games, Inc.",300,550,~9:16,0.50,0.50,0.50,0.40,FOCAL_CROP,PENDING,NEEDS_VISUAL_QA,"Official loading art; useful as fallback in vertical contexts, but cinematic should prefer master splash crop if quality is better."
champion:tahm-kench:generated_portrait_512,char:tahm-kench,CHAMPION,Tahm Kench,GENERATED_PORTRAIT_512,champions/generated/tahm-kench-portrait-512.webp,,,DERIVED_FROM_RIOT_MASTER,"Riot Games, Inc.",,,1:1,0.50,0.50,0.50,0.40,FOCAL_CROP,GENERATE_AFTER_MASTER,NEEDS_VISUAL_QA,Derive from champions/master/tahm-kench.jpg using focal points; never stretch.
champion:tahm-kench:generated_card_4x5,char:tahm-kench,CHAMPION,Tahm Kench,GENERATED_CARD_4X5,champions/generated/tahm-kench-card-4x5.webp,,,DERIVED_FROM_RIOT_MASTER,"Riot Games, Inc.",,,4:5,0.50,0.50,0.50,0.40,FOCAL_CROP,GENERATE_AFTER_MASTER,NEEDS_VISUAL_QA,Derive from champions/master/tahm-kench.jpg using focal points; never stretch.
champion:tahm-kench:generated_hero_16x9,char:tahm-kench,CHAMPION,Tahm Kench,GENERATED_HERO_16X9,champions/generated/tahm-kench-hero-16x9.webp,,,DERIVED_FROM_RIOT_MASTER,"Riot Games, Inc.",,,16:9,0.50,0.50,0.50,0.40,FOCAL_CROP,GENERATE_AFTER_MASTER,NEEDS_VISUAL_QA,Derive from champions/master/tahm-kench.jpg using focal points; never stretch.
champion:tahm-kench:generated_cinematic_9x16,char:tahm-kench,CHAMPION,Tahm Kench,GENERATED_CINEMATIC_9X16,champions/generated/tahm-kench-cinematic-9x16.webp,,,DERIVED_FROM_RIOT_MASTER,"Riot Games, Inc.",,,9:16,0.50,0.50,0.50,0.40,FOCAL_CROP,GENERATE_AFTER_MASTER,NEEDS_VISUAL_QA,Derive from champions/master/tahm-kench.jpg using focal points; never stretch.
champion:taliyah:master,char:taliyah,CHAMPION,Taliyah,MASTER_SPLASH,champions/master/taliyah.jpg,https://ddragon.leagueoflegends.com/cdn/img/champion/splash/Taliyah_0.jpg,https://www.leagueoflegends.com/en-us/champions/taliyah/,RIOT_DATA_DRAGON,"Riot Games, Inc.",1200,700,~1.69:1,0.50,0.50,0.50,0.40,FOCAL_CROP,PENDING,NEEDS_VISUAL_QA,Official base splash. Use as master for derived crops; do not upscale low-res portrait assets.
champion:taliyah:loading,char:taliyah,CHAMPION,Taliyah,NATIVE_LOADING,champions/master/taliyah-loading.jpg,https://ddragon.leagueoflegends.com/cdn/img/champion/loading/Taliyah_0.jpg,https://www.leagueoflegends.com/en-us/champions/taliyah/,RIOT_DATA_DRAGON,"Riot Games, Inc.",300,550,~9:16,0.50,0.50,0.50,0.40,FOCAL_CROP,PENDING,NEEDS_VISUAL_QA,"Official loading art; useful as fallback in vertical contexts, but cinematic should prefer master splash crop if quality is better."
champion:taliyah:generated_portrait_512,char:taliyah,CHAMPION,Taliyah,GENERATED_PORTRAIT_512,champions/generated/taliyah-portrait-512.webp,,,DERIVED_FROM_RIOT_MASTER,"Riot Games, Inc.",,,1:1,0.50,0.50,0.50,0.40,FOCAL_CROP,GENERATE_AFTER_MASTER,NEEDS_VISUAL_QA,Derive from champions/master/taliyah.jpg using focal points; never stretch.
champion:taliyah:generated_card_4x5,char:taliyah,CHAMPION,Taliyah,GENERATED_CARD_4X5,champions/generated/taliyah-card-4x5.webp,,,DERIVED_FROM_RIOT_MASTER,"Riot Games, Inc.",,,4:5,0.50,0.50,0.50,0.40,FOCAL_CROP,GENERATE_AFTER_MASTER,NEEDS_VISUAL_QA,Derive from champions/master/taliyah.jpg using focal points; never stretch.
champion:taliyah:generated_hero_16x9,char:taliyah,CHAMPION,Taliyah,GENERATED_HERO_16X9,champions/generated/taliyah-hero-16x9.webp,,,DERIVED_FROM_RIOT_MASTER,"Riot Games, Inc.",,,16:9,0.50,0.50,0.50,0.40,FOCAL_CROP,GENERATE_AFTER_MASTER,NEEDS_VISUAL_QA,Derive from champions/master/taliyah.jpg using focal points; never stretch.
champion:taliyah:generated_cinematic_9x16,char:taliyah,CHAMPION,Taliyah,GENERATED_CINEMATIC_9X16,champions/generated/taliyah-cinematic-9x16.webp,,,DERIVED_FROM_RIOT_MASTER,"Riot Games, Inc.",,,9:16,0.50,0.50,0.50,0.40,FOCAL_CROP,GENERATE_AFTER_MASTER,NEEDS_VISUAL_QA,Derive from champions/master/taliyah.jpg using focal points; never stretch.
champion:talon:master,char:talon,CHAMPION,Talon,MASTER_SPLASH,champions/master/talon.jpg,https://ddragon.leagueoflegends.com/cdn/img/champion/splash/Talon_0.jpg,https://www.leagueoflegends.com/en-us/champions/talon/,RIOT_DATA_DRAGON,"Riot Games, Inc.",1200,700,~1.69:1,0.50,0.50,0.50,0.40,FOCAL_CROP,PENDING,NEEDS_VISUAL_QA,Official base splash. Use as master for derived crops; do not upscale low-res portrait assets.
champion:talon:loading,char:talon,CHAMPION,Talon,NATIVE_LOADING,champions/master/talon-loading.jpg,https://ddragon.leagueoflegends.com/cdn/img/champion/loading/Talon_0.jpg,https://www.leagueoflegends.com/en-us/champions/talon/,RIOT_DATA_DRAGON,"Riot Games, Inc.",300,550,~9:16,0.50,0.50,0.50,0.40,FOCAL_CROP,PENDING,NEEDS_VISUAL_QA,"Official loading art; useful as fallback in vertical contexts, but cinematic should prefer master splash crop if quality is better."
champion:talon:generated_portrait_512,char:talon,CHAMPION,Talon,GENERATED_PORTRAIT_512,champions/generated/talon-portrait-512.webp,,,DERIVED_FROM_RIOT_MASTER,"Riot Games, Inc.",,,1:1,0.50,0.50,0.50,0.40,FOCAL_CROP,GENERATE_AFTER_MASTER,NEEDS_VISUAL_QA,Derive from champions/master/talon.jpg using focal points; never stretch.
champion:talon:generated_card_4x5,char:talon,CHAMPION,Talon,GENERATED_CARD_4X5,champions/generated/talon-card-4x5.webp,,,DERIVED_FROM_RIOT_MASTER,"Riot Games, Inc.",,,4:5,0.50,0.50,0.50,0.40,FOCAL_CROP,GENERATE_AFTER_MASTER,NEEDS_VISUAL_QA,Derive from champions/master/talon.jpg using focal points; never stretch.
champion:talon:generated_hero_16x9,char:talon,CHAMPION,Talon,GENERATED_HERO_16X9,champions/generated/talon-hero-16x9.webp,,,DERIVED_FROM_RIOT_MASTER,"Riot Games, Inc.",,,16:9,0.50,0.50,0.50,0.40,FOCAL_CROP,GENERATE_AFTER_MASTER,NEEDS_VISUAL_QA,Derive from champions/master/talon.jpg using focal points; never stretch.
champion:talon:generated_cinematic_9x16,char:talon,CHAMPION,Talon,GENERATED_CINEMATIC_9X16,champions/generated/talon-cinematic-9x16.webp,,,DERIVED_FROM_RIOT_MASTER,"Riot Games, Inc.",,,9:16,0.50,0.50,0.50,0.40,FOCAL_CROP,GENERATE_AFTER_MASTER,NEEDS_VISUAL_QA,Derive from champions/master/talon.jpg using focal points; never stretch.
champion:taric:master,char:taric,CHAMPION,Taric,MASTER_SPLASH,champions/master/taric.jpg,https://ddragon.leagueoflegends.com/cdn/img/champion/splash/Taric_0.jpg,https://www.leagueoflegends.com/en-us/champions/taric/,RIOT_DATA_DRAGON,"Riot Games, Inc.",1200,700,~1.69:1,0.50,0.50,0.50,0.40,FOCAL_CROP,PENDING,NEEDS_VISUAL_QA,Official base splash. Use as master for derived crops; do not upscale low-res portrait assets.
champion:taric:loading,char:taric,CHAMPION,Taric,NATIVE_LOADING,champions/master/taric-loading.jpg,https://ddragon.leagueoflegends.com/cdn/img/champion/loading/Taric_0.jpg,https://www.leagueoflegends.com/en-us/champions/taric/,RIOT_DATA_DRAGON,"Riot Games, Inc.",300,550,~9:16,0.50,0.50,0.50,0.40,FOCAL_CROP,PENDING,NEEDS_VISUAL_QA,"Official loading art; useful as fallback in vertical contexts, but cinematic should prefer master splash crop if quality is better."
champion:taric:generated_portrait_512,char:taric,CHAMPION,Taric,GENERATED_PORTRAIT_512,champions/generated/taric-portrait-512.webp,,,DERIVED_FROM_RIOT_MASTER,"Riot Games, Inc.",,,1:1,0.50,0.50,0.50,0.40,FOCAL_CROP,GENERATE_AFTER_MASTER,NEEDS_VISUAL_QA,Derive from champions/master/taric.jpg using focal points; never stretch.
champion:taric:generated_card_4x5,char:taric,CHAMPION,Taric,GENERATED_CARD_4X5,champions/generated/taric-card-4x5.webp,,,DERIVED_FROM_RIOT_MASTER,"Riot Games, Inc.",,,4:5,0.50,0.50,0.50,0.40,FOCAL_CROP,GENERATE_AFTER_MASTER,NEEDS_VISUAL_QA,Derive from champions/master/taric.jpg using focal points; never stretch.
champion:taric:generated_hero_16x9,char:taric,CHAMPION,Taric,GENERATED_HERO_16X9,champions/generated/taric-hero-16x9.webp,,,DERIVED_FROM_RIOT_MASTER,"Riot Games, Inc.",,,16:9,0.50,0.50,0.50,0.40,FOCAL_CROP,GENERATE_AFTER_MASTER,NEEDS_VISUAL_QA,Derive from champions/master/taric.jpg using focal points; never stretch.
champion:taric:generated_cinematic_9x16,char:taric,CHAMPION,Taric,GENERATED_CINEMATIC_9X16,champions/generated/taric-cinematic-9x16.webp,,,DERIVED_FROM_RIOT_MASTER,"Riot Games, Inc.",,,9:16,0.50,0.50,0.50,0.40,FOCAL_CROP,GENERATE_AFTER_MASTER,NEEDS_VISUAL_QA,Derive from champions/master/taric.jpg using focal points; never stretch.
champion:teemo:master,char:teemo,CHAMPION,Teemo,MASTER_SPLASH,champions/master/teemo.jpg,https://ddragon.leagueoflegends.com/cdn/img/champion/splash/Teemo_0.jpg,https://www.leagueoflegends.com/en-us/champions/teemo/,RIOT_DATA_DRAGON,"Riot Games, Inc.",1200,700,~1.69:1,0.50,0.50,0.50,0.40,FOCAL_CROP,PENDING,NEEDS_VISUAL_QA,Official base splash. Use as master for derived crops; do not upscale low-res portrait assets.
champion:teemo:loading,char:teemo,CHAMPION,Teemo,NATIVE_LOADING,champions/master/teemo-loading.jpg,https://ddragon.leagueoflegends.com/cdn/img/champion/loading/Teemo_0.jpg,https://www.leagueoflegends.com/en-us/champions/teemo/,RIOT_DATA_DRAGON,"Riot Games, Inc.",300,550,~9:16,0.50,0.50,0.50,0.40,FOCAL_CROP,PENDING,NEEDS_VISUAL_QA,"Official loading art; useful as fallback in vertical contexts, but cinematic should prefer master splash crop if quality is better."
champion:teemo:generated_portrait_512,char:teemo,CHAMPION,Teemo,GENERATED_PORTRAIT_512,champions/generated/teemo-portrait-512.webp,,,DERIVED_FROM_RIOT_MASTER,"Riot Games, Inc.",,,1:1,0.50,0.50,0.50,0.40,FOCAL_CROP,GENERATE_AFTER_MASTER,NEEDS_VISUAL_QA,Derive from champions/master/teemo.jpg using focal points; never stretch.
champion:teemo:generated_card_4x5,char:teemo,CHAMPION,Teemo,GENERATED_CARD_4X5,champions/generated/teemo-card-4x5.webp,,,DERIVED_FROM_RIOT_MASTER,"Riot Games, Inc.",,,4:5,0.50,0.50,0.50,0.40,FOCAL_CROP,GENERATE_AFTER_MASTER,NEEDS_VISUAL_QA,Derive from champions/master/teemo.jpg using focal points; never stretch.
champion:teemo:generated_hero_16x9,char:teemo,CHAMPION,Teemo,GENERATED_HERO_16X9,champions/generated/teemo-hero-16x9.webp,,,DERIVED_FROM_RIOT_MASTER,"Riot Games, Inc.",,,16:9,0.50,0.50,0.50,0.40,FOCAL_CROP,GENERATE_AFTER_MASTER,NEEDS_VISUAL_QA,Derive from champions/master/teemo.jpg using focal points; never stretch.
champion:teemo:generated_cinematic_9x16,char:teemo,CHAMPION,Teemo,GENERATED_CINEMATIC_9X16,champions/generated/teemo-cinematic-9x16.webp,,,DERIVED_FROM_RIOT_MASTER,"Riot Games, Inc.",,,9:16,0.50,0.50,0.50,0.40,FOCAL_CROP,GENERATE_AFTER_MASTER,NEEDS_VISUAL_QA,Derive from champions/master/teemo.jpg using focal points; never stretch.
champion:thresh:master,char:thresh,CHAMPION,Thresh,MASTER_SPLASH,champions/master/thresh.jpg,https://ddragon.leagueoflegends.com/cdn/img/champion/splash/Thresh_0.jpg,https://www.leagueoflegends.com/en-us/champions/thresh/,RIOT_DATA_DRAGON,"Riot Games, Inc.",1200,700,~1.69:1,0.50,0.50,0.50,0.40,FOCAL_CROP,PENDING,NEEDS_VISUAL_QA,Official base splash. Use as master for derived crops; do not upscale low-res portrait assets.
champion:thresh:loading,char:thresh,CHAMPION,Thresh,NATIVE_LOADING,champions/master/thresh-loading.jpg,https://ddragon.leagueoflegends.com/cdn/img/champion/loading/Thresh_0.jpg,https://www.leagueoflegends.com/en-us/champions/thresh/,RIOT_DATA_DRAGON,"Riot Games, Inc.",300,550,~9:16,0.50,0.50,0.50,0.40,FOCAL_CROP,PENDING,NEEDS_VISUAL_QA,"Official loading art; useful as fallback in vertical contexts, but cinematic should prefer master splash crop if quality is better."
champion:thresh:generated_portrait_512,char:thresh,CHAMPION,Thresh,GENERATED_PORTRAIT_512,champions/generated/thresh-portrait-512.webp,,,DERIVED_FROM_RIOT_MASTER,"Riot Games, Inc.",,,1:1,0.50,0.50,0.50,0.40,FOCAL_CROP,GENERATE_AFTER_MASTER,NEEDS_VISUAL_QA,Derive from champions/master/thresh.jpg using focal points; never stretch.
champion:thresh:generated_card_4x5,char:thresh,CHAMPION,Thresh,GENERATED_CARD_4X5,champions/generated/thresh-card-4x5.webp,,,DERIVED_FROM_RIOT_MASTER,"Riot Games, Inc.",,,4:5,0.50,0.50,0.50,0.40,FOCAL_CROP,GENERATE_AFTER_MASTER,NEEDS_VISUAL_QA,Derive from champions/master/thresh.jpg using focal points; never stretch.
champion:thresh:generated_hero_16x9,char:thresh,CHAMPION,Thresh,GENERATED_HERO_16X9,champions/generated/thresh-hero-16x9.webp,,,DERIVED_FROM_RIOT_MASTER,"Riot Games, Inc.",,,16:9,0.50,0.50,0.50,0.40,FOCAL_CROP,GENERATE_AFTER_MASTER,NEEDS_VISUAL_QA,Derive from champions/master/thresh.jpg using focal points; never stretch.
champion:thresh:generated_cinematic_9x16,char:thresh,CHAMPION,Thresh,GENERATED_CINEMATIC_9X16,champions/generated/thresh-cinematic-9x16.webp,,,DERIVED_FROM_RIOT_MASTER,"Riot Games, Inc.",,,9:16,0.50,0.50,0.50,0.40,FOCAL_CROP,GENERATE_AFTER_MASTER,NEEDS_VISUAL_QA,Derive from champions/master/thresh.jpg using focal points; never stretch.
champion:tristana:master,char:tristana,CHAMPION,Tristana,MASTER_SPLASH,champions/master/tristana.jpg,https://ddragon.leagueoflegends.com/cdn/img/champion/splash/Tristana_0.jpg,https://www.leagueoflegends.com/en-us/champions/tristana/,RIOT_DATA_DRAGON,"Riot Games, Inc.",1200,700,~1.69:1,0.50,0.50,0.50,0.40,FOCAL_CROP,PENDING,NEEDS_VISUAL_QA,Official base splash. Use as master for derived crops; do not upscale low-res portrait assets.
champion:tristana:loading,char:tristana,CHAMPION,Tristana,NATIVE_LOADING,champions/master/tristana-loading.jpg,https://ddragon.leagueoflegends.com/cdn/img/champion/loading/Tristana_0.jpg,https://www.leagueoflegends.com/en-us/champions/tristana/,RIOT_DATA_DRAGON,"Riot Games, Inc.",300,550,~9:16,0.50,0.50,0.50,0.40,FOCAL_CROP,PENDING,NEEDS_VISUAL_QA,"Official loading art; useful as fallback in vertical contexts, but cinematic should prefer master splash crop if quality is better."
champion:tristana:generated_portrait_512,char:tristana,CHAMPION,Tristana,GENERATED_PORTRAIT_512,champions/generated/tristana-portrait-512.webp,,,DERIVED_FROM_RIOT_MASTER,"Riot Games, Inc.",,,1:1,0.50,0.50,0.50,0.40,FOCAL_CROP,GENERATE_AFTER_MASTER,NEEDS_VISUAL_QA,Derive from champions/master/tristana.jpg using focal points; never stretch.
champion:tristana:generated_card_4x5,char:tristana,CHAMPION,Tristana,GENERATED_CARD_4X5,champions/generated/tristana-card-4x5.webp,,,DERIVED_FROM_RIOT_MASTER,"Riot Games, Inc.",,,4:5,0.50,0.50,0.50,0.40,FOCAL_CROP,GENERATE_AFTER_MASTER,NEEDS_VISUAL_QA,Derive from champions/master/tristana.jpg using focal points; never stretch.
champion:tristana:generated_hero_16x9,char:tristana,CHAMPION,Tristana,GENERATED_HERO_16X9,champions/generated/tristana-hero-16x9.webp,,,DERIVED_FROM_RIOT_MASTER,"Riot Games, Inc.",,,16:9,0.50,0.50,0.50,0.40,FOCAL_CROP,GENERATE_AFTER_MASTER,NEEDS_VISUAL_QA,Derive from champions/master/tristana.jpg using focal points; never stretch.
champion:tristana:generated_cinematic_9x16,char:tristana,CHAMPION,Tristana,GENERATED_CINEMATIC_9X16,champions/generated/tristana-cinematic-9x16.webp,,,DERIVED_FROM_RIOT_MASTER,"Riot Games, Inc.",,,9:16,0.50,0.50,0.50,0.40,FOCAL_CROP,GENERATE_AFTER_MASTER,NEEDS_VISUAL_QA,Derive from champions/master/tristana.jpg using focal points; never stretch.
champion:trundle:master,char:trundle,CHAMPION,Trundle,MASTER_SPLASH,champions/master/trundle.jpg,https://ddragon.leagueoflegends.com/cdn/img/champion/splash/Trundle_0.jpg,https://www.leagueoflegends.com/en-us/champions/trundle/,RIOT_DATA_DRAGON,"Riot Games, Inc.",1200,700,~1.69:1,0.50,0.50,0.50,0.40,FOCAL_CROP,PENDING,NEEDS_VISUAL_QA,Official base splash. Use as master for derived crops; do not upscale low-res portrait assets.
champion:trundle:loading,char:trundle,CHAMPION,Trundle,NATIVE_LOADING,champions/master/trundle-loading.jpg,https://ddragon.leagueoflegends.com/cdn/img/champion/loading/Trundle_0.jpg,https://www.leagueoflegends.com/en-us/champions/trundle/,RIOT_DATA_DRAGON,"Riot Games, Inc.",300,550,~9:16,0.50,0.50,0.50,0.40,FOCAL_CROP,PENDING,NEEDS_VISUAL_QA,"Official loading art; useful as fallback in vertical contexts, but cinematic should prefer master splash crop if quality is better."
champion:trundle:generated_portrait_512,char:trundle,CHAMPION,Trundle,GENERATED_PORTRAIT_512,champions/generated/trundle-portrait-512.webp,,,DERIVED_FROM_RIOT_MASTER,"Riot Games, Inc.",,,1:1,0.50,0.50,0.50,0.40,FOCAL_CROP,GENERATE_AFTER_MASTER,NEEDS_VISUAL_QA,Derive from champions/master/trundle.jpg using focal points; never stretch.
champion:trundle:generated_card_4x5,char:trundle,CHAMPION,Trundle,GENERATED_CARD_4X5,champions/generated/trundle-card-4x5.webp,,,DERIVED_FROM_RIOT_MASTER,"Riot Games, Inc.",,,4:5,0.50,0.50,0.50,0.40,FOCAL_CROP,GENERATE_AFTER_MASTER,NEEDS_VISUAL_QA,Derive from champions/master/trundle.jpg using focal points; never stretch.
champion:trundle:generated_hero_16x9,char:trundle,CHAMPION,Trundle,GENERATED_HERO_16X9,champions/generated/trundle-hero-16x9.webp,,,DERIVED_FROM_RIOT_MASTER,"Riot Games, Inc.",,,16:9,0.50,0.50,0.50,0.40,FOCAL_CROP,GENERATE_AFTER_MASTER,NEEDS_VISUAL_QA,Derive from champions/master/trundle.jpg using focal points; never stretch.
champion:trundle:generated_cinematic_9x16,char:trundle,CHAMPION,Trundle,GENERATED_CINEMATIC_9X16,champions/generated/trundle-cinematic-9x16.webp,,,DERIVED_FROM_RIOT_MASTER,"Riot Games, Inc.",,,9:16,0.50,0.50,0.50,0.40,FOCAL_CROP,GENERATE_AFTER_MASTER,NEEDS_VISUAL_QA,Derive from champions/master/trundle.jpg using focal points; never stretch.
champion:tryndamere:master,char:tryndamere,CHAMPION,Tryndamere,MASTER_SPLASH,champions/master/tryndamere.jpg,https://ddragon.leagueoflegends.com/cdn/img/champion/splash/Tryndamere_0.jpg,https://www.leagueoflegends.com/en-us/champions/tryndamere/,RIOT_DATA_DRAGON,"Riot Games, Inc.",1200,700,~1.69:1,0.50,0.50,0.50,0.40,FOCAL_CROP,PENDING,NEEDS_VISUAL_QA,Official base splash. Use as master for derived crops; do not upscale low-res portrait assets.
champion:tryndamere:loading,char:tryndamere,CHAMPION,Tryndamere,NATIVE_LOADING,champions/master/tryndamere-loading.jpg,https://ddragon.leagueoflegends.com/cdn/img/champion/loading/Tryndamere_0.jpg,https://www.leagueoflegends.com/en-us/champions/tryndamere/,RIOT_DATA_DRAGON,"Riot Games, Inc.",300,550,~9:16,0.50,0.50,0.50,0.40,FOCAL_CROP,PENDING,NEEDS_VISUAL_QA,"Official loading art; useful as fallback in vertical contexts, but cinematic should prefer master splash crop if quality is better."
champion:tryndamere:generated_portrait_512,char:tryndamere,CHAMPION,Tryndamere,GENERATED_PORTRAIT_512,champions/generated/tryndamere-portrait-512.webp,,,DERIVED_FROM_RIOT_MASTER,"Riot Games, Inc.",,,1:1,0.50,0.50,0.50,0.40,FOCAL_CROP,GENERATE_AFTER_MASTER,NEEDS_VISUAL_QA,Derive from champions/master/tryndamere.jpg using focal points; never stretch.
champion:tryndamere:generated_card_4x5,char:tryndamere,CHAMPION,Tryndamere,GENERATED_CARD_4X5,champions/generated/tryndamere-card-4x5.webp,,,DERIVED_FROM_RIOT_MASTER,"Riot Games, Inc.",,,4:5,0.50,0.50,0.50,0.40,FOCAL_CROP,GENERATE_AFTER_MASTER,NEEDS_VISUAL_QA,Derive from champions/master/tryndamere.jpg using focal points; never stretch.
champion:tryndamere:generated_hero_16x9,char:tryndamere,CHAMPION,Tryndamere,GENERATED_HERO_16X9,champions/generated/tryndamere-hero-16x9.webp,,,DERIVED_FROM_RIOT_MASTER,"Riot Games, Inc.",,,16:9,0.50,0.50,0.50,0.40,FOCAL_CROP,GENERATE_AFTER_MASTER,NEEDS_VISUAL_QA,Derive from champions/master/tryndamere.jpg using focal points; never stretch.
champion:tryndamere:generated_cinematic_9x16,char:tryndamere,CHAMPION,Tryndamere,GENERATED_CINEMATIC_9X16,champions/generated/tryndamere-cinematic-9x16.webp,,,DERIVED_FROM_RIOT_MASTER,"Riot Games, Inc.",,,9:16,0.50,0.50,0.50,0.40,FOCAL_CROP,GENERATE_AFTER_MASTER,NEEDS_VISUAL_QA,Derive from champions/master/tryndamere.jpg using focal points; never stretch.
champion:twisted-fate:master,char:twisted-fate,CHAMPION,Twisted Fate,MASTER_SPLASH,champions/master/twisted-fate.jpg,https://ddragon.leagueoflegends.com/cdn/img/champion/splash/TwistedFate_0.jpg,https://www.leagueoflegends.com/en-us/champions/twisted-fate/,RIOT_DATA_DRAGON,"Riot Games, Inc.",1200,700,~1.69:1,0.50,0.50,0.50,0.40,FOCAL_CROP,PENDING,NEEDS_VISUAL_QA,Official base splash. Use as master for derived crops; do not upscale low-res portrait assets.
champion:twisted-fate:loading,char:twisted-fate,CHAMPION,Twisted Fate,NATIVE_LOADING,champions/master/twisted-fate-loading.jpg,https://ddragon.leagueoflegends.com/cdn/img/champion/loading/TwistedFate_0.jpg,https://www.leagueoflegends.com/en-us/champions/twisted-fate/,RIOT_DATA_DRAGON,"Riot Games, Inc.",300,550,~9:16,0.50,0.50,0.50,0.40,FOCAL_CROP,PENDING,NEEDS_VISUAL_QA,"Official loading art; useful as fallback in vertical contexts, but cinematic should prefer master splash crop if quality is better."
champion:twisted-fate:generated_portrait_512,char:twisted-fate,CHAMPION,Twisted Fate,GENERATED_PORTRAIT_512,champions/generated/twisted-fate-portrait-512.webp,,,DERIVED_FROM_RIOT_MASTER,"Riot Games, Inc.",,,1:1,0.50,0.50,0.50,0.40,FOCAL_CROP,GENERATE_AFTER_MASTER,NEEDS_VISUAL_QA,Derive from champions/master/twisted-fate.jpg using focal points; never stretch.
champion:twisted-fate:generated_card_4x5,char:twisted-fate,CHAMPION,Twisted Fate,GENERATED_CARD_4X5,champions/generated/twisted-fate-card-4x5.webp,,,DERIVED_FROM_RIOT_MASTER,"Riot Games, Inc.",,,4:5,0.50,0.50,0.50,0.40,FOCAL_CROP,GENERATE_AFTER_MASTER,NEEDS_VISUAL_QA,Derive from champions/master/twisted-fate.jpg using focal points; never stretch.
champion:twisted-fate:generated_hero_16x9,char:twisted-fate,CHAMPION,Twisted Fate,GENERATED_HERO_16X9,champions/generated/twisted-fate-hero-16x9.webp,,,DERIVED_FROM_RIOT_MASTER,"Riot Games, Inc.",,,16:9,0.50,0.50,0.50,0.40,FOCAL_CROP,GENERATE_AFTER_MASTER,NEEDS_VISUAL_QA,Derive from champions/master/twisted-fate.jpg using focal points; never stretch.
champion:twisted-fate:generated_cinematic_9x16,char:twisted-fate,CHAMPION,Twisted Fate,GENERATED_CINEMATIC_9X16,champions/generated/twisted-fate-cinematic-9x16.webp,,,DERIVED_FROM_RIOT_MASTER,"Riot Games, Inc.",,,9:16,0.50,0.50,0.50,0.40,FOCAL_CROP,GENERATE_AFTER_MASTER,NEEDS_VISUAL_QA,Derive from champions/master/twisted-fate.jpg using focal points; never stretch.
champion:twitch:master,char:twitch,CHAMPION,Twitch,MASTER_SPLASH,champions/master/twitch.jpg,https://ddragon.leagueoflegends.com/cdn/img/champion/splash/Twitch_0.jpg,https://www.leagueoflegends.com/en-us/champions/twitch/,RIOT_DATA_DRAGON,"Riot Games, Inc.",1200,700,~1.69:1,0.50,0.50,0.50,0.40,FOCAL_CROP,PENDING,NEEDS_VISUAL_QA,Official base splash. Use as master for derived crops; do not upscale low-res portrait assets.
champion:twitch:loading,char:twitch,CHAMPION,Twitch,NATIVE_LOADING,champions/master/twitch-loading.jpg,https://ddragon.leagueoflegends.com/cdn/img/champion/loading/Twitch_0.jpg,https://www.leagueoflegends.com/en-us/champions/twitch/,RIOT_DATA_DRAGON,"Riot Games, Inc.",300,550,~9:16,0.50,0.50,0.50,0.40,FOCAL_CROP,PENDING,NEEDS_VISUAL_QA,"Official loading art; useful as fallback in vertical contexts, but cinematic should prefer master splash crop if quality is better."
champion:twitch:generated_portrait_512,char:twitch,CHAMPION,Twitch,GENERATED_PORTRAIT_512,champions/generated/twitch-portrait-512.webp,,,DERIVED_FROM_RIOT_MASTER,"Riot Games, Inc.",,,1:1,0.50,0.50,0.50,0.40,FOCAL_CROP,GENERATE_AFTER_MASTER,NEEDS_VISUAL_QA,Derive from champions/master/twitch.jpg using focal points; never stretch.
champion:twitch:generated_card_4x5,char:twitch,CHAMPION,Twitch,GENERATED_CARD_4X5,champions/generated/twitch-card-4x5.webp,,,DERIVED_FROM_RIOT_MASTER,"Riot Games, Inc.",,,4:5,0.50,0.50,0.50,0.40,FOCAL_CROP,GENERATE_AFTER_MASTER,NEEDS_VISUAL_QA,Derive from champions/master/twitch.jpg using focal points; never stretch.
champion:twitch:generated_hero_16x9,char:twitch,CHAMPION,Twitch,GENERATED_HERO_16X9,champions/generated/twitch-hero-16x9.webp,,,DERIVED_FROM_RIOT_MASTER,"Riot Games, Inc.",,,16:9,0.50,0.50,0.50,0.40,FOCAL_CROP,GENERATE_AFTER_MASTER,NEEDS_VISUAL_QA,Derive from champions/master/twitch.jpg using focal points; never stretch.
champion:twitch:generated_cinematic_9x16,char:twitch,CHAMPION,Twitch,GENERATED_CINEMATIC_9X16,champions/generated/twitch-cinematic-9x16.webp,,,DERIVED_FROM_RIOT_MASTER,"Riot Games, Inc.",,,9:16,0.50,0.50,0.50,0.40,FOCAL_CROP,GENERATE_AFTER_MASTER,NEEDS_VISUAL_QA,Derive from champions/master/twitch.jpg using focal points; never stretch.
champion:udyr:master,char:udyr,CHAMPION,Udyr,MASTER_SPLASH,champions/master/udyr.jpg,https://ddragon.leagueoflegends.com/cdn/img/champion/splash/Udyr_0.jpg,https://www.leagueoflegends.com/en-us/champions/udyr/,RIOT_DATA_DRAGON,"Riot Games, Inc.",1200,700,~1.69:1,0.50,0.50,0.50,0.40,FOCAL_CROP,PENDING,NEEDS_VISUAL_QA,Official base splash. Use as master for derived crops; do not upscale low-res portrait assets.
champion:udyr:loading,char:udyr,CHAMPION,Udyr,NATIVE_LOADING,champions/master/udyr-loading.jpg,https://ddragon.leagueoflegends.com/cdn/img/champion/loading/Udyr_0.jpg,https://www.leagueoflegends.com/en-us/champions/udyr/,RIOT_DATA_DRAGON,"Riot Games, Inc.",300,550,~9:16,0.50,0.50,0.50,0.40,FOCAL_CROP,PENDING,NEEDS_VISUAL_QA,"Official loading art; useful as fallback in vertical contexts, but cinematic should prefer master splash crop if quality is better."
champion:udyr:generated_portrait_512,char:udyr,CHAMPION,Udyr,GENERATED_PORTRAIT_512,champions/generated/udyr-portrait-512.webp,,,DERIVED_FROM_RIOT_MASTER,"Riot Games, Inc.",,,1:1,0.50,0.50,0.50,0.40,FOCAL_CROP,GENERATE_AFTER_MASTER,NEEDS_VISUAL_QA,Derive from champions/master/udyr.jpg using focal points; never stretch.
champion:udyr:generated_card_4x5,char:udyr,CHAMPION,Udyr,GENERATED_CARD_4X5,champions/generated/udyr-card-4x5.webp,,,DERIVED_FROM_RIOT_MASTER,"Riot Games, Inc.",,,4:5,0.50,0.50,0.50,0.40,FOCAL_CROP,GENERATE_AFTER_MASTER,NEEDS_VISUAL_QA,Derive from champions/master/udyr.jpg using focal points; never stretch.
champion:udyr:generated_hero_16x9,char:udyr,CHAMPION,Udyr,GENERATED_HERO_16X9,champions/generated/udyr-hero-16x9.webp,,,DERIVED_FROM_RIOT_MASTER,"Riot Games, Inc.",,,16:9,0.50,0.50,0.50,0.40,FOCAL_CROP,GENERATE_AFTER_MASTER,NEEDS_VISUAL_QA,Derive from champions/master/udyr.jpg using focal points; never stretch.
champion:udyr:generated_cinematic_9x16,char:udyr,CHAMPION,Udyr,GENERATED_CINEMATIC_9X16,champions/generated/udyr-cinematic-9x16.webp,,,DERIVED_FROM_RIOT_MASTER,"Riot Games, Inc.",,,9:16,0.50,0.50,0.50,0.40,FOCAL_CROP,GENERATE_AFTER_MASTER,NEEDS_VISUAL_QA,Derive from champions/master/udyr.jpg using focal points; never stretch.
champion:urgot:master,char:urgot,CHAMPION,Urgot,MASTER_SPLASH,champions/master/urgot.jpg,https://ddragon.leagueoflegends.com/cdn/img/champion/splash/Urgot_0.jpg,https://www.leagueoflegends.com/en-us/champions/urgot/,RIOT_DATA_DRAGON,"Riot Games, Inc.",1200,700,~1.69:1,0.50,0.50,0.50,0.40,FOCAL_CROP,PENDING,NEEDS_VISUAL_QA,Official base splash. Use as master for derived crops; do not upscale low-res portrait assets.
champion:urgot:loading,char:urgot,CHAMPION,Urgot,NATIVE_LOADING,champions/master/urgot-loading.jpg,https://ddragon.leagueoflegends.com/cdn/img/champion/loading/Urgot_0.jpg,https://www.leagueoflegends.com/en-us/champions/urgot/,RIOT_DATA_DRAGON,"Riot Games, Inc.",300,550,~9:16,0.50,0.50,0.50,0.40,FOCAL_CROP,PENDING,NEEDS_VISUAL_QA,"Official loading art; useful as fallback in vertical contexts, but cinematic should prefer master splash crop if quality is better."
champion:urgot:generated_portrait_512,char:urgot,CHAMPION,Urgot,GENERATED_PORTRAIT_512,champions/generated/urgot-portrait-512.webp,,,DERIVED_FROM_RIOT_MASTER,"Riot Games, Inc.",,,1:1,0.50,0.50,0.50,0.40,FOCAL_CROP,GENERATE_AFTER_MASTER,NEEDS_VISUAL_QA,Derive from champions/master/urgot.jpg using focal points; never stretch.
champion:urgot:generated_card_4x5,char:urgot,CHAMPION,Urgot,GENERATED_CARD_4X5,champions/generated/urgot-card-4x5.webp,,,DERIVED_FROM_RIOT_MASTER,"Riot Games, Inc.",,,4:5,0.50,0.50,0.50,0.40,FOCAL_CROP,GENERATE_AFTER_MASTER,NEEDS_VISUAL_QA,Derive from champions/master/urgot.jpg using focal points; never stretch.
champion:urgot:generated_hero_16x9,char:urgot,CHAMPION,Urgot,GENERATED_HERO_16X9,champions/generated/urgot-hero-16x9.webp,,,DERIVED_FROM_RIOT_MASTER,"Riot Games, Inc.",,,16:9,0.50,0.50,0.50,0.40,FOCAL_CROP,GENERATE_AFTER_MASTER,NEEDS_VISUAL_QA,Derive from champions/master/urgot.jpg using focal points; never stretch.
champion:urgot:generated_cinematic_9x16,char:urgot,CHAMPION,Urgot,GENERATED_CINEMATIC_9X16,champions/generated/urgot-cinematic-9x16.webp,,,DERIVED_FROM_RIOT_MASTER,"Riot Games, Inc.",,,9:16,0.50,0.50,0.50,0.40,FOCAL_CROP,GENERATE_AFTER_MASTER,NEEDS_VISUAL_QA,Derive from champions/master/urgot.jpg using focal points; never stretch.
champion:varus:master,char:varus,CHAMPION,Varus,MASTER_SPLASH,champions/master/varus.jpg,https://ddragon.leagueoflegends.com/cdn/img/champion/splash/Varus_0.jpg,https://www.leagueoflegends.com/en-us/champions/varus/,RIOT_DATA_DRAGON,"Riot Games, Inc.",1200,700,~1.69:1,0.50,0.50,0.50,0.40,FOCAL_CROP,PENDING,NEEDS_VISUAL_QA,Official base splash. Use as master for derived crops; do not upscale low-res portrait assets.
champion:varus:loading,char:varus,CHAMPION,Varus,NATIVE_LOADING,champions/master/varus-loading.jpg,https://ddragon.leagueoflegends.com/cdn/img/champion/loading/Varus_0.jpg,https://www.leagueoflegends.com/en-us/champions/varus/,RIOT_DATA_DRAGON,"Riot Games, Inc.",300,550,~9:16,0.50,0.50,0.50,0.40,FOCAL_CROP,PENDING,NEEDS_VISUAL_QA,"Official loading art; useful as fallback in vertical contexts, but cinematic should prefer master splash crop if quality is better."
champion:varus:generated_portrait_512,char:varus,CHAMPION,Varus,GENERATED_PORTRAIT_512,champions/generated/varus-portrait-512.webp,,,DERIVED_FROM_RIOT_MASTER,"Riot Games, Inc.",,,1:1,0.50,0.50,0.50,0.40,FOCAL_CROP,GENERATE_AFTER_MASTER,NEEDS_VISUAL_QA,Derive from champions/master/varus.jpg using focal points; never stretch.
champion:varus:generated_card_4x5,char:varus,CHAMPION,Varus,GENERATED_CARD_4X5,champions/generated/varus-card-4x5.webp,,,DERIVED_FROM_RIOT_MASTER,"Riot Games, Inc.",,,4:5,0.50,0.50,0.50,0.40,FOCAL_CROP,GENERATE_AFTER_MASTER,NEEDS_VISUAL_QA,Derive from champions/master/varus.jpg using focal points; never stretch.
champion:varus:generated_hero_16x9,char:varus,CHAMPION,Varus,GENERATED_HERO_16X9,champions/generated/varus-hero-16x9.webp,,,DERIVED_FROM_RIOT_MASTER,"Riot Games, Inc.",,,16:9,0.50,0.50,0.50,0.40,FOCAL_CROP,GENERATE_AFTER_MASTER,NEEDS_VISUAL_QA,Derive from champions/master/varus.jpg using focal points; never stretch.
champion:varus:generated_cinematic_9x16,char:varus,CHAMPION,Varus,GENERATED_CINEMATIC_9X16,champions/generated/varus-cinematic-9x16.webp,,,DERIVED_FROM_RIOT_MASTER,"Riot Games, Inc.",,,9:16,0.50,0.50,0.50,0.40,FOCAL_CROP,GENERATE_AFTER_MASTER,NEEDS_VISUAL_QA,Derive from champions/master/varus.jpg using focal points; never stretch.
champion:vayne:master,char:vayne,CHAMPION,Vayne,MASTER_SPLASH,champions/master/vayne.jpg,https://ddragon.leagueoflegends.com/cdn/img/champion/splash/Vayne_0.jpg,https://www.leagueoflegends.com/en-us/champions/vayne/,RIOT_DATA_DRAGON,"Riot Games, Inc.",1200,700,~1.69:1,0.50,0.50,0.50,0.40,FOCAL_CROP,PENDING,NEEDS_VISUAL_QA,Official base splash. Use as master for derived crops; do not upscale low-res portrait assets.
champion:vayne:loading,char:vayne,CHAMPION,Vayne,NATIVE_LOADING,champions/master/vayne-loading.jpg,https://ddragon.leagueoflegends.com/cdn/img/champion/loading/Vayne_0.jpg,https://www.leagueoflegends.com/en-us/champions/vayne/,RIOT_DATA_DRAGON,"Riot Games, Inc.",300,550,~9:16,0.50,0.50,0.50,0.40,FOCAL_CROP,PENDING,NEEDS_VISUAL_QA,"Official loading art; useful as fallback in vertical contexts, but cinematic should prefer master splash crop if quality is better."
champion:vayne:generated_portrait_512,char:vayne,CHAMPION,Vayne,GENERATED_PORTRAIT_512,champions/generated/vayne-portrait-512.webp,,,DERIVED_FROM_RIOT_MASTER,"Riot Games, Inc.",,,1:1,0.50,0.50,0.50,0.40,FOCAL_CROP,GENERATE_AFTER_MASTER,NEEDS_VISUAL_QA,Derive from champions/master/vayne.jpg using focal points; never stretch.
champion:vayne:generated_card_4x5,char:vayne,CHAMPION,Vayne,GENERATED_CARD_4X5,champions/generated/vayne-card-4x5.webp,,,DERIVED_FROM_RIOT_MASTER,"Riot Games, Inc.",,,4:5,0.50,0.50,0.50,0.40,FOCAL_CROP,GENERATE_AFTER_MASTER,NEEDS_VISUAL_QA,Derive from champions/master/vayne.jpg using focal points; never stretch.
champion:vayne:generated_hero_16x9,char:vayne,CHAMPION,Vayne,GENERATED_HERO_16X9,champions/generated/vayne-hero-16x9.webp,,,DERIVED_FROM_RIOT_MASTER,"Riot Games, Inc.",,,16:9,0.50,0.50,0.50,0.40,FOCAL_CROP,GENERATE_AFTER_MASTER,NEEDS_VISUAL_QA,Derive from champions/master/vayne.jpg using focal points; never stretch.
champion:vayne:generated_cinematic_9x16,char:vayne,CHAMPION,Vayne,GENERATED_CINEMATIC_9X16,champions/generated/vayne-cinematic-9x16.webp,,,DERIVED_FROM_RIOT_MASTER,"Riot Games, Inc.",,,9:16,0.50,0.50,0.50,0.40,FOCAL_CROP,GENERATE_AFTER_MASTER,NEEDS_VISUAL_QA,Derive from champions/master/vayne.jpg using focal points; never stretch.
champion:veigar:master,char:veigar,CHAMPION,Veigar,MASTER_SPLASH,champions/master/veigar.jpg,https://ddragon.leagueoflegends.com/cdn/img/champion/splash/Veigar_0.jpg,https://www.leagueoflegends.com/en-us/champions/veigar/,RIOT_DATA_DRAGON,"Riot Games, Inc.",1200,700,~1.69:1,0.50,0.50,0.50,0.40,FOCAL_CROP,PENDING,NEEDS_VISUAL_QA,Official base splash. Use as master for derived crops; do not upscale low-res portrait assets.
champion:veigar:loading,char:veigar,CHAMPION,Veigar,NATIVE_LOADING,champions/master/veigar-loading.jpg,https://ddragon.leagueoflegends.com/cdn/img/champion/loading/Veigar_0.jpg,https://www.leagueoflegends.com/en-us/champions/veigar/,RIOT_DATA_DRAGON,"Riot Games, Inc.",300,550,~9:16,0.50,0.50,0.50,0.40,FOCAL_CROP,PENDING,NEEDS_VISUAL_QA,"Official loading art; useful as fallback in vertical contexts, but cinematic should prefer master splash crop if quality is better."
champion:veigar:generated_portrait_512,char:veigar,CHAMPION,Veigar,GENERATED_PORTRAIT_512,champions/generated/veigar-portrait-512.webp,,,DERIVED_FROM_RIOT_MASTER,"Riot Games, Inc.",,,1:1,0.50,0.50,0.50,0.40,FOCAL_CROP,GENERATE_AFTER_MASTER,NEEDS_VISUAL_QA,Derive from champions/master/veigar.jpg using focal points; never stretch.
champion:veigar:generated_card_4x5,char:veigar,CHAMPION,Veigar,GENERATED_CARD_4X5,champions/generated/veigar-card-4x5.webp,,,DERIVED_FROM_RIOT_MASTER,"Riot Games, Inc.",,,4:5,0.50,0.50,0.50,0.40,FOCAL_CROP,GENERATE_AFTER_MASTER,NEEDS_VISUAL_QA,Derive from champions/master/veigar.jpg using focal points; never stretch.
champion:veigar:generated_hero_16x9,char:veigar,CHAMPION,Veigar,GENERATED_HERO_16X9,champions/generated/veigar-hero-16x9.webp,,,DERIVED_FROM_RIOT_MASTER,"Riot Games, Inc.",,,16:9,0.50,0.50,0.50,0.40,FOCAL_CROP,GENERATE_AFTER_MASTER,NEEDS_VISUAL_QA,Derive from champions/master/veigar.jpg using focal points; never stretch.
champion:veigar:generated_cinematic_9x16,char:veigar,CHAMPION,Veigar,GENERATED_CINEMATIC_9X16,champions/generated/veigar-cinematic-9x16.webp,,,DERIVED_FROM_RIOT_MASTER,"Riot Games, Inc.",,,9:16,0.50,0.50,0.50,0.40,FOCAL_CROP,GENERATE_AFTER_MASTER,NEEDS_VISUAL_QA,Derive from champions/master/veigar.jpg using focal points; never stretch.
champion:vel-koz:master,char:vel-koz,CHAMPION,Vel'Koz,MASTER_SPLASH,champions/master/vel-koz.jpg,https://ddragon.leagueoflegends.com/cdn/img/champion/splash/Velkoz_0.jpg,https://www.leagueoflegends.com/en-us/champions/vel-koz/,RIOT_DATA_DRAGON,"Riot Games, Inc.",1200,700,~1.69:1,0.50,0.50,0.50,0.40,FOCAL_CROP,PENDING,NEEDS_VISUAL_QA,Official base splash. Use as master for derived crops; do not upscale low-res portrait assets.
champion:vel-koz:loading,char:vel-koz,CHAMPION,Vel'Koz,NATIVE_LOADING,champions/master/vel-koz-loading.jpg,https://ddragon.leagueoflegends.com/cdn/img/champion/loading/Velkoz_0.jpg,https://www.leagueoflegends.com/en-us/champions/vel-koz/,RIOT_DATA_DRAGON,"Riot Games, Inc.",300,550,~9:16,0.50,0.50,0.50,0.40,FOCAL_CROP,PENDING,NEEDS_VISUAL_QA,"Official loading art; useful as fallback in vertical contexts, but cinematic should prefer master splash crop if quality is better."
champion:vel-koz:generated_portrait_512,char:vel-koz,CHAMPION,Vel'Koz,GENERATED_PORTRAIT_512,champions/generated/vel-koz-portrait-512.webp,,,DERIVED_FROM_RIOT_MASTER,"Riot Games, Inc.",,,1:1,0.50,0.50,0.50,0.40,FOCAL_CROP,GENERATE_AFTER_MASTER,NEEDS_VISUAL_QA,Derive from champions/master/vel-koz.jpg using focal points; never stretch.
champion:vel-koz:generated_card_4x5,char:vel-koz,CHAMPION,Vel'Koz,GENERATED_CARD_4X5,champions/generated/vel-koz-card-4x5.webp,,,DERIVED_FROM_RIOT_MASTER,"Riot Games, Inc.",,,4:5,0.50,0.50,0.50,0.40,FOCAL_CROP,GENERATE_AFTER_MASTER,NEEDS_VISUAL_QA,Derive from champions/master/vel-koz.jpg using focal points; never stretch.
champion:vel-koz:generated_hero_16x9,char:vel-koz,CHAMPION,Vel'Koz,GENERATED_HERO_16X9,champions/generated/vel-koz-hero-16x9.webp,,,DERIVED_FROM_RIOT_MASTER,"Riot Games, Inc.",,,16:9,0.50,0.50,0.50,0.40,FOCAL_CROP,GENERATE_AFTER_MASTER,NEEDS_VISUAL_QA,Derive from champions/master/vel-koz.jpg using focal points; never stretch.
champion:vel-koz:generated_cinematic_9x16,char:vel-koz,CHAMPION,Vel'Koz,GENERATED_CINEMATIC_9X16,champions/generated/vel-koz-cinematic-9x16.webp,,,DERIVED_FROM_RIOT_MASTER,"Riot Games, Inc.",,,9:16,0.50,0.50,0.50,0.40,FOCAL_CROP,GENERATE_AFTER_MASTER,NEEDS_VISUAL_QA,Derive from champions/master/vel-koz.jpg using focal points; never stretch.
champion:vex:master,char:vex,CHAMPION,Vex,MASTER_SPLASH,champions/master/vex.jpg,https://ddragon.leagueoflegends.com/cdn/img/champion/splash/Vex_0.jpg,https://www.leagueoflegends.com/en-us/champions/vex/,RIOT_DATA_DRAGON,"Riot Games, Inc.",1200,700,~1.69:1,0.50,0.50,0.50,0.40,FOCAL_CROP,PENDING,NEEDS_VISUAL_QA,Official base splash. Use as master for derived crops; do not upscale low-res portrait assets.
champion:vex:loading,char:vex,CHAMPION,Vex,NATIVE_LOADING,champions/master/vex-loading.jpg,https://ddragon.leagueoflegends.com/cdn/img/champion/loading/Vex_0.jpg,https://www.leagueoflegends.com/en-us/champions/vex/,RIOT_DATA_DRAGON,"Riot Games, Inc.",300,550,~9:16,0.50,0.50,0.50,0.40,FOCAL_CROP,PENDING,NEEDS_VISUAL_QA,"Official loading art; useful as fallback in vertical contexts, but cinematic should prefer master splash crop if quality is better."
champion:vex:generated_portrait_512,char:vex,CHAMPION,Vex,GENERATED_PORTRAIT_512,champions/generated/vex-portrait-512.webp,,,DERIVED_FROM_RIOT_MASTER,"Riot Games, Inc.",,,1:1,0.50,0.50,0.50,0.40,FOCAL_CROP,GENERATE_AFTER_MASTER,NEEDS_VISUAL_QA,Derive from champions/master/vex.jpg using focal points; never stretch.
champion:vex:generated_card_4x5,char:vex,CHAMPION,Vex,GENERATED_CARD_4X5,champions/generated/vex-card-4x5.webp,,,DERIVED_FROM_RIOT_MASTER,"Riot Games, Inc.",,,4:5,0.50,0.50,0.50,0.40,FOCAL_CROP,GENERATE_AFTER_MASTER,NEEDS_VISUAL_QA,Derive from champions/master/vex.jpg using focal points; never stretch.
champion:vex:generated_hero_16x9,char:vex,CHAMPION,Vex,GENERATED_HERO_16X9,champions/generated/vex-hero-16x9.webp,,,DERIVED_FROM_RIOT_MASTER,"Riot Games, Inc.",,,16:9,0.50,0.50,0.50,0.40,FOCAL_CROP,GENERATE_AFTER_MASTER,NEEDS_VISUAL_QA,Derive from champions/master/vex.jpg using focal points; never stretch.
champion:vex:generated_cinematic_9x16,char:vex,CHAMPION,Vex,GENERATED_CINEMATIC_9X16,champions/generated/vex-cinematic-9x16.webp,,,DERIVED_FROM_RIOT_MASTER,"Riot Games, Inc.",,,9:16,0.50,0.50,0.50,0.40,FOCAL_CROP,GENERATE_AFTER_MASTER,NEEDS_VISUAL_QA,Derive from champions/master/vex.jpg using focal points; never stretch.
champion:vi:master,char:vi,CHAMPION,Vi,MASTER_SPLASH,champions/master/vi.jpg,https://ddragon.leagueoflegends.com/cdn/img/champion/splash/Vi_0.jpg,https://www.leagueoflegends.com/en-us/champions/vi/,RIOT_DATA_DRAGON,"Riot Games, Inc.",1200,700,~1.69:1,0.50,0.50,0.50,0.40,FOCAL_CROP,PENDING,NEEDS_VISUAL_QA,Official base splash. Use as master for derived crops; do not upscale low-res portrait assets.
champion:vi:loading,char:vi,CHAMPION,Vi,NATIVE_LOADING,champions/master/vi-loading.jpg,https://ddragon.leagueoflegends.com/cdn/img/champion/loading/Vi_0.jpg,https://www.leagueoflegends.com/en-us/champions/vi/,RIOT_DATA_DRAGON,"Riot Games, Inc.",300,550,~9:16,0.50,0.50,0.50,0.40,FOCAL_CROP,PENDING,NEEDS_VISUAL_QA,"Official loading art; useful as fallback in vertical contexts, but cinematic should prefer master splash crop if quality is better."
champion:vi:generated_portrait_512,char:vi,CHAMPION,Vi,GENERATED_PORTRAIT_512,champions/generated/vi-portrait-512.webp,,,DERIVED_FROM_RIOT_MASTER,"Riot Games, Inc.",,,1:1,0.50,0.50,0.50,0.40,FOCAL_CROP,GENERATE_AFTER_MASTER,NEEDS_VISUAL_QA,Derive from champions/master/vi.jpg using focal points; never stretch.
champion:vi:generated_card_4x5,char:vi,CHAMPION,Vi,GENERATED_CARD_4X5,champions/generated/vi-card-4x5.webp,,,DERIVED_FROM_RIOT_MASTER,"Riot Games, Inc.",,,4:5,0.50,0.50,0.50,0.40,FOCAL_CROP,GENERATE_AFTER_MASTER,NEEDS_VISUAL_QA,Derive from champions/master/vi.jpg using focal points; never stretch.
champion:vi:generated_hero_16x9,char:vi,CHAMPION,Vi,GENERATED_HERO_16X9,champions/generated/vi-hero-16x9.webp,,,DERIVED_FROM_RIOT_MASTER,"Riot Games, Inc.",,,16:9,0.50,0.50,0.50,0.40,FOCAL_CROP,GENERATE_AFTER_MASTER,NEEDS_VISUAL_QA,Derive from champions/master/vi.jpg using focal points; never stretch.
champion:vi:generated_cinematic_9x16,char:vi,CHAMPION,Vi,GENERATED_CINEMATIC_9X16,champions/generated/vi-cinematic-9x16.webp,,,DERIVED_FROM_RIOT_MASTER,"Riot Games, Inc.",,,9:16,0.50,0.50,0.50,0.40,FOCAL_CROP,GENERATE_AFTER_MASTER,NEEDS_VISUAL_QA,Derive from champions/master/vi.jpg using focal points; never stretch.
champion:viego:master,char:viego,CHAMPION,Viego,MASTER_SPLASH,champions/master/viego.jpg,https://ddragon.leagueoflegends.com/cdn/img/champion/splash/Viego_0.jpg,https://www.leagueoflegends.com/en-us/champions/viego/,RIOT_DATA_DRAGON,"Riot Games, Inc.",1200,700,~1.69:1,0.50,0.50,0.50,0.40,FOCAL_CROP,PENDING,NEEDS_VISUAL_QA,Official base splash. Use as master for derived crops; do not upscale low-res portrait assets.
champion:viego:loading,char:viego,CHAMPION,Viego,NATIVE_LOADING,champions/master/viego-loading.jpg,https://ddragon.leagueoflegends.com/cdn/img/champion/loading/Viego_0.jpg,https://www.leagueoflegends.com/en-us/champions/viego/,RIOT_DATA_DRAGON,"Riot Games, Inc.",300,550,~9:16,0.50,0.50,0.50,0.40,FOCAL_CROP,PENDING,NEEDS_VISUAL_QA,"Official loading art; useful as fallback in vertical contexts, but cinematic should prefer master splash crop if quality is better."
champion:viego:generated_portrait_512,char:viego,CHAMPION,Viego,GENERATED_PORTRAIT_512,champions/generated/viego-portrait-512.webp,,,DERIVED_FROM_RIOT_MASTER,"Riot Games, Inc.",,,1:1,0.50,0.50,0.50,0.40,FOCAL_CROP,GENERATE_AFTER_MASTER,NEEDS_VISUAL_QA,Derive from champions/master/viego.jpg using focal points; never stretch.
champion:viego:generated_card_4x5,char:viego,CHAMPION,Viego,GENERATED_CARD_4X5,champions/generated/viego-card-4x5.webp,,,DERIVED_FROM_RIOT_MASTER,"Riot Games, Inc.",,,4:5,0.50,0.50,0.50,0.40,FOCAL_CROP,GENERATE_AFTER_MASTER,NEEDS_VISUAL_QA,Derive from champions/master/viego.jpg using focal points; never stretch.
champion:viego:generated_hero_16x9,char:viego,CHAMPION,Viego,GENERATED_HERO_16X9,champions/generated/viego-hero-16x9.webp,,,DERIVED_FROM_RIOT_MASTER,"Riot Games, Inc.",,,16:9,0.50,0.50,0.50,0.40,FOCAL_CROP,GENERATE_AFTER_MASTER,NEEDS_VISUAL_QA,Derive from champions/master/viego.jpg using focal points; never stretch.
champion:viego:generated_cinematic_9x16,char:viego,CHAMPION,Viego,GENERATED_CINEMATIC_9X16,champions/generated/viego-cinematic-9x16.webp,,,DERIVED_FROM_RIOT_MASTER,"Riot Games, Inc.",,,9:16,0.50,0.50,0.50,0.40,FOCAL_CROP,GENERATE_AFTER_MASTER,NEEDS_VISUAL_QA,Derive from champions/master/viego.jpg using focal points; never stretch.
champion:viktor:master,char:viktor,CHAMPION,Viktor,MASTER_SPLASH,champions/master/viktor.jpg,https://ddragon.leagueoflegends.com/cdn/img/champion/splash/Viktor_0.jpg,https://www.leagueoflegends.com/en-us/champions/viktor/,RIOT_DATA_DRAGON,"Riot Games, Inc.",1200,700,~1.69:1,0.50,0.50,0.50,0.40,FOCAL_CROP,PENDING,NEEDS_VISUAL_QA,Official base splash. Use as master for derived crops; do not upscale low-res portrait assets.
champion:viktor:loading,char:viktor,CHAMPION,Viktor,NATIVE_LOADING,champions/master/viktor-loading.jpg,https://ddragon.leagueoflegends.com/cdn/img/champion/loading/Viktor_0.jpg,https://www.leagueoflegends.com/en-us/champions/viktor/,RIOT_DATA_DRAGON,"Riot Games, Inc.",300,550,~9:16,0.50,0.50,0.50,0.40,FOCAL_CROP,PENDING,NEEDS_VISUAL_QA,"Official loading art; useful as fallback in vertical contexts, but cinematic should prefer master splash crop if quality is better."
champion:viktor:generated_portrait_512,char:viktor,CHAMPION,Viktor,GENERATED_PORTRAIT_512,champions/generated/viktor-portrait-512.webp,,,DERIVED_FROM_RIOT_MASTER,"Riot Games, Inc.",,,1:1,0.50,0.50,0.50,0.40,FOCAL_CROP,GENERATE_AFTER_MASTER,NEEDS_VISUAL_QA,Derive from champions/master/viktor.jpg using focal points; never stretch.
champion:viktor:generated_card_4x5,char:viktor,CHAMPION,Viktor,GENERATED_CARD_4X5,champions/generated/viktor-card-4x5.webp,,,DERIVED_FROM_RIOT_MASTER,"Riot Games, Inc.",,,4:5,0.50,0.50,0.50,0.40,FOCAL_CROP,GENERATE_AFTER_MASTER,NEEDS_VISUAL_QA,Derive from champions/master/viktor.jpg using focal points; never stretch.
champion:viktor:generated_hero_16x9,char:viktor,CHAMPION,Viktor,GENERATED_HERO_16X9,champions/generated/viktor-hero-16x9.webp,,,DERIVED_FROM_RIOT_MASTER,"Riot Games, Inc.",,,16:9,0.50,0.50,0.50,0.40,FOCAL_CROP,GENERATE_AFTER_MASTER,NEEDS_VISUAL_QA,Derive from champions/master/viktor.jpg using focal points; never stretch.
champion:viktor:generated_cinematic_9x16,char:viktor,CHAMPION,Viktor,GENERATED_CINEMATIC_9X16,champions/generated/viktor-cinematic-9x16.webp,,,DERIVED_FROM_RIOT_MASTER,"Riot Games, Inc.",,,9:16,0.50,0.50,0.50,0.40,FOCAL_CROP,GENERATE_AFTER_MASTER,NEEDS_VISUAL_QA,Derive from champions/master/viktor.jpg using focal points; never stretch.
champion:vladimir:master,char:vladimir,CHAMPION,Vladimir,MASTER_SPLASH,champions/master/vladimir.jpg,https://ddragon.leagueoflegends.com/cdn/img/champion/splash/Vladimir_0.jpg,https://www.leagueoflegends.com/en-us/champions/vladimir/,RIOT_DATA_DRAGON,"Riot Games, Inc.",1200,700,~1.69:1,0.50,0.50,0.50,0.40,FOCAL_CROP,PENDING,NEEDS_VISUAL_QA,Official base splash. Use as master for derived crops; do not upscale low-res portrait assets.
champion:vladimir:loading,char:vladimir,CHAMPION,Vladimir,NATIVE_LOADING,champions/master/vladimir-loading.jpg,https://ddragon.leagueoflegends.com/cdn/img/champion/loading/Vladimir_0.jpg,https://www.leagueoflegends.com/en-us/champions/vladimir/,RIOT_DATA_DRAGON,"Riot Games, Inc.",300,550,~9:16,0.50,0.50,0.50,0.40,FOCAL_CROP,PENDING,NEEDS_VISUAL_QA,"Official loading art; useful as fallback in vertical contexts, but cinematic should prefer master splash crop if quality is better."
champion:vladimir:generated_portrait_512,char:vladimir,CHAMPION,Vladimir,GENERATED_PORTRAIT_512,champions/generated/vladimir-portrait-512.webp,,,DERIVED_FROM_RIOT_MASTER,"Riot Games, Inc.",,,1:1,0.50,0.50,0.50,0.40,FOCAL_CROP,GENERATE_AFTER_MASTER,NEEDS_VISUAL_QA,Derive from champions/master/vladimir.jpg using focal points; never stretch.
champion:vladimir:generated_card_4x5,char:vladimir,CHAMPION,Vladimir,GENERATED_CARD_4X5,champions/generated/vladimir-card-4x5.webp,,,DERIVED_FROM_RIOT_MASTER,"Riot Games, Inc.",,,4:5,0.50,0.50,0.50,0.40,FOCAL_CROP,GENERATE_AFTER_MASTER,NEEDS_VISUAL_QA,Derive from champions/master/vladimir.jpg using focal points; never stretch.
champion:vladimir:generated_hero_16x9,char:vladimir,CHAMPION,Vladimir,GENERATED_HERO_16X9,champions/generated/vladimir-hero-16x9.webp,,,DERIVED_FROM_RIOT_MASTER,"Riot Games, Inc.",,,16:9,0.50,0.50,0.50,0.40,FOCAL_CROP,GENERATE_AFTER_MASTER,NEEDS_VISUAL_QA,Derive from champions/master/vladimir.jpg using focal points; never stretch.
champion:vladimir:generated_cinematic_9x16,char:vladimir,CHAMPION,Vladimir,GENERATED_CINEMATIC_9X16,champions/generated/vladimir-cinematic-9x16.webp,,,DERIVED_FROM_RIOT_MASTER,"Riot Games, Inc.",,,9:16,0.50,0.50,0.50,0.40,FOCAL_CROP,GENERATE_AFTER_MASTER,NEEDS_VISUAL_QA,Derive from champions/master/vladimir.jpg using focal points; never stretch.
champion:volibear:master,char:volibear,CHAMPION,Volibear,MASTER_SPLASH,champions/master/volibear.jpg,https://ddragon.leagueoflegends.com/cdn/img/champion/splash/Volibear_0.jpg,https://www.leagueoflegends.com/en-us/champions/volibear/,RIOT_DATA_DRAGON,"Riot Games, Inc.",1200,700,~1.69:1,0.50,0.50,0.50,0.40,FOCAL_CROP,PENDING,NEEDS_VISUAL_QA,Official base splash. Use as master for derived crops; do not upscale low-res portrait assets.
champion:volibear:loading,char:volibear,CHAMPION,Volibear,NATIVE_LOADING,champions/master/volibear-loading.jpg,https://ddragon.leagueoflegends.com/cdn/img/champion/loading/Volibear_0.jpg,https://www.leagueoflegends.com/en-us/champions/volibear/,RIOT_DATA_DRAGON,"Riot Games, Inc.",300,550,~9:16,0.50,0.50,0.50,0.40,FOCAL_CROP,PENDING,NEEDS_VISUAL_QA,"Official loading art; useful as fallback in vertical contexts, but cinematic should prefer master splash crop if quality is better."
champion:volibear:generated_portrait_512,char:volibear,CHAMPION,Volibear,GENERATED_PORTRAIT_512,champions/generated/volibear-portrait-512.webp,,,DERIVED_FROM_RIOT_MASTER,"Riot Games, Inc.",,,1:1,0.50,0.50,0.50,0.40,FOCAL_CROP,GENERATE_AFTER_MASTER,NEEDS_VISUAL_QA,Derive from champions/master/volibear.jpg using focal points; never stretch.
champion:volibear:generated_card_4x5,char:volibear,CHAMPION,Volibear,GENERATED_CARD_4X5,champions/generated/volibear-card-4x5.webp,,,DERIVED_FROM_RIOT_MASTER,"Riot Games, Inc.",,,4:5,0.50,0.50,0.50,0.40,FOCAL_CROP,GENERATE_AFTER_MASTER,NEEDS_VISUAL_QA,Derive from champions/master/volibear.jpg using focal points; never stretch.
champion:volibear:generated_hero_16x9,char:volibear,CHAMPION,Volibear,GENERATED_HERO_16X9,champions/generated/volibear-hero-16x9.webp,,,DERIVED_FROM_RIOT_MASTER,"Riot Games, Inc.",,,16:9,0.50,0.50,0.50,0.40,FOCAL_CROP,GENERATE_AFTER_MASTER,NEEDS_VISUAL_QA,Derive from champions/master/volibear.jpg using focal points; never stretch.
champion:volibear:generated_cinematic_9x16,char:volibear,CHAMPION,Volibear,GENERATED_CINEMATIC_9X16,champions/generated/volibear-cinematic-9x16.webp,,,DERIVED_FROM_RIOT_MASTER,"Riot Games, Inc.",,,9:16,0.50,0.50,0.50,0.40,FOCAL_CROP,GENERATE_AFTER_MASTER,NEEDS_VISUAL_QA,Derive from champions/master/volibear.jpg using focal points; never stretch.
champion:warwick:master,char:warwick,CHAMPION,Warwick,MASTER_SPLASH,champions/master/warwick.jpg,https://ddragon.leagueoflegends.com/cdn/img/champion/splash/Warwick_0.jpg,https://www.leagueoflegends.com/en-us/champions/warwick/,RIOT_DATA_DRAGON,"Riot Games, Inc.",1200,700,~1.69:1,0.50,0.50,0.50,0.40,FOCAL_CROP,PENDING,NEEDS_VISUAL_QA,Official base splash. Use as master for derived crops; do not upscale low-res portrait assets.
champion:warwick:loading,char:warwick,CHAMPION,Warwick,NATIVE_LOADING,champions/master/warwick-loading.jpg,https://ddragon.leagueoflegends.com/cdn/img/champion/loading/Warwick_0.jpg,https://www.leagueoflegends.com/en-us/champions/warwick/,RIOT_DATA_DRAGON,"Riot Games, Inc.",300,550,~9:16,0.50,0.50,0.50,0.40,FOCAL_CROP,PENDING,NEEDS_VISUAL_QA,"Official loading art; useful as fallback in vertical contexts, but cinematic should prefer master splash crop if quality is better."
champion:warwick:generated_portrait_512,char:warwick,CHAMPION,Warwick,GENERATED_PORTRAIT_512,champions/generated/warwick-portrait-512.webp,,,DERIVED_FROM_RIOT_MASTER,"Riot Games, Inc.",,,1:1,0.50,0.50,0.50,0.40,FOCAL_CROP,GENERATE_AFTER_MASTER,NEEDS_VISUAL_QA,Derive from champions/master/warwick.jpg using focal points; never stretch.
champion:warwick:generated_card_4x5,char:warwick,CHAMPION,Warwick,GENERATED_CARD_4X5,champions/generated/warwick-card-4x5.webp,,,DERIVED_FROM_RIOT_MASTER,"Riot Games, Inc.",,,4:5,0.50,0.50,0.50,0.40,FOCAL_CROP,GENERATE_AFTER_MASTER,NEEDS_VISUAL_QA,Derive from champions/master/warwick.jpg using focal points; never stretch.
champion:warwick:generated_hero_16x9,char:warwick,CHAMPION,Warwick,GENERATED_HERO_16X9,champions/generated/warwick-hero-16x9.webp,,,DERIVED_FROM_RIOT_MASTER,"Riot Games, Inc.",,,16:9,0.50,0.50,0.50,0.40,FOCAL_CROP,GENERATE_AFTER_MASTER,NEEDS_VISUAL_QA,Derive from champions/master/warwick.jpg using focal points; never stretch.
champion:warwick:generated_cinematic_9x16,char:warwick,CHAMPION,Warwick,GENERATED_CINEMATIC_9X16,champions/generated/warwick-cinematic-9x16.webp,,,DERIVED_FROM_RIOT_MASTER,"Riot Games, Inc.",,,9:16,0.50,0.50,0.50,0.40,FOCAL_CROP,GENERATE_AFTER_MASTER,NEEDS_VISUAL_QA,Derive from champions/master/warwick.jpg using focal points; never stretch.
champion:wukong:master,char:wukong,CHAMPION,Wukong,MASTER_SPLASH,champions/master/wukong.jpg,https://ddragon.leagueoflegends.com/cdn/img/champion/splash/MonkeyKing_0.jpg,https://www.leagueoflegends.com/en-us/champions/wukong/,RIOT_DATA_DRAGON,"Riot Games, Inc.",1200,700,~1.69:1,0.50,0.50,0.50,0.40,FOCAL_CROP,PENDING,NEEDS_VISUAL_QA,Official base splash. Use as master for derived crops; do not upscale low-res portrait assets.
champion:wukong:loading,char:wukong,CHAMPION,Wukong,NATIVE_LOADING,champions/master/wukong-loading.jpg,https://ddragon.leagueoflegends.com/cdn/img/champion/loading/MonkeyKing_0.jpg,https://www.leagueoflegends.com/en-us/champions/wukong/,RIOT_DATA_DRAGON,"Riot Games, Inc.",300,550,~9:16,0.50,0.50,0.50,0.40,FOCAL_CROP,PENDING,NEEDS_VISUAL_QA,"Official loading art; useful as fallback in vertical contexts, but cinematic should prefer master splash crop if quality is better."
champion:wukong:generated_portrait_512,char:wukong,CHAMPION,Wukong,GENERATED_PORTRAIT_512,champions/generated/wukong-portrait-512.webp,,,DERIVED_FROM_RIOT_MASTER,"Riot Games, Inc.",,,1:1,0.50,0.50,0.50,0.40,FOCAL_CROP,GENERATE_AFTER_MASTER,NEEDS_VISUAL_QA,Derive from champions/master/wukong.jpg using focal points; never stretch.
champion:wukong:generated_card_4x5,char:wukong,CHAMPION,Wukong,GENERATED_CARD_4X5,champions/generated/wukong-card-4x5.webp,,,DERIVED_FROM_RIOT_MASTER,"Riot Games, Inc.",,,4:5,0.50,0.50,0.50,0.40,FOCAL_CROP,GENERATE_AFTER_MASTER,NEEDS_VISUAL_QA,Derive from champions/master/wukong.jpg using focal points; never stretch.
champion:wukong:generated_hero_16x9,char:wukong,CHAMPION,Wukong,GENERATED_HERO_16X9,champions/generated/wukong-hero-16x9.webp,,,DERIVED_FROM_RIOT_MASTER,"Riot Games, Inc.",,,16:9,0.50,0.50,0.50,0.40,FOCAL_CROP,GENERATE_AFTER_MASTER,NEEDS_VISUAL_QA,Derive from champions/master/wukong.jpg using focal points; never stretch.
champion:wukong:generated_cinematic_9x16,char:wukong,CHAMPION,Wukong,GENERATED_CINEMATIC_9X16,champions/generated/wukong-cinematic-9x16.webp,,,DERIVED_FROM_RIOT_MASTER,"Riot Games, Inc.",,,9:16,0.50,0.50,0.50,0.40,FOCAL_CROP,GENERATE_AFTER_MASTER,NEEDS_VISUAL_QA,Derive from champions/master/wukong.jpg using focal points; never stretch.
champion:xayah:master,char:xayah,CHAMPION,Xayah,MASTER_SPLASH,champions/master/xayah.jpg,https://ddragon.leagueoflegends.com/cdn/img/champion/splash/Xayah_0.jpg,https://www.leagueoflegends.com/en-us/champions/xayah/,RIOT_DATA_DRAGON,"Riot Games, Inc.",1200,700,~1.69:1,0.50,0.50,0.50,0.40,FOCAL_CROP,PENDING,NEEDS_VISUAL_QA,Official base splash. Use as master for derived crops; do not upscale low-res portrait assets.
champion:xayah:loading,char:xayah,CHAMPION,Xayah,NATIVE_LOADING,champions/master/xayah-loading.jpg,https://ddragon.leagueoflegends.com/cdn/img/champion/loading/Xayah_0.jpg,https://www.leagueoflegends.com/en-us/champions/xayah/,RIOT_DATA_DRAGON,"Riot Games, Inc.",300,550,~9:16,0.50,0.50,0.50,0.40,FOCAL_CROP,PENDING,NEEDS_VISUAL_QA,"Official loading art; useful as fallback in vertical contexts, but cinematic should prefer master splash crop if quality is better."
champion:xayah:generated_portrait_512,char:xayah,CHAMPION,Xayah,GENERATED_PORTRAIT_512,champions/generated/xayah-portrait-512.webp,,,DERIVED_FROM_RIOT_MASTER,"Riot Games, Inc.",,,1:1,0.50,0.50,0.50,0.40,FOCAL_CROP,GENERATE_AFTER_MASTER,NEEDS_VISUAL_QA,Derive from champions/master/xayah.jpg using focal points; never stretch.
champion:xayah:generated_card_4x5,char:xayah,CHAMPION,Xayah,GENERATED_CARD_4X5,champions/generated/xayah-card-4x5.webp,,,DERIVED_FROM_RIOT_MASTER,"Riot Games, Inc.",,,4:5,0.50,0.50,0.50,0.40,FOCAL_CROP,GENERATE_AFTER_MASTER,NEEDS_VISUAL_QA,Derive from champions/master/xayah.jpg using focal points; never stretch.
champion:xayah:generated_hero_16x9,char:xayah,CHAMPION,Xayah,GENERATED_HERO_16X9,champions/generated/xayah-hero-16x9.webp,,,DERIVED_FROM_RIOT_MASTER,"Riot Games, Inc.",,,16:9,0.50,0.50,0.50,0.40,FOCAL_CROP,GENERATE_AFTER_MASTER,NEEDS_VISUAL_QA,Derive from champions/master/xayah.jpg using focal points; never stretch.
champion:xayah:generated_cinematic_9x16,char:xayah,CHAMPION,Xayah,GENERATED_CINEMATIC_9X16,champions/generated/xayah-cinematic-9x16.webp,,,DERIVED_FROM_RIOT_MASTER,"Riot Games, Inc.",,,9:16,0.50,0.50,0.50,0.40,FOCAL_CROP,GENERATE_AFTER_MASTER,NEEDS_VISUAL_QA,Derive from champions/master/xayah.jpg using focal points; never stretch.
champion:xerath:master,char:xerath,CHAMPION,Xerath,MASTER_SPLASH,champions/master/xerath.jpg,https://ddragon.leagueoflegends.com/cdn/img/champion/splash/Xerath_0.jpg,https://www.leagueoflegends.com/en-us/champions/xerath/,RIOT_DATA_DRAGON,"Riot Games, Inc.",1200,700,~1.69:1,0.50,0.50,0.50,0.40,FOCAL_CROP,PENDING,NEEDS_VISUAL_QA,Official base splash. Use as master for derived crops; do not upscale low-res portrait assets.
champion:xerath:loading,char:xerath,CHAMPION,Xerath,NATIVE_LOADING,champions/master/xerath-loading.jpg,https://ddragon.leagueoflegends.com/cdn/img/champion/loading/Xerath_0.jpg,https://www.leagueoflegends.com/en-us/champions/xerath/,RIOT_DATA_DRAGON,"Riot Games, Inc.",300,550,~9:16,0.50,0.50,0.50,0.40,FOCAL_CROP,PENDING,NEEDS_VISUAL_QA,"Official loading art; useful as fallback in vertical contexts, but cinematic should prefer master splash crop if quality is better."
champion:xerath:generated_portrait_512,char:xerath,CHAMPION,Xerath,GENERATED_PORTRAIT_512,champions/generated/xerath-portrait-512.webp,,,DERIVED_FROM_RIOT_MASTER,"Riot Games, Inc.",,,1:1,0.50,0.50,0.50,0.40,FOCAL_CROP,GENERATE_AFTER_MASTER,NEEDS_VISUAL_QA,Derive from champions/master/xerath.jpg using focal points; never stretch.
champion:xerath:generated_card_4x5,char:xerath,CHAMPION,Xerath,GENERATED_CARD_4X5,champions/generated/xerath-card-4x5.webp,,,DERIVED_FROM_RIOT_MASTER,"Riot Games, Inc.",,,4:5,0.50,0.50,0.50,0.40,FOCAL_CROP,GENERATE_AFTER_MASTER,NEEDS_VISUAL_QA,Derive from champions/master/xerath.jpg using focal points; never stretch.
champion:xerath:generated_hero_16x9,char:xerath,CHAMPION,Xerath,GENERATED_HERO_16X9,champions/generated/xerath-hero-16x9.webp,,,DERIVED_FROM_RIOT_MASTER,"Riot Games, Inc.",,,16:9,0.50,0.50,0.50,0.40,FOCAL_CROP,GENERATE_AFTER_MASTER,NEEDS_VISUAL_QA,Derive from champions/master/xerath.jpg using focal points; never stretch.
champion:xerath:generated_cinematic_9x16,char:xerath,CHAMPION,Xerath,GENERATED_CINEMATIC_9X16,champions/generated/xerath-cinematic-9x16.webp,,,DERIVED_FROM_RIOT_MASTER,"Riot Games, Inc.",,,9:16,0.50,0.50,0.50,0.40,FOCAL_CROP,GENERATE_AFTER_MASTER,NEEDS_VISUAL_QA,Derive from champions/master/xerath.jpg using focal points; never stretch.
champion:xin-zhao:master,char:xin-zhao,CHAMPION,Xin Zhao,MASTER_SPLASH,champions/master/xin-zhao.jpg,https://ddragon.leagueoflegends.com/cdn/img/champion/splash/XinZhao_0.jpg,https://www.leagueoflegends.com/en-us/champions/xin-zhao/,RIOT_DATA_DRAGON,"Riot Games, Inc.",1200,700,~1.69:1,0.50,0.50,0.50,0.40,FOCAL_CROP,PENDING,NEEDS_VISUAL_QA,Official base splash. Use as master for derived crops; do not upscale low-res portrait assets.
champion:xin-zhao:loading,char:xin-zhao,CHAMPION,Xin Zhao,NATIVE_LOADING,champions/master/xin-zhao-loading.jpg,https://ddragon.leagueoflegends.com/cdn/img/champion/loading/XinZhao_0.jpg,https://www.leagueoflegends.com/en-us/champions/xin-zhao/,RIOT_DATA_DRAGON,"Riot Games, Inc.",300,550,~9:16,0.50,0.50,0.50,0.40,FOCAL_CROP,PENDING,NEEDS_VISUAL_QA,"Official loading art; useful as fallback in vertical contexts, but cinematic should prefer master splash crop if quality is better."
champion:xin-zhao:generated_portrait_512,char:xin-zhao,CHAMPION,Xin Zhao,GENERATED_PORTRAIT_512,champions/generated/xin-zhao-portrait-512.webp,,,DERIVED_FROM_RIOT_MASTER,"Riot Games, Inc.",,,1:1,0.50,0.50,0.50,0.40,FOCAL_CROP,GENERATE_AFTER_MASTER,NEEDS_VISUAL_QA,Derive from champions/master/xin-zhao.jpg using focal points; never stretch.
champion:xin-zhao:generated_card_4x5,char:xin-zhao,CHAMPION,Xin Zhao,GENERATED_CARD_4X5,champions/generated/xin-zhao-card-4x5.webp,,,DERIVED_FROM_RIOT_MASTER,"Riot Games, Inc.",,,4:5,0.50,0.50,0.50,0.40,FOCAL_CROP,GENERATE_AFTER_MASTER,NEEDS_VISUAL_QA,Derive from champions/master/xin-zhao.jpg using focal points; never stretch.
champion:xin-zhao:generated_hero_16x9,char:xin-zhao,CHAMPION,Xin Zhao,GENERATED_HERO_16X9,champions/generated/xin-zhao-hero-16x9.webp,,,DERIVED_FROM_RIOT_MASTER,"Riot Games, Inc.",,,16:9,0.50,0.50,0.50,0.40,FOCAL_CROP,GENERATE_AFTER_MASTER,NEEDS_VISUAL_QA,Derive from champions/master/xin-zhao.jpg using focal points; never stretch.
champion:xin-zhao:generated_cinematic_9x16,char:xin-zhao,CHAMPION,Xin Zhao,GENERATED_CINEMATIC_9X16,champions/generated/xin-zhao-cinematic-9x16.webp,,,DERIVED_FROM_RIOT_MASTER,"Riot Games, Inc.",,,9:16,0.50,0.50,0.50,0.40,FOCAL_CROP,GENERATE_AFTER_MASTER,NEEDS_VISUAL_QA,Derive from champions/master/xin-zhao.jpg using focal points; never stretch.
champion:yasuo:master,char:yasuo,CHAMPION,Yasuo,MASTER_SPLASH,champions/master/yasuo.jpg,https://ddragon.leagueoflegends.com/cdn/img/champion/splash/Yasuo_0.jpg,https://www.leagueoflegends.com/en-us/champions/yasuo/,RIOT_DATA_DRAGON,"Riot Games, Inc.",1200,700,~1.69:1,0.50,0.50,0.50,0.40,FOCAL_CROP,PENDING,NEEDS_VISUAL_QA,Official base splash. Use as master for derived crops; do not upscale low-res portrait assets.
champion:yasuo:loading,char:yasuo,CHAMPION,Yasuo,NATIVE_LOADING,champions/master/yasuo-loading.jpg,https://ddragon.leagueoflegends.com/cdn/img/champion/loading/Yasuo_0.jpg,https://www.leagueoflegends.com/en-us/champions/yasuo/,RIOT_DATA_DRAGON,"Riot Games, Inc.",300,550,~9:16,0.50,0.50,0.50,0.40,FOCAL_CROP,PENDING,NEEDS_VISUAL_QA,"Official loading art; useful as fallback in vertical contexts, but cinematic should prefer master splash crop if quality is better."
champion:yasuo:generated_portrait_512,char:yasuo,CHAMPION,Yasuo,GENERATED_PORTRAIT_512,champions/generated/yasuo-portrait-512.webp,,,DERIVED_FROM_RIOT_MASTER,"Riot Games, Inc.",,,1:1,0.50,0.50,0.50,0.40,FOCAL_CROP,GENERATE_AFTER_MASTER,NEEDS_VISUAL_QA,Derive from champions/master/yasuo.jpg using focal points; never stretch.
champion:yasuo:generated_card_4x5,char:yasuo,CHAMPION,Yasuo,GENERATED_CARD_4X5,champions/generated/yasuo-card-4x5.webp,,,DERIVED_FROM_RIOT_MASTER,"Riot Games, Inc.",,,4:5,0.50,0.50,0.50,0.40,FOCAL_CROP,GENERATE_AFTER_MASTER,NEEDS_VISUAL_QA,Derive from champions/master/yasuo.jpg using focal points; never stretch.
champion:yasuo:generated_hero_16x9,char:yasuo,CHAMPION,Yasuo,GENERATED_HERO_16X9,champions/generated/yasuo-hero-16x9.webp,,,DERIVED_FROM_RIOT_MASTER,"Riot Games, Inc.",,,16:9,0.50,0.50,0.50,0.40,FOCAL_CROP,GENERATE_AFTER_MASTER,NEEDS_VISUAL_QA,Derive from champions/master/yasuo.jpg using focal points; never stretch.
champion:yasuo:generated_cinematic_9x16,char:yasuo,CHAMPION,Yasuo,GENERATED_CINEMATIC_9X16,champions/generated/yasuo-cinematic-9x16.webp,,,DERIVED_FROM_RIOT_MASTER,"Riot Games, Inc.",,,9:16,0.50,0.50,0.50,0.40,FOCAL_CROP,GENERATE_AFTER_MASTER,NEEDS_VISUAL_QA,Derive from champions/master/yasuo.jpg using focal points; never stretch.
champion:yone:master,char:yone,CHAMPION,Yone,MASTER_SPLASH,champions/master/yone.jpg,https://ddragon.leagueoflegends.com/cdn/img/champion/splash/Yone_0.jpg,https://www.leagueoflegends.com/en-us/champions/yone/,RIOT_DATA_DRAGON,"Riot Games, Inc.",1200,700,~1.69:1,0.50,0.50,0.50,0.40,FOCAL_CROP,PENDING,NEEDS_VISUAL_QA,Official base splash. Use as master for derived crops; do not upscale low-res portrait assets.
champion:yone:loading,char:yone,CHAMPION,Yone,NATIVE_LOADING,champions/master/yone-loading.jpg,https://ddragon.leagueoflegends.com/cdn/img/champion/loading/Yone_0.jpg,https://www.leagueoflegends.com/en-us/champions/yone/,RIOT_DATA_DRAGON,"Riot Games, Inc.",300,550,~9:16,0.50,0.50,0.50,0.40,FOCAL_CROP,PENDING,NEEDS_VISUAL_QA,"Official loading art; useful as fallback in vertical contexts, but cinematic should prefer master splash crop if quality is better."
champion:yone:generated_portrait_512,char:yone,CHAMPION,Yone,GENERATED_PORTRAIT_512,champions/generated/yone-portrait-512.webp,,,DERIVED_FROM_RIOT_MASTER,"Riot Games, Inc.",,,1:1,0.50,0.50,0.50,0.40,FOCAL_CROP,GENERATE_AFTER_MASTER,NEEDS_VISUAL_QA,Derive from champions/master/yone.jpg using focal points; never stretch.
champion:yone:generated_card_4x5,char:yone,CHAMPION,Yone,GENERATED_CARD_4X5,champions/generated/yone-card-4x5.webp,,,DERIVED_FROM_RIOT_MASTER,"Riot Games, Inc.",,,4:5,0.50,0.50,0.50,0.40,FOCAL_CROP,GENERATE_AFTER_MASTER,NEEDS_VISUAL_QA,Derive from champions/master/yone.jpg using focal points; never stretch.
champion:yone:generated_hero_16x9,char:yone,CHAMPION,Yone,GENERATED_HERO_16X9,champions/generated/yone-hero-16x9.webp,,,DERIVED_FROM_RIOT_MASTER,"Riot Games, Inc.",,,16:9,0.50,0.50,0.50,0.40,FOCAL_CROP,GENERATE_AFTER_MASTER,NEEDS_VISUAL_QA,Derive from champions/master/yone.jpg using focal points; never stretch.
champion:yone:generated_cinematic_9x16,char:yone,CHAMPION,Yone,GENERATED_CINEMATIC_9X16,champions/generated/yone-cinematic-9x16.webp,,,DERIVED_FROM_RIOT_MASTER,"Riot Games, Inc.",,,9:16,0.50,0.50,0.50,0.40,FOCAL_CROP,GENERATE_AFTER_MASTER,NEEDS_VISUAL_QA,Derive from champions/master/yone.jpg using focal points; never stretch.
champion:yorick:master,char:yorick,CHAMPION,Yorick,MASTER_SPLASH,champions/master/yorick.jpg,https://ddragon.leagueoflegends.com/cdn/img/champion/splash/Yorick_0.jpg,https://www.leagueoflegends.com/en-us/champions/yorick/,RIOT_DATA_DRAGON,"Riot Games, Inc.",1200,700,~1.69:1,0.50,0.50,0.50,0.40,FOCAL_CROP,PENDING,NEEDS_VISUAL_QA,Official base splash. Use as master for derived crops; do not upscale low-res portrait assets.
champion:yorick:loading,char:yorick,CHAMPION,Yorick,NATIVE_LOADING,champions/master/yorick-loading.jpg,https://ddragon.leagueoflegends.com/cdn/img/champion/loading/Yorick_0.jpg,https://www.leagueoflegends.com/en-us/champions/yorick/,RIOT_DATA_DRAGON,"Riot Games, Inc.",300,550,~9:16,0.50,0.50,0.50,0.40,FOCAL_CROP,PENDING,NEEDS_VISUAL_QA,"Official loading art; useful as fallback in vertical contexts, but cinematic should prefer master splash crop if quality is better."
champion:yorick:generated_portrait_512,char:yorick,CHAMPION,Yorick,GENERATED_PORTRAIT_512,champions/generated/yorick-portrait-512.webp,,,DERIVED_FROM_RIOT_MASTER,"Riot Games, Inc.",,,1:1,0.50,0.50,0.50,0.40,FOCAL_CROP,GENERATE_AFTER_MASTER,NEEDS_VISUAL_QA,Derive from champions/master/yorick.jpg using focal points; never stretch.
champion:yorick:generated_card_4x5,char:yorick,CHAMPION,Yorick,GENERATED_CARD_4X5,champions/generated/yorick-card-4x5.webp,,,DERIVED_FROM_RIOT_MASTER,"Riot Games, Inc.",,,4:5,0.50,0.50,0.50,0.40,FOCAL_CROP,GENERATE_AFTER_MASTER,NEEDS_VISUAL_QA,Derive from champions/master/yorick.jpg using focal points; never stretch.
champion:yorick:generated_hero_16x9,char:yorick,CHAMPION,Yorick,GENERATED_HERO_16X9,champions/generated/yorick-hero-16x9.webp,,,DERIVED_FROM_RIOT_MASTER,"Riot Games, Inc.",,,16:9,0.50,0.50,0.50,0.40,FOCAL_CROP,GENERATE_AFTER_MASTER,NEEDS_VISUAL_QA,Derive from champions/master/yorick.jpg using focal points; never stretch.
champion:yorick:generated_cinematic_9x16,char:yorick,CHAMPION,Yorick,GENERATED_CINEMATIC_9X16,champions/generated/yorick-cinematic-9x16.webp,,,DERIVED_FROM_RIOT_MASTER,"Riot Games, Inc.",,,9:16,0.50,0.50,0.50,0.40,FOCAL_CROP,GENERATE_AFTER_MASTER,NEEDS_VISUAL_QA,Derive from champions/master/yorick.jpg using focal points; never stretch.
champion:yunara:master,char:yunara,CHAMPION,Yunara,MASTER_SPLASH,champions/master/yunara.jpg,https://ddragon.leagueoflegends.com/cdn/img/champion/splash/Yunara_0.jpg,https://www.leagueoflegends.com/en-us/champions/yunara/,RIOT_DATA_DRAGON,"Riot Games, Inc.",1200,700,~1.69:1,0.50,0.50,0.50,0.40,FOCAL_CROP,PENDING,NEEDS_VISUAL_QA,Official base splash. Use as master for derived crops; do not upscale low-res portrait assets.
champion:yunara:loading,char:yunara,CHAMPION,Yunara,NATIVE_LOADING,champions/master/yunara-loading.jpg,https://ddragon.leagueoflegends.com/cdn/img/champion/loading/Yunara_0.jpg,https://www.leagueoflegends.com/en-us/champions/yunara/,RIOT_DATA_DRAGON,"Riot Games, Inc.",300,550,~9:16,0.50,0.50,0.50,0.40,FOCAL_CROP,PENDING,NEEDS_VISUAL_QA,"Official loading art; useful as fallback in vertical contexts, but cinematic should prefer master splash crop if quality is better."
champion:yunara:generated_portrait_512,char:yunara,CHAMPION,Yunara,GENERATED_PORTRAIT_512,champions/generated/yunara-portrait-512.webp,,,DERIVED_FROM_RIOT_MASTER,"Riot Games, Inc.",,,1:1,0.50,0.50,0.50,0.40,FOCAL_CROP,GENERATE_AFTER_MASTER,NEEDS_VISUAL_QA,Derive from champions/master/yunara.jpg using focal points; never stretch.
champion:yunara:generated_card_4x5,char:yunara,CHAMPION,Yunara,GENERATED_CARD_4X5,champions/generated/yunara-card-4x5.webp,,,DERIVED_FROM_RIOT_MASTER,"Riot Games, Inc.",,,4:5,0.50,0.50,0.50,0.40,FOCAL_CROP,GENERATE_AFTER_MASTER,NEEDS_VISUAL_QA,Derive from champions/master/yunara.jpg using focal points; never stretch.
champion:yunara:generated_hero_16x9,char:yunara,CHAMPION,Yunara,GENERATED_HERO_16X9,champions/generated/yunara-hero-16x9.webp,,,DERIVED_FROM_RIOT_MASTER,"Riot Games, Inc.",,,16:9,0.50,0.50,0.50,0.40,FOCAL_CROP,GENERATE_AFTER_MASTER,NEEDS_VISUAL_QA,Derive from champions/master/yunara.jpg using focal points; never stretch.
champion:yunara:generated_cinematic_9x16,char:yunara,CHAMPION,Yunara,GENERATED_CINEMATIC_9X16,champions/generated/yunara-cinematic-9x16.webp,,,DERIVED_FROM_RIOT_MASTER,"Riot Games, Inc.",,,9:16,0.50,0.50,0.50,0.40,FOCAL_CROP,GENERATE_AFTER_MASTER,NEEDS_VISUAL_QA,Derive from champions/master/yunara.jpg using focal points; never stretch.
champion:yuumi:master,char:yuumi,CHAMPION,Yuumi,MASTER_SPLASH,champions/master/yuumi.jpg,https://ddragon.leagueoflegends.com/cdn/img/champion/splash/Yuumi_0.jpg,https://www.leagueoflegends.com/en-us/champions/yuumi/,RIOT_DATA_DRAGON,"Riot Games, Inc.",1200,700,~1.69:1,0.50,0.50,0.50,0.40,FOCAL_CROP,PENDING,NEEDS_VISUAL_QA,Official base splash. Use as master for derived crops; do not upscale low-res portrait assets.
champion:yuumi:loading,char:yuumi,CHAMPION,Yuumi,NATIVE_LOADING,champions/master/yuumi-loading.jpg,https://ddragon.leagueoflegends.com/cdn/img/champion/loading/Yuumi_0.jpg,https://www.leagueoflegends.com/en-us/champions/yuumi/,RIOT_DATA_DRAGON,"Riot Games, Inc.",300,550,~9:16,0.50,0.50,0.50,0.40,FOCAL_CROP,PENDING,NEEDS_VISUAL_QA,"Official loading art; useful as fallback in vertical contexts, but cinematic should prefer master splash crop if quality is better."
champion:yuumi:generated_portrait_512,char:yuumi,CHAMPION,Yuumi,GENERATED_PORTRAIT_512,champions/generated/yuumi-portrait-512.webp,,,DERIVED_FROM_RIOT_MASTER,"Riot Games, Inc.",,,1:1,0.50,0.50,0.50,0.40,FOCAL_CROP,GENERATE_AFTER_MASTER,NEEDS_VISUAL_QA,Derive from champions/master/yuumi.jpg using focal points; never stretch.
champion:yuumi:generated_card_4x5,char:yuumi,CHAMPION,Yuumi,GENERATED_CARD_4X5,champions/generated/yuumi-card-4x5.webp,,,DERIVED_FROM_RIOT_MASTER,"Riot Games, Inc.",,,4:5,0.50,0.50,0.50,0.40,FOCAL_CROP,GENERATE_AFTER_MASTER,NEEDS_VISUAL_QA,Derive from champions/master/yuumi.jpg using focal points; never stretch.
champion:yuumi:generated_hero_16x9,char:yuumi,CHAMPION,Yuumi,GENERATED_HERO_16X9,champions/generated/yuumi-hero-16x9.webp,,,DERIVED_FROM_RIOT_MASTER,"Riot Games, Inc.",,,16:9,0.50,0.50,0.50,0.40,FOCAL_CROP,GENERATE_AFTER_MASTER,NEEDS_VISUAL_QA,Derive from champions/master/yuumi.jpg using focal points; never stretch.
champion:yuumi:generated_cinematic_9x16,char:yuumi,CHAMPION,Yuumi,GENERATED_CINEMATIC_9X16,champions/generated/yuumi-cinematic-9x16.webp,,,DERIVED_FROM_RIOT_MASTER,"Riot Games, Inc.",,,9:16,0.50,0.50,0.50,0.40,FOCAL_CROP,GENERATE_AFTER_MASTER,NEEDS_VISUAL_QA,Derive from champions/master/yuumi.jpg using focal points; never stretch.
champion:zaahen:master,char:zaahen,CHAMPION,Zaahen,MASTER_SPLASH,champions/master/zaahen.jpg,https://ddragon.leagueoflegends.com/cdn/img/champion/splash/Zaahen_0.jpg,https://www.leagueoflegends.com/en-us/champions/zaahen/,RIOT_DATA_DRAGON,"Riot Games, Inc.",1200,700,~1.69:1,0.50,0.50,0.50,0.40,FOCAL_CROP,PENDING,NEEDS_VISUAL_QA,Official base splash. Use as master for derived crops; do not upscale low-res portrait assets.
champion:zaahen:loading,char:zaahen,CHAMPION,Zaahen,NATIVE_LOADING,champions/master/zaahen-loading.jpg,https://ddragon.leagueoflegends.com/cdn/img/champion/loading/Zaahen_0.jpg,https://www.leagueoflegends.com/en-us/champions/zaahen/,RIOT_DATA_DRAGON,"Riot Games, Inc.",300,550,~9:16,0.50,0.50,0.50,0.40,FOCAL_CROP,PENDING,NEEDS_VISUAL_QA,"Official loading art; useful as fallback in vertical contexts, but cinematic should prefer master splash crop if quality is better."
champion:zaahen:generated_portrait_512,char:zaahen,CHAMPION,Zaahen,GENERATED_PORTRAIT_512,champions/generated/zaahen-portrait-512.webp,,,DERIVED_FROM_RIOT_MASTER,"Riot Games, Inc.",,,1:1,0.50,0.50,0.50,0.40,FOCAL_CROP,GENERATE_AFTER_MASTER,NEEDS_VISUAL_QA,Derive from champions/master/zaahen.jpg using focal points; never stretch.
champion:zaahen:generated_card_4x5,char:zaahen,CHAMPION,Zaahen,GENERATED_CARD_4X5,champions/generated/zaahen-card-4x5.webp,,,DERIVED_FROM_RIOT_MASTER,"Riot Games, Inc.",,,4:5,0.50,0.50,0.50,0.40,FOCAL_CROP,GENERATE_AFTER_MASTER,NEEDS_VISUAL_QA,Derive from champions/master/zaahen.jpg using focal points; never stretch.
champion:zaahen:generated_hero_16x9,char:zaahen,CHAMPION,Zaahen,GENERATED_HERO_16X9,champions/generated/zaahen-hero-16x9.webp,,,DERIVED_FROM_RIOT_MASTER,"Riot Games, Inc.",,,16:9,0.50,0.50,0.50,0.40,FOCAL_CROP,GENERATE_AFTER_MASTER,NEEDS_VISUAL_QA,Derive from champions/master/zaahen.jpg using focal points; never stretch.
champion:zaahen:generated_cinematic_9x16,char:zaahen,CHAMPION,Zaahen,GENERATED_CINEMATIC_9X16,champions/generated/zaahen-cinematic-9x16.webp,,,DERIVED_FROM_RIOT_MASTER,"Riot Games, Inc.",,,9:16,0.50,0.50,0.50,0.40,FOCAL_CROP,GENERATE_AFTER_MASTER,NEEDS_VISUAL_QA,Derive from champions/master/zaahen.jpg using focal points; never stretch.
champion:zac:master,char:zac,CHAMPION,Zac,MASTER_SPLASH,champions/master/zac.jpg,https://ddragon.leagueoflegends.com/cdn/img/champion/splash/Zac_0.jpg,https://www.leagueoflegends.com/en-us/champions/zac/,RIOT_DATA_DRAGON,"Riot Games, Inc.",1200,700,~1.69:1,0.50,0.50,0.50,0.40,FOCAL_CROP,PENDING,NEEDS_VISUAL_QA,Official base splash. Use as master for derived crops; do not upscale low-res portrait assets.
champion:zac:loading,char:zac,CHAMPION,Zac,NATIVE_LOADING,champions/master/zac-loading.jpg,https://ddragon.leagueoflegends.com/cdn/img/champion/loading/Zac_0.jpg,https://www.leagueoflegends.com/en-us/champions/zac/,RIOT_DATA_DRAGON,"Riot Games, Inc.",300,550,~9:16,0.50,0.50,0.50,0.40,FOCAL_CROP,PENDING,NEEDS_VISUAL_QA,"Official loading art; useful as fallback in vertical contexts, but cinematic should prefer master splash crop if quality is better."
champion:zac:generated_portrait_512,char:zac,CHAMPION,Zac,GENERATED_PORTRAIT_512,champions/generated/zac-portrait-512.webp,,,DERIVED_FROM_RIOT_MASTER,"Riot Games, Inc.",,,1:1,0.50,0.50,0.50,0.40,FOCAL_CROP,GENERATE_AFTER_MASTER,NEEDS_VISUAL_QA,Derive from champions/master/zac.jpg using focal points; never stretch.
champion:zac:generated_card_4x5,char:zac,CHAMPION,Zac,GENERATED_CARD_4X5,champions/generated/zac-card-4x5.webp,,,DERIVED_FROM_RIOT_MASTER,"Riot Games, Inc.",,,4:5,0.50,0.50,0.50,0.40,FOCAL_CROP,GENERATE_AFTER_MASTER,NEEDS_VISUAL_QA,Derive from champions/master/zac.jpg using focal points; never stretch.
champion:zac:generated_hero_16x9,char:zac,CHAMPION,Zac,GENERATED_HERO_16X9,champions/generated/zac-hero-16x9.webp,,,DERIVED_FROM_RIOT_MASTER,"Riot Games, Inc.",,,16:9,0.50,0.50,0.50,0.40,FOCAL_CROP,GENERATE_AFTER_MASTER,NEEDS_VISUAL_QA,Derive from champions/master/zac.jpg using focal points; never stretch.
champion:zac:generated_cinematic_9x16,char:zac,CHAMPION,Zac,GENERATED_CINEMATIC_9X16,champions/generated/zac-cinematic-9x16.webp,,,DERIVED_FROM_RIOT_MASTER,"Riot Games, Inc.",,,9:16,0.50,0.50,0.50,0.40,FOCAL_CROP,GENERATE_AFTER_MASTER,NEEDS_VISUAL_QA,Derive from champions/master/zac.jpg using focal points; never stretch.
champion:zed:master,char:zed,CHAMPION,Zed,MASTER_SPLASH,champions/master/zed.jpg,https://ddragon.leagueoflegends.com/cdn/img/champion/splash/Zed_0.jpg,https://www.leagueoflegends.com/en-us/champions/zed/,RIOT_DATA_DRAGON,"Riot Games, Inc.",1200,700,~1.69:1,0.50,0.50,0.50,0.40,FOCAL_CROP,PENDING,NEEDS_VISUAL_QA,Official base splash. Use as master for derived crops; do not upscale low-res portrait assets.
champion:zed:loading,char:zed,CHAMPION,Zed,NATIVE_LOADING,champions/master/zed-loading.jpg,https://ddragon.leagueoflegends.com/cdn/img/champion/loading/Zed_0.jpg,https://www.leagueoflegends.com/en-us/champions/zed/,RIOT_DATA_DRAGON,"Riot Games, Inc.",300,550,~9:16,0.50,0.50,0.50,0.40,FOCAL_CROP,PENDING,NEEDS_VISUAL_QA,"Official loading art; useful as fallback in vertical contexts, but cinematic should prefer master splash crop if quality is better."
champion:zed:generated_portrait_512,char:zed,CHAMPION,Zed,GENERATED_PORTRAIT_512,champions/generated/zed-portrait-512.webp,,,DERIVED_FROM_RIOT_MASTER,"Riot Games, Inc.",,,1:1,0.50,0.50,0.50,0.40,FOCAL_CROP,GENERATE_AFTER_MASTER,NEEDS_VISUAL_QA,Derive from champions/master/zed.jpg using focal points; never stretch.
champion:zed:generated_card_4x5,char:zed,CHAMPION,Zed,GENERATED_CARD_4X5,champions/generated/zed-card-4x5.webp,,,DERIVED_FROM_RIOT_MASTER,"Riot Games, Inc.",,,4:5,0.50,0.50,0.50,0.40,FOCAL_CROP,GENERATE_AFTER_MASTER,NEEDS_VISUAL_QA,Derive from champions/master/zed.jpg using focal points; never stretch.
champion:zed:generated_hero_16x9,char:zed,CHAMPION,Zed,GENERATED_HERO_16X9,champions/generated/zed-hero-16x9.webp,,,DERIVED_FROM_RIOT_MASTER,"Riot Games, Inc.",,,16:9,0.50,0.50,0.50,0.40,FOCAL_CROP,GENERATE_AFTER_MASTER,NEEDS_VISUAL_QA,Derive from champions/master/zed.jpg using focal points; never stretch.
champion:zed:generated_cinematic_9x16,char:zed,CHAMPION,Zed,GENERATED_CINEMATIC_9X16,champions/generated/zed-cinematic-9x16.webp,,,DERIVED_FROM_RIOT_MASTER,"Riot Games, Inc.",,,9:16,0.50,0.50,0.50,0.40,FOCAL_CROP,GENERATE_AFTER_MASTER,NEEDS_VISUAL_QA,Derive from champions/master/zed.jpg using focal points; never stretch.
champion:zeri:master,char:zeri,CHAMPION,Zeri,MASTER_SPLASH,champions/master/zeri.jpg,https://ddragon.leagueoflegends.com/cdn/img/champion/splash/Zeri_0.jpg,https://www.leagueoflegends.com/en-us/champions/zeri/,RIOT_DATA_DRAGON,"Riot Games, Inc.",1200,700,~1.69:1,0.50,0.50,0.50,0.40,FOCAL_CROP,PENDING,NEEDS_VISUAL_QA,Official base splash. Use as master for derived crops; do not upscale low-res portrait assets.
champion:zeri:loading,char:zeri,CHAMPION,Zeri,NATIVE_LOADING,champions/master/zeri-loading.jpg,https://ddragon.leagueoflegends.com/cdn/img/champion/loading/Zeri_0.jpg,https://www.leagueoflegends.com/en-us/champions/zeri/,RIOT_DATA_DRAGON,"Riot Games, Inc.",300,550,~9:16,0.50,0.50,0.50,0.40,FOCAL_CROP,PENDING,NEEDS_VISUAL_QA,"Official loading art; useful as fallback in vertical contexts, but cinematic should prefer master splash crop if quality is better."
champion:zeri:generated_portrait_512,char:zeri,CHAMPION,Zeri,GENERATED_PORTRAIT_512,champions/generated/zeri-portrait-512.webp,,,DERIVED_FROM_RIOT_MASTER,"Riot Games, Inc.",,,1:1,0.50,0.50,0.50,0.40,FOCAL_CROP,GENERATE_AFTER_MASTER,NEEDS_VISUAL_QA,Derive from champions/master/zeri.jpg using focal points; never stretch.
champion:zeri:generated_card_4x5,char:zeri,CHAMPION,Zeri,GENERATED_CARD_4X5,champions/generated/zeri-card-4x5.webp,,,DERIVED_FROM_RIOT_MASTER,"Riot Games, Inc.",,,4:5,0.50,0.50,0.50,0.40,FOCAL_CROP,GENERATE_AFTER_MASTER,NEEDS_VISUAL_QA,Derive from champions/master/zeri.jpg using focal points; never stretch.
champion:zeri:generated_hero_16x9,char:zeri,CHAMPION,Zeri,GENERATED_HERO_16X9,champions/generated/zeri-hero-16x9.webp,,,DERIVED_FROM_RIOT_MASTER,"Riot Games, Inc.",,,16:9,0.50,0.50,0.50,0.40,FOCAL_CROP,GENERATE_AFTER_MASTER,NEEDS_VISUAL_QA,Derive from champions/master/zeri.jpg using focal points; never stretch.
champion:zeri:generated_cinematic_9x16,char:zeri,CHAMPION,Zeri,GENERATED_CINEMATIC_9X16,champions/generated/zeri-cinematic-9x16.webp,,,DERIVED_FROM_RIOT_MASTER,"Riot Games, Inc.",,,9:16,0.50,0.50,0.50,0.40,FOCAL_CROP,GENERATE_AFTER_MASTER,NEEDS_VISUAL_QA,Derive from champions/master/zeri.jpg using focal points; never stretch.
champion:ziggs:master,char:ziggs,CHAMPION,Ziggs,MASTER_SPLASH,champions/master/ziggs.jpg,https://ddragon.leagueoflegends.com/cdn/img/champion/splash/Ziggs_0.jpg,https://www.leagueoflegends.com/en-us/champions/ziggs/,RIOT_DATA_DRAGON,"Riot Games, Inc.",1200,700,~1.69:1,0.50,0.50,0.50,0.40,FOCAL_CROP,PENDING,NEEDS_VISUAL_QA,Official base splash. Use as master for derived crops; do not upscale low-res portrait assets.
champion:ziggs:loading,char:ziggs,CHAMPION,Ziggs,NATIVE_LOADING,champions/master/ziggs-loading.jpg,https://ddragon.leagueoflegends.com/cdn/img/champion/loading/Ziggs_0.jpg,https://www.leagueoflegends.com/en-us/champions/ziggs/,RIOT_DATA_DRAGON,"Riot Games, Inc.",300,550,~9:16,0.50,0.50,0.50,0.40,FOCAL_CROP,PENDING,NEEDS_VISUAL_QA,"Official loading art; useful as fallback in vertical contexts, but cinematic should prefer master splash crop if quality is better."
champion:ziggs:generated_portrait_512,char:ziggs,CHAMPION,Ziggs,GENERATED_PORTRAIT_512,champions/generated/ziggs-portrait-512.webp,,,DERIVED_FROM_RIOT_MASTER,"Riot Games, Inc.",,,1:1,0.50,0.50,0.50,0.40,FOCAL_CROP,GENERATE_AFTER_MASTER,NEEDS_VISUAL_QA,Derive from champions/master/ziggs.jpg using focal points; never stretch.
champion:ziggs:generated_card_4x5,char:ziggs,CHAMPION,Ziggs,GENERATED_CARD_4X5,champions/generated/ziggs-card-4x5.webp,,,DERIVED_FROM_RIOT_MASTER,"Riot Games, Inc.",,,4:5,0.50,0.50,0.50,0.40,FOCAL_CROP,GENERATE_AFTER_MASTER,NEEDS_VISUAL_QA,Derive from champions/master/ziggs.jpg using focal points; never stretch.
champion:ziggs:generated_hero_16x9,char:ziggs,CHAMPION,Ziggs,GENERATED_HERO_16X9,champions/generated/ziggs-hero-16x9.webp,,,DERIVED_FROM_RIOT_MASTER,"Riot Games, Inc.",,,16:9,0.50,0.50,0.50,0.40,FOCAL_CROP,GENERATE_AFTER_MASTER,NEEDS_VISUAL_QA,Derive from champions/master/ziggs.jpg using focal points; never stretch.
champion:ziggs:generated_cinematic_9x16,char:ziggs,CHAMPION,Ziggs,GENERATED_CINEMATIC_9X16,champions/generated/ziggs-cinematic-9x16.webp,,,DERIVED_FROM_RIOT_MASTER,"Riot Games, Inc.",,,9:16,0.50,0.50,0.50,0.40,FOCAL_CROP,GENERATE_AFTER_MASTER,NEEDS_VISUAL_QA,Derive from champions/master/ziggs.jpg using focal points; never stretch.
champion:zilean:master,char:zilean,CHAMPION,Zilean,MASTER_SPLASH,champions/master/zilean.jpg,https://ddragon.leagueoflegends.com/cdn/img/champion/splash/Zilean_0.jpg,https://www.leagueoflegends.com/en-us/champions/zilean/,RIOT_DATA_DRAGON,"Riot Games, Inc.",1200,700,~1.69:1,0.50,0.50,0.50,0.40,FOCAL_CROP,PENDING,NEEDS_VISUAL_QA,Official base splash. Use as master for derived crops; do not upscale low-res portrait assets.
champion:zilean:loading,char:zilean,CHAMPION,Zilean,NATIVE_LOADING,champions/master/zilean-loading.jpg,https://ddragon.leagueoflegends.com/cdn/img/champion/loading/Zilean_0.jpg,https://www.leagueoflegends.com/en-us/champions/zilean/,RIOT_DATA_DRAGON,"Riot Games, Inc.",300,550,~9:16,0.50,0.50,0.50,0.40,FOCAL_CROP,PENDING,NEEDS_VISUAL_QA,"Official loading art; useful as fallback in vertical contexts, but cinematic should prefer master splash crop if quality is better."
champion:zilean:generated_portrait_512,char:zilean,CHAMPION,Zilean,GENERATED_PORTRAIT_512,champions/generated/zilean-portrait-512.webp,,,DERIVED_FROM_RIOT_MASTER,"Riot Games, Inc.",,,1:1,0.50,0.50,0.50,0.40,FOCAL_CROP,GENERATE_AFTER_MASTER,NEEDS_VISUAL_QA,Derive from champions/master/zilean.jpg using focal points; never stretch.
champion:zilean:generated_card_4x5,char:zilean,CHAMPION,Zilean,GENERATED_CARD_4X5,champions/generated/zilean-card-4x5.webp,,,DERIVED_FROM_RIOT_MASTER,"Riot Games, Inc.",,,4:5,0.50,0.50,0.50,0.40,FOCAL_CROP,GENERATE_AFTER_MASTER,NEEDS_VISUAL_QA,Derive from champions/master/zilean.jpg using focal points; never stretch.
champion:zilean:generated_hero_16x9,char:zilean,CHAMPION,Zilean,GENERATED_HERO_16X9,champions/generated/zilean-hero-16x9.webp,,,DERIVED_FROM_RIOT_MASTER,"Riot Games, Inc.",,,16:9,0.50,0.50,0.50,0.40,FOCAL_CROP,GENERATE_AFTER_MASTER,NEEDS_VISUAL_QA,Derive from champions/master/zilean.jpg using focal points; never stretch.
champion:zilean:generated_cinematic_9x16,char:zilean,CHAMPION,Zilean,GENERATED_CINEMATIC_9X16,champions/generated/zilean-cinematic-9x16.webp,,,DERIVED_FROM_RIOT_MASTER,"Riot Games, Inc.",,,9:16,0.50,0.50,0.50,0.40,FOCAL_CROP,GENERATE_AFTER_MASTER,NEEDS_VISUAL_QA,Derive from champions/master/zilean.jpg using focal points; never stretch.
champion:zoe:master,char:zoe,CHAMPION,Zoe,MASTER_SPLASH,champions/master/zoe.jpg,https://ddragon.leagueoflegends.com/cdn/img/champion/splash/Zoe_0.jpg,https://www.leagueoflegends.com/en-us/champions/zoe/,RIOT_DATA_DRAGON,"Riot Games, Inc.",1200,700,~1.69:1,0.50,0.50,0.50,0.40,FOCAL_CROP,PENDING,NEEDS_VISUAL_QA,Official base splash. Use as master for derived crops; do not upscale low-res portrait assets.
champion:zoe:loading,char:zoe,CHAMPION,Zoe,NATIVE_LOADING,champions/master/zoe-loading.jpg,https://ddragon.leagueoflegends.com/cdn/img/champion/loading/Zoe_0.jpg,https://www.leagueoflegends.com/en-us/champions/zoe/,RIOT_DATA_DRAGON,"Riot Games, Inc.",300,550,~9:16,0.50,0.50,0.50,0.40,FOCAL_CROP,PENDING,NEEDS_VISUAL_QA,"Official loading art; useful as fallback in vertical contexts, but cinematic should prefer master splash crop if quality is better."
champion:zoe:generated_portrait_512,char:zoe,CHAMPION,Zoe,GENERATED_PORTRAIT_512,champions/generated/zoe-portrait-512.webp,,,DERIVED_FROM_RIOT_MASTER,"Riot Games, Inc.",,,1:1,0.50,0.50,0.50,0.40,FOCAL_CROP,GENERATE_AFTER_MASTER,NEEDS_VISUAL_QA,Derive from champions/master/zoe.jpg using focal points; never stretch.
champion:zoe:generated_card_4x5,char:zoe,CHAMPION,Zoe,GENERATED_CARD_4X5,champions/generated/zoe-card-4x5.webp,,,DERIVED_FROM_RIOT_MASTER,"Riot Games, Inc.",,,4:5,0.50,0.50,0.50,0.40,FOCAL_CROP,GENERATE_AFTER_MASTER,NEEDS_VISUAL_QA,Derive from champions/master/zoe.jpg using focal points; never stretch.
champion:zoe:generated_hero_16x9,char:zoe,CHAMPION,Zoe,GENERATED_HERO_16X9,champions/generated/zoe-hero-16x9.webp,,,DERIVED_FROM_RIOT_MASTER,"Riot Games, Inc.",,,16:9,0.50,0.50,0.50,0.40,FOCAL_CROP,GENERATE_AFTER_MASTER,NEEDS_VISUAL_QA,Derive from champions/master/zoe.jpg using focal points; never stretch.
champion:zoe:generated_cinematic_9x16,char:zoe,CHAMPION,Zoe,GENERATED_CINEMATIC_9X16,champions/generated/zoe-cinematic-9x16.webp,,,DERIVED_FROM_RIOT_MASTER,"Riot Games, Inc.",,,9:16,0.50,0.50,0.50,0.40,FOCAL_CROP,GENERATE_AFTER_MASTER,NEEDS_VISUAL_QA,Derive from champions/master/zoe.jpg using focal points; never stretch.
champion:zyra:master,char:zyra,CHAMPION,Zyra,MASTER_SPLASH,champions/master/zyra.jpg,https://ddragon.leagueoflegends.com/cdn/img/champion/splash/Zyra_0.jpg,https://www.leagueoflegends.com/en-us/champions/zyra/,RIOT_DATA_DRAGON,"Riot Games, Inc.",1200,700,~1.69:1,0.50,0.50,0.50,0.40,FOCAL_CROP,PENDING,NEEDS_VISUAL_QA,Official base splash. Use as master for derived crops; do not upscale low-res portrait assets.
champion:zyra:loading,char:zyra,CHAMPION,Zyra,NATIVE_LOADING,champions/master/zyra-loading.jpg,https://ddragon.leagueoflegends.com/cdn/img/champion/loading/Zyra_0.jpg,https://www.leagueoflegends.com/en-us/champions/zyra/,RIOT_DATA_DRAGON,"Riot Games, Inc.",300,550,~9:16,0.50,0.50,0.50,0.40,FOCAL_CROP,PENDING,NEEDS_VISUAL_QA,"Official loading art; useful as fallback in vertical contexts, but cinematic should prefer master splash crop if quality is better."
champion:zyra:generated_portrait_512,char:zyra,CHAMPION,Zyra,GENERATED_PORTRAIT_512,champions/generated/zyra-portrait-512.webp,,,DERIVED_FROM_RIOT_MASTER,"Riot Games, Inc.",,,1:1,0.50,0.50,0.50,0.40,FOCAL_CROP,GENERATE_AFTER_MASTER,NEEDS_VISUAL_QA,Derive from champions/master/zyra.jpg using focal points; never stretch.
champion:zyra:generated_card_4x5,char:zyra,CHAMPION,Zyra,GENERATED_CARD_4X5,champions/generated/zyra-card-4x5.webp,,,DERIVED_FROM_RIOT_MASTER,"Riot Games, Inc.",,,4:5,0.50,0.50,0.50,0.40,FOCAL_CROP,GENERATE_AFTER_MASTER,NEEDS_VISUAL_QA,Derive from champions/master/zyra.jpg using focal points; never stretch.
champion:zyra:generated_hero_16x9,char:zyra,CHAMPION,Zyra,GENERATED_HERO_16X9,champions/generated/zyra-hero-16x9.webp,,,DERIVED_FROM_RIOT_MASTER,"Riot Games, Inc.",,,16:9,0.50,0.50,0.50,0.40,FOCAL_CROP,GENERATE_AFTER_MASTER,NEEDS_VISUAL_QA,Derive from champions/master/zyra.jpg using focal points; never stretch.
champion:zyra:generated_cinematic_9x16,char:zyra,CHAMPION,Zyra,GENERATED_CINEMATIC_9X16,champions/generated/zyra-cinematic-9x16.webp,,,DERIVED_FROM_RIOT_MASTER,"Riot Games, Inc.",,,9:16,0.50,0.50,0.50,0.40,FOCAL_CROP,GENERATE_AFTER_MASTER,NEEDS_VISUAL_QA,Derive from champions/master/zyra.jpg using focal points; never stretch.
region:bandle-city:hero,region:bandle-city,REGION,Bandle City,REGION_HERO,regions/bandle-city.jpg,,https://universe.leagueoflegends.com/en_US/region/bandle-city/,RIOT_UNIVERSE_OR_OFFICIAL_WIKI,"Riot Games, Inc.",1600,800,16:9,0.50,0.50,0.50,0.40,FOCAL_CROP,PENDING,NEEDS_VISUAL_QA,Resolve highest-quality official Riot region artwork from source page. Prefer 2K+ when available.
region:bilgewater:hero,region:bilgewater,REGION,Bilgewater,REGION_HERO,regions/bilgewater.jpg,,https://universe.leagueoflegends.com/en_US/region/bilgewater/,RIOT_UNIVERSE_OR_OFFICIAL_WIKI,"Riot Games, Inc.",1600,800,16:9,0.50,0.50,0.50,0.40,FOCAL_CROP,PENDING,NEEDS_VISUAL_QA,Resolve highest-quality official Riot region artwork from source page. Prefer 2K+ when available.
region:demacia:hero,region:demacia,REGION,Demacia,REGION_HERO,regions/demacia.jpg,,https://universe.leagueoflegends.com/en_US/region/demacia/,RIOT_UNIVERSE_OR_OFFICIAL_WIKI,"Riot Games, Inc.",1600,800,16:9,0.50,0.50,0.50,0.40,FOCAL_CROP,PENDING,NEEDS_VISUAL_QA,Resolve highest-quality official Riot region artwork from source page. Prefer 2K+ when available.
region:freljord:hero,region:freljord,REGION,Freljord,REGION_HERO,regions/freljord.jpg,,https://universe.leagueoflegends.com/en_US/region/freljord/,RIOT_UNIVERSE_OR_OFFICIAL_WIKI,"Riot Games, Inc.",1600,800,16:9,0.50,0.50,0.50,0.40,FOCAL_CROP,PENDING,NEEDS_VISUAL_QA,Resolve highest-quality official Riot region artwork from source page. Prefer 2K+ when available.
region:ionia:hero,region:ionia,REGION,Ionia,REGION_HERO,regions/ionia.jpg,,https://universe.leagueoflegends.com/en_US/region/ionia/,RIOT_UNIVERSE_OR_OFFICIAL_WIKI,"Riot Games, Inc.",1600,800,16:9,0.50,0.50,0.50,0.40,FOCAL_CROP,PENDING,NEEDS_VISUAL_QA,Resolve highest-quality official Riot region artwork from source page. Prefer 2K+ when available.
region:ixtal:hero,region:ixtal,REGION,Ixtal,REGION_HERO,regions/ixtal.jpg,,https://universe.leagueoflegends.com/en_US/region/ixtal/,RIOT_UNIVERSE_OR_OFFICIAL_WIKI,"Riot Games, Inc.",1600,800,16:9,0.50,0.50,0.50,0.40,FOCAL_CROP,PENDING,NEEDS_VISUAL_QA,Resolve highest-quality official Riot region artwork from source page. Prefer 2K+ when available.
region:noxus:hero,region:noxus,REGION,Noxus,REGION_HERO,regions/noxus.jpg,,https://universe.leagueoflegends.com/en_US/region/noxus/,RIOT_UNIVERSE_OR_OFFICIAL_WIKI,"Riot Games, Inc.",1600,800,16:9,0.50,0.50,0.50,0.40,FOCAL_CROP,PENDING,NEEDS_VISUAL_QA,Resolve highest-quality official Riot region artwork from source page. Prefer 2K+ when available.
region:piltover:hero,region:piltover,REGION,Piltover,REGION_HERO,regions/piltover.jpg,,https://universe.leagueoflegends.com/en_US/region/piltover/,RIOT_UNIVERSE_OR_OFFICIAL_WIKI,"Riot Games, Inc.",1600,800,16:9,0.50,0.50,0.50,0.40,FOCAL_CROP,PENDING,NEEDS_VISUAL_QA,Resolve highest-quality official Riot region artwork from source page. Prefer 2K+ when available.
region:shadow-isles:hero,region:shadow-isles,REGION,Shadow Isles,REGION_HERO,regions/shadow-isles.jpg,,https://universe.leagueoflegends.com/en_US/region/shadow-isles/,RIOT_UNIVERSE_OR_OFFICIAL_WIKI,"Riot Games, Inc.",1600,800,16:9,0.50,0.50,0.50,0.40,FOCAL_CROP,PENDING,NEEDS_VISUAL_QA,Resolve highest-quality official Riot region artwork from source page. Prefer 2K+ when available.
region:shurima:hero,region:shurima,REGION,Shurima,REGION_HERO,regions/shurima.jpg,,https://universe.leagueoflegends.com/en_US/region/shurima/,RIOT_UNIVERSE_OR_OFFICIAL_WIKI,"Riot Games, Inc.",1600,800,16:9,0.50,0.50,0.50,0.40,FOCAL_CROP,PENDING,NEEDS_VISUAL_QA,Resolve highest-quality official Riot region artwork from source page. Prefer 2K+ when available.
region:targon:hero,region:targon,REGION,Targon,REGION_HERO,regions/targon.jpg,,https://universe.leagueoflegends.com/en_US/region/mount-targon/,RIOT_UNIVERSE_OR_OFFICIAL_WIKI,"Riot Games, Inc.",1600,800,16:9,0.50,0.50,0.50,0.40,FOCAL_CROP,PENDING,NEEDS_VISUAL_QA,Resolve highest-quality official Riot region artwork from source page. Prefer 2K+ when available.
region:void:hero,region:void,REGION,The Void,REGION_HERO,regions/void.jpg,,https://universe.leagueoflegends.com/en_US/region/void/,RIOT_UNIVERSE_OR_OFFICIAL_WIKI,"Riot Games, Inc.",1600,800,16:9,0.50,0.50,0.50,0.40,FOCAL_CROP,PENDING,NEEDS_VISUAL_QA,Resolve highest-quality official Riot region artwork from source page. Prefer 2K+ when available.
region:zaun:hero,region:zaun,REGION,Zaun,REGION_HERO,regions/zaun.jpg,,https://universe.leagueoflegends.com/en_US/region/zaun/,RIOT_UNIVERSE_OR_OFFICIAL_WIKI,"Riot Games, Inc.",1600,800,16:9,0.50,0.50,0.50,0.40,FOCAL_CROP,PENDING,NEEDS_VISUAL_QA,Resolve highest-quality official Riot region artwork from source page. Prefer 2K+ when available.
region:camavor:hero,region:camavor,REGION,Camavor,REGION_HERO,regions/camavor.jpg,,https://wiki.leagueoflegends.com/en-us/Universe%3ACamavor,RIOT_UNIVERSE_OR_OFFICIAL_WIKI,"Riot Games, Inc.",1600,800,16:9,0.50,0.50,0.50,0.40,FOCAL_CROP,PENDING,NEEDS_VISUAL_QA,Resolve highest-quality official Riot region artwork from source page. Prefer 2K+ when available.
region:icathia:hero,region:icathia,REGION,Icathia,REGION_HERO,regions/icathia.jpg,,https://wiki.leagueoflegends.com/en-us/Universe%3AIcathia,RIOT_UNIVERSE_OR_OFFICIAL_WIKI,"Riot Games, Inc.",1600,800,16:9,0.50,0.50,0.50,0.40,FOCAL_CROP,PENDING,NEEDS_VISUAL_QA,Resolve highest-quality official Riot region artwork from source page. Prefer 2K+ when available.
region:kathkan:hero,region:kathkan,REGION,Kathkan,REGION_HERO,regions/kathkan.jpg,,https://wiki.leagueoflegends.com/en-us/Universe%3AKathkan,RIOT_UNIVERSE_OR_OFFICIAL_WIKI,"Riot Games, Inc.",1600,800,16:9,0.50,0.50,0.50,0.40,FOCAL_CROP,PENDING,NEEDS_VISUAL_QA,Resolve highest-quality official Riot region artwork from source page. Prefer 2K+ when available.
event:creation-universe:hero,event:creation-universe,EVENT,Creation of the Universe,EVENT_HERO,events/creation-universe.jpg,,https://wiki.leagueoflegends.com/en-us/Universe%3ACreation_of_the_Universe,RIOT_PRIMARY_PREFERRED_OFFICIAL_WIKI_FALLBACK,"Riot Games, Inc.",1600,800,16:9,0.50,0.50,0.50,0.40,FOCAL_CROP,PENDING,NEEDS_VISUAL_QA,"Must visually represent the event, not merely a participant. If no suitable official art exists, keep fallback abstract and mark source/status explicitly."
event:formation-runeterra:hero,event:formation-runeterra,EVENT,Formation of Runeterra,EVENT_HERO,events/formation-runeterra.jpg,,https://wiki.leagueoflegends.com/en-us/Universe%3AFormation_of_Runeterra,RIOT_PRIMARY_PREFERRED_OFFICIAL_WIKI_FALLBACK,"Riot Games, Inc.",1600,800,16:9,0.50,0.50,0.50,0.40,FOCAL_CROP,PENDING,NEEDS_VISUAL_QA,"Must visually represent the event, not merely a participant. If no suitable official art exists, keep fallback abstract and mark source/status explicitly."
event:titan-war:hero,event:titan-war,EVENT,Titan War,EVENT_HERO,events/titan-war.jpg,,https://wiki.leagueoflegends.com/en-us/Universe%3ATitan_War,RIOT_PRIMARY_PREFERRED_OFFICIAL_WIKI_FALLBACK,"Riot Games, Inc.",1600,800,16:9,0.50,0.50,0.50,0.40,FOCAL_CROP,PENDING,NEEDS_VISUAL_QA,"Must visually represent the event, not merely a participant. If no suitable official art exists, keep fallback abstract and mark source/status explicitly."
event:founding-freljord:hero,event:founding-freljord,EVENT,Founding of the Freljord,EVENT_HERO,events/founding-freljord.jpg,,https://wiki.leagueoflegends.com/en-us/Universe%3AFounding_of_the_Freljord,RIOT_PRIMARY_PREFERRED_OFFICIAL_WIKI_FALLBACK,"Riot Games, Inc.",1600,800,16:9,0.50,0.50,0.50,0.40,FOCAL_CROP,PENDING,NEEDS_VISUAL_QA,"Must visually represent the event, not merely a participant. If no suitable official art exists, keep fallback abstract and mark source/status explicitly."
event:war-three-sisters:hero,event:war-three-sisters,EVENT,War of the Three Sisters,EVENT_HERO,events/war-three-sisters.jpg,,https://wiki.leagueoflegends.com/en-us/Universe%3AWar_of_the_Three_Sisters,RIOT_PRIMARY_PREFERRED_OFFICIAL_WIKI_FALLBACK,"Riot Games, Inc.",1600,800,16:9,0.50,0.50,0.50,0.40,FOCAL_CROP,PENDING,NEEDS_VISUAL_QA,"Must visually represent the event, not merely a participant. If no suitable official art exists, keep fallback abstract and mark source/status explicitly."
event:westward-migration:hero,event:westward-migration,EVENT,Westward Migration,EVENT_HERO,events/westward-migration.jpg,,https://wiki.leagueoflegends.com/en-us/Universe%3AWestward_Migration,RIOT_PRIMARY_PREFERRED_OFFICIAL_WIKI_FALLBACK,"Riot Games, Inc.",1600,800,16:9,0.50,0.50,0.50,0.40,FOCAL_CROP,PENDING,NEEDS_VISUAL_QA,"Must visually represent the event, not merely a participant. If no suitable official art exists, keep fallback abstract and mark source/status explicitly."
event:golden-age-shurima:hero,event:golden-age-shurima,EVENT,Golden Age of Shurima,EVENT_HERO,events/golden-age-shurima.jpg,,https://wiki.leagueoflegends.com/en-us/Universe%3AGolden_Age_of_Shurima,RIOT_PRIMARY_PREFERRED_OFFICIAL_WIKI_FALLBACK,"Riot Games, Inc.",1600,800,16:9,0.50,0.50,0.50,0.40,FOCAL_CROP,PENDING,NEEDS_VISUAL_QA,"Must visually represent the event, not merely a participant. If no suitable official art exists, keep fallback abstract and mark source/status explicitly."
event:void-war:hero,event:void-war,EVENT,Void War,EVENT_HERO,events/void-war.jpg,,https://wiki.leagueoflegends.com/en-us/Universe%3AVoid_War,RIOT_PRIMARY_PREFERRED_OFFICIAL_WIKI_FALLBACK,"Riot Games, Inc.",1600,800,16:9,0.50,0.50,0.50,0.40,FOCAL_CROP,PENDING,NEEDS_VISUAL_QA,"Must visually represent the event, not merely a participant. If no suitable official art exists, keep fallback abstract and mark source/status explicitly."
event:fall-shurima:hero,event:fall-shurima,EVENT,Fall of Shurima,EVENT_HERO,events/fall-shurima.jpg,,https://wiki.leagueoflegends.com/en-us/Universe%3AFall_of_Shurima,RIOT_PRIMARY_PREFERRED_OFFICIAL_WIKI_FALLBACK,"Riot Games, Inc.",1600,800,16:9,0.50,0.50,0.50,0.40,FOCAL_CROP,PENDING,NEEDS_VISUAL_QA,"Must visually represent the event, not merely a participant. If no suitable official art exists, keep fallback abstract and mark source/status explicitly."
event:great-darkin-war:hero,event:great-darkin-war,EVENT,Great Darkin War,EVENT_HERO,events/great-darkin-war.jpg,,https://wiki.leagueoflegends.com/en-us/Universe%3AGreat_Darkin_War,RIOT_PRIMARY_PREFERRED_OFFICIAL_WIKI_FALLBACK,"Riot Games, Inc.",1600,800,16:9,0.50,0.50,0.50,0.40,FOCAL_CROP,PENDING,NEEDS_VISUAL_QA,"Must visually represent the event, not merely a participant. If no suitable official art exists, keep fallback abstract and mark source/status explicitly."
event:ruination-helia:hero,event:ruination-helia,EVENT,Ruination of Helia,EVENT_HERO,events/ruination-helia.jpg,,https://wiki.leagueoflegends.com/en-us/Universe%3ARuination,RIOT_PRIMARY_PREFERRED_OFFICIAL_WIKI_FALLBACK,"Riot Games, Inc.",1600,800,16:9,0.50,0.50,0.50,0.40,FOCAL_CROP,PENDING,NEEDS_VISUAL_QA,"Must visually represent the event, not merely a participant. If no suitable official art exists, keep fallback abstract and mark source/status explicitly."
event:rune-wars:hero,event:rune-wars,EVENT,Rune Wars,EVENT_HERO,events/rune-wars.jpg,,https://wiki.leagueoflegends.com/en-us/Universe%3ARune_Wars,RIOT_PRIMARY_PREFERRED_OFFICIAL_WIKI_FALLBACK,"Riot Games, Inc.",1600,800,16:9,0.50,0.50,0.50,0.40,FOCAL_CROP,PENDING,NEEDS_VISUAL_QA,"Must visually represent the event, not merely a participant. If no suitable official art exists, keep fallback abstract and mark source/status explicitly."
event:resurgence-civilizations:hero,event:resurgence-civilizations,EVENT,Resurgence of Civilizations,EVENT_HERO,events/resurgence-civilizations.jpg,,https://wiki.leagueoflegends.com/en-us/Universe%3AResurgence_of_Civilizations,RIOT_PRIMARY_PREFERRED_OFFICIAL_WIKI_FALLBACK,"Riot Games, Inc.",1600,800,16:9,0.50,0.50,0.50,0.40,FOCAL_CROP,PENDING,NEEDS_VISUAL_QA,"Must visually represent the event, not merely a participant. If no suitable official art exists, keep fallback abstract and mark source/status explicitly."
event:first-demacia-noxus-war:hero,event:first-demacia-noxus-war,EVENT,First Demacian-Noxian War,EVENT_HERO,events/first-demacia-noxus-war.jpg,,https://wiki.leagueoflegends.com/en-us/Universe%3AFirst_Demacian-Noxian_War,RIOT_PRIMARY_PREFERRED_OFFICIAL_WIKI_FALLBACK,"Riot Games, Inc.",1600,800,16:9,0.50,0.50,0.50,0.40,FOCAL_CROP,PENDING,NEEDS_VISUAL_QA,"Must visually represent the event, not merely a participant. If no suitable official art exists, keep fallback abstract and mark source/status explicitly."
event:medarda-succession-war:hero,event:medarda-succession-war,EVENT,Medardan Succession War,EVENT_HERO,events/medarda-succession-war.jpg,,https://wiki.leagueoflegends.com/en-us/Universe%3AMedardan_Succession_War,RIOT_PRIMARY_PREFERRED_OFFICIAL_WIKI_FALLBACK,"Riot Games, Inc.",1600,800,16:9,0.50,0.50,0.50,0.40,FOCAL_CROP,PENDING,NEEDS_VISUAL_QA,"Must visually represent the event, not merely a participant. If no suitable official art exists, keep fallback abstract and mark source/status explicitly."
event:era-hextech:hero,event:era-hextech,EVENT,Era of Hextech,EVENT_HERO,events/era-hextech.jpg,,https://wiki.leagueoflegends.com/en-us/Universe%3AEra_of_Hextech,RIOT_PRIMARY_PREFERRED_OFFICIAL_WIKI_FALLBACK,"Riot Games, Inc.",1600,800,16:9,0.50,0.50,0.50,0.40,FOCAL_CROP,PENDING,NEEDS_VISUAL_QA,"Must visually represent the event, not merely a participant. If no suitable official art exists, keep fallback abstract and mark source/status explicitly."
event:noxian-invasion-ionia:hero,event:noxian-invasion-ionia,EVENT,Noxian Invasion of Ionia,EVENT_HERO,events/noxian-invasion-ionia.jpg,,https://wiki.leagueoflegends.com/en-us/Universe%3ANoxian_Invasion_of_Ionia,RIOT_PRIMARY_PREFERRED_OFFICIAL_WIKI_FALLBACK,"Riot Games, Inc.",1600,800,16:9,0.50,0.50,0.50,0.40,FOCAL_CROP,PENDING,NEEDS_VISUAL_QA,"Must visually represent the event, not merely a participant. If no suitable official art exists, keep fallback abstract and mark source/status explicitly."
event:rebirth-sun-disc:hero,event:rebirth-sun-disc,EVENT,Rebirth of the Sun Disc,EVENT_HERO,events/rebirth-sun-disc.jpg,,https://wiki.leagueoflegends.com/en-us/Universe%3ARebirth_of_the_Sun_Disc,RIOT_PRIMARY_PREFERRED_OFFICIAL_WIKI_FALLBACK,"Riot Games, Inc.",1600,800,16:9,0.50,0.50,0.50,0.40,FOCAL_CROP,PENDING,NEEDS_VISUAL_QA,"Must visually represent the event, not merely a participant. If no suitable official art exists, keep fallback abstract and mark source/status explicitly."
event:return-ruined-king:hero,event:return-ruined-king,EVENT,Return of the Ruined King,EVENT_HERO,events/return-ruined-king.jpg,,https://wiki.leagueoflegends.com/en-us/Universe%3AReturn_of_the_Ruined_King,RIOT_PRIMARY_PREFERRED_OFFICIAL_WIKI_FALLBACK,"Riot Games, Inc.",1600,800,16:9,0.50,0.50,0.50,0.40,FOCAL_CROP,PENDING,NEEDS_VISUAL_QA,"Must visually represent the event, not merely a participant. If no suitable official art exists, keep fallback abstract and mark source/status explicitly."
event:great-mage-rebellion:hero,event:great-mage-rebellion,EVENT,Great Mage Rebellion,EVENT_HERO,events/great-mage-rebellion.jpg,,https://wiki.leagueoflegends.com/en-us/Universe%3AGreat_Mage_Rebellion,RIOT_PRIMARY_PREFERRED_OFFICIAL_WIKI_FALLBACK,"Riot Games, Inc.",1600,800,16:9,0.50,0.50,0.50,0.40,FOCAL_CROP,PENDING,NEEDS_VISUAL_QA,"Must visually represent the event, not merely a participant. If no suitable official art exists, keep fallback abstract and mark source/status explicitly."
event:harrowing:hero,event:harrowing,EVENT,The Harrowing,EVENT_HERO,events/harrowing.jpg,,https://wiki.leagueoflegends.com/en-us/Universe%3AHarrowing,RIOT_PRIMARY_PREFERRED_OFFICIAL_WIKI_FALLBACK,"Riot Games, Inc.",1600,800,16:9,0.50,0.50,0.50,0.40,FOCAL_CROP,PENDING,NEEDS_VISUAL_QA,"Must visually represent the event, not merely a participant. If no suitable official art exists, keep fallback abstract and mark source/status explicitly."
event:swain-coup:hero,event:swain-coup,EVENT,Swain's Coup,EVENT_HERO,events/swain-coup.jpg,,https://wiki.leagueoflegends.com/en-us/Universe%3ASwain,RIOT_PRIMARY_PREFERRED_OFFICIAL_WIKI_FALLBACK,"Riot Games, Inc.",1600,800,16:9,0.50,0.50,0.50,0.40,FOCAL_CROP,PENDING,NEEDS_VISUAL_QA,"Must visually represent the event, not merely a participant. If no suitable official art exists, keep fallback abstract and mark source/status explicitly."
event:yasuo-yone-duel:hero,event:yasuo-yone-duel,EVENT,Yasuo and Yone's Duel,EVENT_HERO,events/yasuo-yone-duel.jpg,,https://wiki.leagueoflegends.com/en-us/Universe%3AYasuo,RIOT_PRIMARY_PREFERRED_OFFICIAL_WIKI_FALLBACK,"Riot Games, Inc.",1600,800,16:9,0.50,0.50,0.50,0.40,FOCAL_CROP,PENDING,NEEDS_VISUAL_QA,"Must visually represent the event, not merely a participant. If no suitable official art exists, keep fallback abstract and mark source/status explicitly."
event:kayle-morgana-conflict:hero,event:kayle-morgana-conflict,EVENT,Kayle and Morgana Conflict,EVENT_HERO,events/kayle-morgana-conflict.jpg,,https://wiki.leagueoflegends.com/en-us/Universe%3AKayle,RIOT_PRIMARY_PREFERRED_OFFICIAL_WIKI_FALLBACK,"Riot Games, Inc.",1600,800,16:9,0.50,0.50,0.50,0.40,FOCAL_CROP,PENDING,NEEDS_VISUAL_QA,"Must visually represent the event, not merely a participant. If no suitable official art exists, keep fallback abstract and mark source/status explicitly."
event:aatrox-atreus-duel:hero,event:aatrox-atreus-duel,EVENT,Aatrox and Atreus,EVENT_HERO,events/aatrox-atreus-duel.jpg,,https://wiki.leagueoflegends.com/en-us/Universe%3APantheon,RIOT_PRIMARY_PREFERRED_OFFICIAL_WIKI_FALLBACK,"Riot Games, Inc.",1600,800,16:9,0.50,0.50,0.50,0.40,FOCAL_CROP,PENDING,NEEDS_VISUAL_QA,"Must visually represent the event, not merely a participant. If no suitable official art exists, keep fallback abstract and mark source/status explicitly."
faction:ascended:hero,faction:ascended,FACTION,Ascended,FACTION_HERO,factions/ascended-hero.png,,https://wiki.leagueoflegends.com/en-us/Universe%3AAscended,RIOT_PRIMARY_PREFERRED_OFFICIAL_WIKI_FALLBACK,"Riot Games, Inc.",1024,768,16:9,0.50,0.50,0.50,0.40,FOCAL_CROP,PENDING,NEEDS_VISUAL_QA,Prefer official faction emblem/sigil when available; hero art only if clearly associated with faction.
faction:ascended:emblem,faction:ascended,FACTION,Ascended,FACTION_EMBLEM,factions/ascended-emblem.png,,https://wiki.leagueoflegends.com/en-us/Universe%3AAscended,RIOT_PRIMARY_PREFERRED_OFFICIAL_WIKI_FALLBACK,"Riot Games, Inc.",1024,512,1:1,0.50,0.50,0.50,0.40,FOCAL_CROP,PENDING,NEEDS_VISUAL_QA,Prefer official faction emblem/sigil when available; hero art only if clearly associated with faction.
faction:darkin:hero,faction:darkin,FACTION,Darkin,FACTION_HERO,factions/darkin-hero.png,,https://wiki.leagueoflegends.com/en-us/Universe%3ADarkin,RIOT_PRIMARY_PREFERRED_OFFICIAL_WIKI_FALLBACK,"Riot Games, Inc.",1024,768,16:9,0.50,0.50,0.50,0.40,FOCAL_CROP,PENDING,NEEDS_VISUAL_QA,Prefer official faction emblem/sigil when available; hero art only if clearly associated with faction.
faction:darkin:emblem,faction:darkin,FACTION,Darkin,FACTION_EMBLEM,factions/darkin-emblem.png,,https://wiki.leagueoflegends.com/en-us/Universe%3ADarkin,RIOT_PRIMARY_PREFERRED_OFFICIAL_WIKI_FALLBACK,"Riot Games, Inc.",1024,512,1:1,0.50,0.50,0.50,0.40,FOCAL_CROP,PENDING,NEEDS_VISUAL_QA,Prefer official faction emblem/sigil when available; hero art only if clearly associated with faction.
faction:black-rose:hero,faction:black-rose,FACTION,Black Rose,FACTION_HERO,factions/black-rose-hero.png,,https://wiki.leagueoflegends.com/en-us/Universe%3ABlack_Rose,RIOT_PRIMARY_PREFERRED_OFFICIAL_WIKI_FALLBACK,"Riot Games, Inc.",1024,768,16:9,0.50,0.50,0.50,0.40,FOCAL_CROP,PENDING,NEEDS_VISUAL_QA,Prefer official faction emblem/sigil when available; hero art only if clearly associated with faction.
faction:black-rose:emblem,faction:black-rose,FACTION,Black Rose,FACTION_EMBLEM,factions/black-rose-emblem.png,,https://wiki.leagueoflegends.com/en-us/Universe%3ABlack_Rose,RIOT_PRIMARY_PREFERRED_OFFICIAL_WIKI_FALLBACK,"Riot Games, Inc.",1024,512,1:1,0.50,0.50,0.50,0.40,FOCAL_CROP,PENDING,NEEDS_VISUAL_QA,Prefer official faction emblem/sigil when available; hero art only if clearly associated with faction.
faction:kinkou:hero,faction:kinkou,FACTION,Kinkou Order,FACTION_HERO,factions/kinkou-hero.png,,https://wiki.leagueoflegends.com/en-us/Universe%3AKinkou_Order,RIOT_PRIMARY_PREFERRED_OFFICIAL_WIKI_FALLBACK,"Riot Games, Inc.",1024,768,16:9,0.50,0.50,0.50,0.40,FOCAL_CROP,PENDING,NEEDS_VISUAL_QA,Prefer official faction emblem/sigil when available; hero art only if clearly associated with faction.
faction:kinkou:emblem,faction:kinkou,FACTION,Kinkou Order,FACTION_EMBLEM,factions/kinkou-emblem.png,,https://wiki.leagueoflegends.com/en-us/Universe%3AKinkou_Order,RIOT_PRIMARY_PREFERRED_OFFICIAL_WIKI_FALLBACK,"Riot Games, Inc.",1024,512,1:1,0.50,0.50,0.50,0.40,FOCAL_CROP,PENDING,NEEDS_VISUAL_QA,Prefer official faction emblem/sigil when available; hero art only if clearly associated with faction.
faction:order-shadow:hero,faction:order-shadow,FACTION,Order of Shadow,FACTION_HERO,factions/order-shadow-hero.png,,https://wiki.leagueoflegends.com/en-us/Universe%3AOrder_of_Shadow,RIOT_PRIMARY_PREFERRED_OFFICIAL_WIKI_FALLBACK,"Riot Games, Inc.",1024,768,16:9,0.50,0.50,0.50,0.40,FOCAL_CROP,PENDING,NEEDS_VISUAL_QA,Prefer official faction emblem/sigil when available; hero art only if clearly associated with faction.
faction:order-shadow:emblem,faction:order-shadow,FACTION,Order of Shadow,FACTION_EMBLEM,factions/order-shadow-emblem.png,,https://wiki.leagueoflegends.com/en-us/Universe%3AOrder_of_Shadow,RIOT_PRIMARY_PREFERRED_OFFICIAL_WIKI_FALLBACK,"Riot Games, Inc.",1024,512,1:1,0.50,0.50,0.50,0.40,FOCAL_CROP,PENDING,NEEDS_VISUAL_QA,Prefer official faction emblem/sigil when available; hero art only if clearly associated with faction.
faction:sentinels-light:hero,faction:sentinels-light,FACTION,Sentinels of Light,FACTION_HERO,factions/sentinels-light-hero.png,,https://wiki.leagueoflegends.com/en-us/Universe%3ASentinels_of_Light,RIOT_PRIMARY_PREFERRED_OFFICIAL_WIKI_FALLBACK,"Riot Games, Inc.",1024,768,16:9,0.50,0.50,0.50,0.40,FOCAL_CROP,PENDING,NEEDS_VISUAL_QA,Prefer official faction emblem/sigil when available; hero art only if clearly associated with faction.
faction:sentinels-light:emblem,faction:sentinels-light,FACTION,Sentinels of Light,FACTION_EMBLEM,factions/sentinels-light-emblem.png,,https://wiki.leagueoflegends.com/en-us/Universe%3ASentinels_of_Light,RIOT_PRIMARY_PREFERRED_OFFICIAL_WIKI_FALLBACK,"Riot Games, Inc.",1024,512,1:1,0.50,0.50,0.50,0.40,FOCAL_CROP,PENDING,NEEDS_VISUAL_QA,Prefer official faction emblem/sigil when available; hero art only if clearly associated with faction.
faction:solari:hero,faction:solari,FACTION,Solari,FACTION_HERO,factions/solari-hero.png,,https://wiki.leagueoflegends.com/en-us/Universe%3ASolari,RIOT_PRIMARY_PREFERRED_OFFICIAL_WIKI_FALLBACK,"Riot Games, Inc.",1024,768,16:9,0.50,0.50,0.50,0.40,FOCAL_CROP,PENDING,NEEDS_VISUAL_QA,Prefer official faction emblem/sigil when available; hero art only if clearly associated with faction.
faction:solari:emblem,faction:solari,FACTION,Solari,FACTION_EMBLEM,factions/solari-emblem.png,,https://wiki.leagueoflegends.com/en-us/Universe%3ASolari,RIOT_PRIMARY_PREFERRED_OFFICIAL_WIKI_FALLBACK,"Riot Games, Inc.",1024,512,1:1,0.50,0.50,0.50,0.40,FOCAL_CROP,PENDING,NEEDS_VISUAL_QA,Prefer official faction emblem/sigil when available; hero art only if clearly associated with faction.
faction:lunari:hero,faction:lunari,FACTION,Lunari,FACTION_HERO,factions/lunari-hero.png,,https://wiki.leagueoflegends.com/en-us/Universe%3ALunari,RIOT_PRIMARY_PREFERRED_OFFICIAL_WIKI_FALLBACK,"Riot Games, Inc.",1024,768,16:9,0.50,0.50,0.50,0.40,FOCAL_CROP,PENDING,NEEDS_VISUAL_QA,Prefer official faction emblem/sigil when available; hero art only if clearly associated with faction.
faction:lunari:emblem,faction:lunari,FACTION,Lunari,FACTION_EMBLEM,factions/lunari-emblem.png,,https://wiki.leagueoflegends.com/en-us/Universe%3ALunari,RIOT_PRIMARY_PREFERRED_OFFICIAL_WIKI_FALLBACK,"Riot Games, Inc.",1024,512,1:1,0.50,0.50,0.50,0.40,FOCAL_CROP,PENDING,NEEDS_VISUAL_QA,Prefer official faction emblem/sigil when available; hero art only if clearly associated with faction.
faction:frostguard:hero,faction:frostguard,FACTION,Frostguard,FACTION_HERO,factions/frostguard-hero.png,,https://wiki.leagueoflegends.com/en-us/Universe%3AFrostguard,RIOT_PRIMARY_PREFERRED_OFFICIAL_WIKI_FALLBACK,"Riot Games, Inc.",1024,768,16:9,0.50,0.50,0.50,0.40,FOCAL_CROP,PENDING,NEEDS_VISUAL_QA,Prefer official faction emblem/sigil when available; hero art only if clearly associated with faction.
faction:frostguard:emblem,faction:frostguard,FACTION,Frostguard,FACTION_EMBLEM,factions/frostguard-emblem.png,,https://wiki.leagueoflegends.com/en-us/Universe%3AFrostguard,RIOT_PRIMARY_PREFERRED_OFFICIAL_WIKI_FALLBACK,"Riot Games, Inc.",1024,512,1:1,0.50,0.50,0.50,0.40,FOCAL_CROP,PENDING,NEEDS_VISUAL_QA,Prefer official faction emblem/sigil when available; hero art only if clearly associated with faction.
faction:avarosan:hero,faction:avarosan,FACTION,Avarosan,FACTION_HERO,factions/avarosan-hero.png,,https://wiki.leagueoflegends.com/en-us/Universe%3AAvarosan,RIOT_PRIMARY_PREFERRED_OFFICIAL_WIKI_FALLBACK,"Riot Games, Inc.",1024,768,16:9,0.50,0.50,0.50,0.40,FOCAL_CROP,PENDING,NEEDS_VISUAL_QA,Prefer official faction emblem/sigil when available; hero art only if clearly associated with faction.
faction:avarosan:emblem,faction:avarosan,FACTION,Avarosan,FACTION_EMBLEM,factions/avarosan-emblem.png,,https://wiki.leagueoflegends.com/en-us/Universe%3AAvarosan,RIOT_PRIMARY_PREFERRED_OFFICIAL_WIKI_FALLBACK,"Riot Games, Inc.",1024,512,1:1,0.50,0.50,0.50,0.40,FOCAL_CROP,PENDING,NEEDS_VISUAL_QA,Prefer official faction emblem/sigil when available; hero art only if clearly associated with faction.
faction:winter-claw:hero,faction:winter-claw,FACTION,Winter's Claw,FACTION_HERO,factions/winter-claw-hero.png,,https://wiki.leagueoflegends.com/en-us/Universe%3AWinter's_Claw,RIOT_PRIMARY_PREFERRED_OFFICIAL_WIKI_FALLBACK,"Riot Games, Inc.",1024,768,16:9,0.50,0.50,0.50,0.40,FOCAL_CROP,PENDING,NEEDS_VISUAL_QA,Prefer official faction emblem/sigil when available; hero art only if clearly associated with faction.
faction:winter-claw:emblem,faction:winter-claw,FACTION,Winter's Claw,FACTION_EMBLEM,factions/winter-claw-emblem.png,,https://wiki.leagueoflegends.com/en-us/Universe%3AWinter's_Claw,RIOT_PRIMARY_PREFERRED_OFFICIAL_WIKI_FALLBACK,"Riot Games, Inc.",1024,512,1:1,0.50,0.50,0.50,0.40,FOCAL_CROP,PENDING,NEEDS_VISUAL_QA,Prefer official faction emblem/sigil when available; hero art only if clearly associated with faction.
faction:noxus:hero,faction:noxus,FACTION,Noxian Empire,FACTION_HERO,factions/noxus-hero.png,,https://wiki.leagueoflegends.com/en-us/Universe%3ANoxian_Empire,RIOT_PRIMARY_PREFERRED_OFFICIAL_WIKI_FALLBACK,"Riot Games, Inc.",1024,768,16:9,0.50,0.50,0.50,0.40,FOCAL_CROP,PENDING,NEEDS_VISUAL_QA,Prefer official faction emblem/sigil when available; hero art only if clearly associated with faction.
faction:noxus:emblem,faction:noxus,FACTION,Noxian Empire,FACTION_EMBLEM,factions/noxus-emblem.png,,https://wiki.leagueoflegends.com/en-us/Universe%3ANoxian_Empire,RIOT_PRIMARY_PREFERRED_OFFICIAL_WIKI_FALLBACK,"Riot Games, Inc.",1024,512,1:1,0.50,0.50,0.50,0.40,FOCAL_CROP,PENDING,NEEDS_VISUAL_QA,Prefer official faction emblem/sigil when available; hero art only if clearly associated with faction.
faction:trifarix:hero,faction:trifarix,FACTION,Trifarix,FACTION_HERO,factions/trifarix-hero.png,,https://wiki.leagueoflegends.com/en-us/Universe%3ATrifarix,RIOT_PRIMARY_PREFERRED_OFFICIAL_WIKI_FALLBACK,"Riot Games, Inc.",1024,768,16:9,0.50,0.50,0.50,0.40,FOCAL_CROP,PENDING,NEEDS_VISUAL_QA,Prefer official faction emblem/sigil when available; hero art only if clearly associated with faction.
faction:trifarix:emblem,faction:trifarix,FACTION,Trifarix,FACTION_EMBLEM,factions/trifarix-emblem.png,,https://wiki.leagueoflegends.com/en-us/Universe%3ATrifarix,RIOT_PRIMARY_PREFERRED_OFFICIAL_WIKI_FALLBACK,"Riot Games, Inc.",1024,512,1:1,0.50,0.50,0.50,0.40,FOCAL_CROP,PENDING,NEEDS_VISUAL_QA,Prefer official faction emblem/sigil when available; hero art only if clearly associated with faction.
faction:demacia:hero,faction:demacia,FACTION,Demacian State,FACTION_HERO,factions/demacia-hero.png,,https://wiki.leagueoflegends.com/en-us/Universe%3ADemacian_State,RIOT_PRIMARY_PREFERRED_OFFICIAL_WIKI_FALLBACK,"Riot Games, Inc.",1024,768,16:9,0.50,0.50,0.50,0.40,FOCAL_CROP,PENDING,NEEDS_VISUAL_QA,Prefer official faction emblem/sigil when available; hero art only if clearly associated with faction.
faction:demacia:emblem,faction:demacia,FACTION,Demacian State,FACTION_EMBLEM,factions/demacia-emblem.png,,https://wiki.leagueoflegends.com/en-us/Universe%3ADemacian_State,RIOT_PRIMARY_PREFERRED_OFFICIAL_WIKI_FALLBACK,"Riot Games, Inc.",1024,512,1:1,0.50,0.50,0.50,0.40,FOCAL_CROP,PENDING,NEEDS_VISUAL_QA,Prefer official faction emblem/sigil when available; hero art only if clearly associated with faction.
faction:mageseekers:hero,faction:mageseekers,FACTION,Mageseekers,FACTION_HERO,factions/mageseekers-hero.png,,https://wiki.leagueoflegends.com/en-us/Universe%3AMageseekers,RIOT_PRIMARY_PREFERRED_OFFICIAL_WIKI_FALLBACK,"Riot Games, Inc.",1024,768,16:9,0.50,0.50,0.50,0.40,FOCAL_CROP,PENDING,NEEDS_VISUAL_QA,Prefer official faction emblem/sigil when available; hero art only if clearly associated with faction.
faction:mageseekers:emblem,faction:mageseekers,FACTION,Mageseekers,FACTION_EMBLEM,factions/mageseekers-emblem.png,,https://wiki.leagueoflegends.com/en-us/Universe%3AMageseekers,RIOT_PRIMARY_PREFERRED_OFFICIAL_WIKI_FALLBACK,"Riot Games, Inc.",1024,512,1:1,0.50,0.50,0.50,0.40,FOCAL_CROP,PENDING,NEEDS_VISUAL_QA,Prefer official faction emblem/sigil when available; hero art only if clearly associated with faction.
faction:wardens:hero,faction:wardens,FACTION,Piltover Wardens,FACTION_HERO,factions/wardens-hero.png,,https://wiki.leagueoflegends.com/en-us/Universe%3APiltover_Wardens,RIOT_PRIMARY_PREFERRED_OFFICIAL_WIKI_FALLBACK,"Riot Games, Inc.",1024,768,16:9,0.50,0.50,0.50,0.40,FOCAL_CROP,PENDING,NEEDS_VISUAL_QA,Prefer official faction emblem/sigil when available; hero art only if clearly associated with faction.
faction:wardens:emblem,faction:wardens,FACTION,Piltover Wardens,FACTION_EMBLEM,factions/wardens-emblem.png,,https://wiki.leagueoflegends.com/en-us/Universe%3APiltover_Wardens,RIOT_PRIMARY_PREFERRED_OFFICIAL_WIKI_FALLBACK,"Riot Games, Inc.",1024,512,1:1,0.50,0.50,0.50,0.40,FOCAL_CROP,PENDING,NEEDS_VISUAL_QA,Prefer official faction emblem/sigil when available; hero art only if clearly associated with faction.
faction:chem-barons:hero,faction:chem-barons,FACTION,Chem-Barons,FACTION_HERO,factions/chem-barons-hero.png,,https://wiki.leagueoflegends.com/en-us/Universe%3AChem-Barons,RIOT_PRIMARY_PREFERRED_OFFICIAL_WIKI_FALLBACK,"Riot Games, Inc.",1024,768,16:9,0.50,0.50,0.50,0.40,FOCAL_CROP,PENDING,NEEDS_VISUAL_QA,Prefer official faction emblem/sigil when available; hero art only if clearly associated with faction.
faction:chem-barons:emblem,faction:chem-barons,FACTION,Chem-Barons,FACTION_EMBLEM,factions/chem-barons-emblem.png,,https://wiki.leagueoflegends.com/en-us/Universe%3AChem-Barons,RIOT_PRIMARY_PREFERRED_OFFICIAL_WIKI_FALLBACK,"Riot Games, Inc.",1024,512,1:1,0.50,0.50,0.50,0.40,FOCAL_CROP,PENDING,NEEDS_VISUAL_QA,Prefer official faction emblem/sigil when available; hero art only if clearly associated with faction.
faction:glasc:hero,faction:glasc,FACTION,Glasc Industries,FACTION_HERO,factions/glasc-hero.png,,https://wiki.leagueoflegends.com/en-us/Universe%3AGlasc_Industries,RIOT_PRIMARY_PREFERRED_OFFICIAL_WIKI_FALLBACK,"Riot Games, Inc.",1024,768,16:9,0.50,0.50,0.50,0.40,FOCAL_CROP,PENDING,NEEDS_VISUAL_QA,Prefer official faction emblem/sigil when available; hero art only if clearly associated with faction.
faction:glasc:emblem,faction:glasc,FACTION,Glasc Industries,FACTION_EMBLEM,factions/glasc-emblem.png,,https://wiki.leagueoflegends.com/en-us/Universe%3AGlasc_Industries,RIOT_PRIMARY_PREFERRED_OFFICIAL_WIKI_FALLBACK,"Riot Games, Inc.",1024,512,1:1,0.50,0.50,0.50,0.40,FOCAL_CROP,PENDING,NEEDS_VISUAL_QA,Prefer official faction emblem/sigil when available; hero art only if clearly associated with faction.
faction:buhru:hero,faction:buhru,FACTION,Buhru,FACTION_HERO,factions/buhru-hero.png,,https://wiki.leagueoflegends.com/en-us/Universe%3ABuhru,RIOT_PRIMARY_PREFERRED_OFFICIAL_WIKI_FALLBACK,"Riot Games, Inc.",1024,768,16:9,0.50,0.50,0.50,0.40,FOCAL_CROP,PENDING,NEEDS_VISUAL_QA,Prefer official faction emblem/sigil when available; hero art only if clearly associated with faction.
faction:buhru:emblem,faction:buhru,FACTION,Buhru,FACTION_EMBLEM,factions/buhru-emblem.png,,https://wiki.leagueoflegends.com/en-us/Universe%3ABuhru,RIOT_PRIMARY_PREFERRED_OFFICIAL_WIKI_FALLBACK,"Riot Games, Inc.",1024,512,1:1,0.50,0.50,0.50,0.40,FOCAL_CROP,PENDING,NEEDS_VISUAL_QA,Prefer official faction emblem/sigil when available; hero art only if clearly associated with faction.
faction:mistborn:hero,faction:mistborn,FACTION,Black Mist / Shadow Isles,FACTION_HERO,factions/mistborn-hero.png,,https://wiki.leagueoflegends.com/en-us/Universe%3ABlack_Mist_%2F_Shadow_Isles,RIOT_PRIMARY_PREFERRED_OFFICIAL_WIKI_FALLBACK,"Riot Games, Inc.",1024,768,16:9,0.50,0.50,0.50,0.40,FOCAL_CROP,PENDING,NEEDS_VISUAL_QA,Prefer official faction emblem/sigil when available; hero art only if clearly associated with faction.
faction:mistborn:emblem,faction:mistborn,FACTION,Black Mist / Shadow Isles,FACTION_EMBLEM,factions/mistborn-emblem.png,,https://wiki.leagueoflegends.com/en-us/Universe%3ABlack_Mist_%2F_Shadow_Isles,RIOT_PRIMARY_PREFERRED_OFFICIAL_WIKI_FALLBACK,"Riot Games, Inc.",1024,512,1:1,0.50,0.50,0.50,0.40,FOCAL_CROP,PENDING,NEEDS_VISUAL_QA,Prefer official faction emblem/sigil when available; hero art only if clearly associated with faction.
faction:medarda:hero,faction:medarda,FACTION,House Medarda,FACTION_HERO,factions/medarda-hero.png,,https://wiki.leagueoflegends.com/en-us/Universe%3AHouse_Medarda,RIOT_PRIMARY_PREFERRED_OFFICIAL_WIKI_FALLBACK,"Riot Games, Inc.",1024,768,16:9,0.50,0.50,0.50,0.40,FOCAL_CROP,PENDING,NEEDS_VISUAL_QA,Prefer official faction emblem/sigil when available; hero art only if clearly associated with faction.
faction:medarda:emblem,faction:medarda,FACTION,House Medarda,FACTION_EMBLEM,factions/medarda-emblem.png,,https://wiki.leagueoflegends.com/en-us/Universe%3AHouse_Medarda,RIOT_PRIMARY_PREFERRED_OFFICIAL_WIKI_FALLBACK,"Riot Games, Inc.",1024,512,1:1,0.50,0.50,0.50,0.40,FOCAL_CROP,PENDING,NEEDS_VISUAL_QA,Prefer official faction emblem/sigil when available; hero art only if clearly associated with faction.
faction:du-couteau:hero,faction:du-couteau,FACTION,Du Couteau Family,FACTION_HERO,factions/du-couteau-hero.png,,https://wiki.leagueoflegends.com/en-us/Universe%3ADu_Couteau_Family,RIOT_PRIMARY_PREFERRED_OFFICIAL_WIKI_FALLBACK,"Riot Games, Inc.",1024,768,16:9,0.50,0.50,0.50,0.40,FOCAL_CROP,PENDING,NEEDS_VISUAL_QA,Prefer official faction emblem/sigil when available; hero art only if clearly associated with faction.
faction:du-couteau:emblem,faction:du-couteau,FACTION,Du Couteau Family,FACTION_EMBLEM,factions/du-couteau-emblem.png,,https://wiki.leagueoflegends.com/en-us/Universe%3ADu_Couteau_Family,RIOT_PRIMARY_PREFERRED_OFFICIAL_WIKI_FALLBACK,"Riot Games, Inc.",1024,512,1:1,0.50,0.50,0.50,0.40,FOCAL_CROP,PENDING,NEEDS_VISUAL_QA,Prefer official faction emblem/sigil when available; hero art only if clearly associated with faction.
faction:crownguard:hero,faction:crownguard,FACTION,House Crownguard,FACTION_HERO,factions/crownguard-hero.png,,https://wiki.leagueoflegends.com/en-us/Universe%3AHouse_Crownguard,RIOT_PRIMARY_PREFERRED_OFFICIAL_WIKI_FALLBACK,"Riot Games, Inc.",1024,768,16:9,0.50,0.50,0.50,0.40,FOCAL_CROP,PENDING,NEEDS_VISUAL_QA,Prefer official faction emblem/sigil when available; hero art only if clearly associated with faction.
faction:crownguard:emblem,faction:crownguard,FACTION,House Crownguard,FACTION_EMBLEM,factions/crownguard-emblem.png,,https://wiki.leagueoflegends.com/en-us/Universe%3AHouse_Crownguard,RIOT_PRIMARY_PREFERRED_OFFICIAL_WIKI_FALLBACK,"Riot Games, Inc.",1024,512,1:1,0.50,0.50,0.50,0.40,FOCAL_CROP,PENDING,NEEDS_VISUAL_QA,Prefer official faction emblem/sigil when available; hero art only if clearly associated with faction.
faction:ferros:hero,faction:ferros,FACTION,Clan Ferros,FACTION_HERO,factions/ferros-hero.png,,https://wiki.leagueoflegends.com/en-us/Universe%3AClan_Ferros,RIOT_PRIMARY_PREFERRED_OFFICIAL_WIKI_FALLBACK,"Riot Games, Inc.",1024,768,16:9,0.50,0.50,0.50,0.40,FOCAL_CROP,PENDING,NEEDS_VISUAL_QA,Prefer official faction emblem/sigil when available; hero art only if clearly associated with faction.
faction:ferros:emblem,faction:ferros,FACTION,Clan Ferros,FACTION_EMBLEM,factions/ferros-emblem.png,,https://wiki.leagueoflegends.com/en-us/Universe%3AClan_Ferros,RIOT_PRIMARY_PREFERRED_OFFICIAL_WIKI_FALLBACK,"Riot Games, Inc.",1024,512,1:1,0.50,0.50,0.50,0.40,FOCAL_CROP,PENDING,NEEDS_VISUAL_QA,Prefer official faction emblem/sigil when available; hero art only if clearly associated with faction.
artifact:sun-disc:hero,artifact:sun-disc,ARTIFACT,Sun Disc,ARTIFACT_HERO,artifacts/sun-disc.jpg,,https://wiki.leagueoflegends.com/en-us/Universe%3ASun_Disc,RIOT_PRIMARY_PREFERRED_OFFICIAL_WIKI_FALLBACK,"Riot Games, Inc.",1200,800,3:2,0.50,0.50,0.50,0.40,FOCAL_CROP,PENDING,NEEDS_VISUAL_QA,Prefer official close-up or story art where artifact is clearly visible.
artifact:world-runes:hero,artifact:world-runes,ARTIFACT,World Runes,ARTIFACT_HERO,artifacts/world-runes.jpg,,https://wiki.leagueoflegends.com/en-us/Universe%3AWorld_Runes,RIOT_PRIMARY_PREFERRED_OFFICIAL_WIKI_FALLBACK,"Riot Games, Inc.",1200,800,3:2,0.50,0.50,0.50,0.40,FOCAL_CROP,PENDING,NEEDS_VISUAL_QA,Prefer official close-up or story art where artifact is clearly visible.
artifact:aion-erna:hero,artifact:aion-erna,ARTIFACT,Aion Er'na,ARTIFACT_HERO,artifacts/aion-erna.jpg,,https://wiki.leagueoflegends.com/en-us/Universe%3AAion_Er'na,RIOT_PRIMARY_PREFERRED_OFFICIAL_WIKI_FALLBACK,"Riot Games, Inc.",1200,800,3:2,0.50,0.50,0.50,0.40,FOCAL_CROP,PENDING,NEEDS_VISUAL_QA,Prefer official close-up or story art where artifact is clearly visible.
artifact:darkin-blade-aatrox:hero,artifact:darkin-blade-aatrox,ARTIFACT,Aatrox's Blade,ARTIFACT_HERO,artifacts/darkin-blade-aatrox.jpg,,https://wiki.leagueoflegends.com/en-us/Universe%3AAatrox's_Blade,RIOT_PRIMARY_PREFERRED_OFFICIAL_WIKI_FALLBACK,"Riot Games, Inc.",1200,800,3:2,0.50,0.50,0.50,0.40,FOCAL_CROP,PENDING,NEEDS_VISUAL_QA,Prefer official close-up or story art where artifact is clearly visible.
artifact:rhaast-scythe:hero,artifact:rhaast-scythe,ARTIFACT,Rhaast,ARTIFACT_HERO,artifacts/rhaast-scythe.jpg,,https://wiki.leagueoflegends.com/en-us/Universe%3ARhaast,RIOT_PRIMARY_PREFERRED_OFFICIAL_WIKI_FALLBACK,"Riot Games, Inc.",1200,800,3:2,0.50,0.50,0.50,0.40,FOCAL_CROP,PENDING,NEEDS_VISUAL_QA,Prefer official close-up or story art where artifact is clearly visible.
artifact:varus-bow:hero,artifact:varus-bow,ARTIFACT,Varus's Bow,ARTIFACT_HERO,artifacts/varus-bow.jpg,,https://wiki.leagueoflegends.com/en-us/Universe%3AVarus's_Bow,RIOT_PRIMARY_PREFERRED_OFFICIAL_WIKI_FALLBACK,"Riot Games, Inc.",1200,800,3:2,0.50,0.50,0.50,0.40,FOCAL_CROP,PENDING,NEEDS_VISUAL_QA,Prefer official close-up or story art where artifact is clearly visible.
artifact:petricite:hero,artifact:petricite,ARTIFACT,Petricite,ARTIFACT_HERO,artifacts/petricite.jpg,,https://wiki.leagueoflegends.com/en-us/Universe%3APetricite,RIOT_PRIMARY_PREFERRED_OFFICIAL_WIKI_FALLBACK,"Riot Games, Inc.",1200,800,3:2,0.50,0.50,0.50,0.40,FOCAL_CROP,PENDING,NEEDS_VISUAL_QA,Prefer official close-up or story art where artifact is clearly visible.
artifact:hexcore:hero,artifact:hexcore,ARTIFACT,Hexcore,ARTIFACT_HERO,artifacts/hexcore.jpg,,https://wiki.leagueoflegends.com/en-us/Universe%3AHexcore,RIOT_PRIMARY_PREFERRED_OFFICIAL_WIKI_FALLBACK,"Riot Games, Inc.",1200,800,3:2,0.50,0.50,0.50,0.40,FOCAL_CROP,PENDING,NEEDS_VISUAL_QA,Prefer official close-up or story art where artifact is clearly visible.
artifact:lantern-thresh:hero,artifact:lantern-thresh,ARTIFACT,Thresh's Lantern,ARTIFACT_HERO,artifacts/lantern-thresh.jpg,,https://wiki.leagueoflegends.com/en-us/Universe%3AThresh's_Lantern,RIOT_PRIMARY_PREFERRED_OFFICIAL_WIKI_FALLBACK,"Riot Games, Inc.",1200,800,3:2,0.50,0.50,0.50,0.40,FOCAL_CROP,PENDING,NEEDS_VISUAL_QA,Prefer official close-up or story art where artifact is clearly visible.
artifact:blade-ruined-king:hero,artifact:blade-ruined-king,ARTIFACT,Blade of the Ruined King,ARTIFACT_HERO,artifacts/blade-ruined-king.jpg,,https://wiki.leagueoflegends.com/en-us/Universe%3ABlade_of_the_Ruined_King,RIOT_PRIMARY_PREFERRED_OFFICIAL_WIKI_FALLBACK,"Riot Games, Inc.",1200,800,3:2,0.50,0.50,0.50,0.40,FOCAL_CROP,PENDING,NEEDS_VISUAL_QA,Prefer official close-up or story art where artifact is clearly visible.
entity:rhaast:hero,entity:rhaast,DARKIN_ENTITY,Rhaast,ENTITY_HERO,entities/rhaast.jpg,,,RIOT_PRIMARY_PREFERRED,"Riot Games, Inc.",1200,800,16:9,0.50,0.50,0.50,0.40,FOCAL_CROP,PENDING,NEEDS_VISUAL_QA,Resolve only if a strong official image exists; otherwise do not invent literal imagery.
entity:alune:hero,entity:alune,SPIRIT_CHARACTER,Alune,ENTITY_HERO,entities/alune.jpg,,,RIOT_PRIMARY_PREFERRED,"Riot Games, Inc.",1200,800,16:9,0.50,0.50,0.50,0.40,FOCAL_CROP,PENDING,NEEDS_VISUAL_QA,Resolve only if a strong official image exists; otherwise do not invent literal imagery.
entity:tybaulk:hero,entity:tybaulk,DEMON,Tybaulk,ENTITY_HERO,entities/tybaulk.jpg,,,RIOT_PRIMARY_PREFERRED,"Riot Games, Inc.",1200,800,16:9,0.50,0.50,0.50,0.40,FOCAL_CROP,PENDING,NEEDS_VISUAL_QA,Resolve only if a strong official image exists; otherwise do not invent literal imagery.
entity:ashlesh:hero,entity:ashlesh,DEMON,Ashlesh,ENTITY_HERO,entities/ashlesh.jpg,,,RIOT_PRIMARY_PREFERRED,"Riot Games, Inc.",1200,800,16:9,0.50,0.50,0.50,0.40,FOCAL_CROP,PENDING,NEEDS_VISUAL_QA,Resolve only if a strong official image exists; otherwise do not invent literal imagery.
entity:aspect-of-war:hero,entity:aspect-of-war,CELESTIAL_ASPECT,Aspect of War,ENTITY_HERO,entities/aspect-of-war.jpg,,,RIOT_PRIMARY_PREFERRED,"Riot Games, Inc.",1200,800,16:9,0.50,0.50,0.50,0.40,FOCAL_CROP,PENDING,NEEDS_VISUAL_QA,Resolve only if a strong official image exists; otherwise do not invent literal imagery.
entity:the-void:hero,entity:the-void,COSMIC_CONCEPT,The Void,ENTITY_HERO,entities/the-void.jpg,,,RIOT_PRIMARY_PREFERRED,"Riot Games, Inc.",1200,800,16:9,0.50,0.50,0.50,0.40,FOCAL_CROP,PENDING,NEEDS_VISUAL_QA,Resolve only if a strong official image exists; otherwise do not invent literal imagery.
entity:world-runes:hero,artifact:world-runes,ARTIFACT,World Runes,ENTITY_HERO,entities/world-runes.jpg,,,RIOT_PRIMARY_PREFERRED,"Riot Games, Inc.",1200,800,16:9,0.50,0.50,0.50,0.40,FOCAL_CROP,PENDING,NEEDS_VISUAL_QA,Resolve only if a strong official image exists; otherwise do not invent literal imagery.
entity:aion-erna:hero,artifact:aion-erna,ARTIFACT,Aion Er'na,ENTITY_HERO,entities/aion-erna.jpg,,,RIOT_PRIMARY_PREFERRED,"Riot Games, Inc.",1200,800,16:9,0.50,0.50,0.50,0.40,FOCAL_CROP,PENDING,NEEDS_VISUAL_QA,Resolve only if a strong official image exists; otherwise do not invent literal imagery.
entity:sun-disc:hero,artifact:sun-disc,ARTIFACT,Sun Disc,ENTITY_HERO,entities/sun-disc.jpg,,,RIOT_PRIMARY_PREFERRED,"Riot Games, Inc.",1200,800,16:9,0.50,0.50,0.50,0.40,FOCAL_CROP,PENDING,NEEDS_VISUAL_QA,Resolve only if a strong official image exists; otherwise do not invent literal imagery.
