champion_id,name,canonical_slug,ddragon_id,region_primary,official_title,narrative_roles,species,status,aliases,completeness_tier,needs_research,riot_champion_url,wiki_universe_url,wiki_data_url,ddragon_json_url,portrait_url,splash_url,loading_url,source_verified_online,last_verified_at,notes
char:aatrox,Aatrox,aatrox,Aatrox,Shurima,,,,,,C_INDEXED,TRUE,https://www.leagueoflegends.com/en-us/champions/aatrox/,https://wiki.leagueoflegends.com/en-us/Universe%3AAatrox,https://wiki.leagueoflegends.com/en-us/Template%3AData_Aatrox,https://ddragon.leagueoflegends.com/cdn/16.18.1/data/en_US/champion/Aatrox.json,https://ddragon.leagueoflegends.com/cdn/16.18.1/img/champion/Aatrox.png,https://ddragon.leagueoflegends.com/cdn/img/champion/splash/Aatrox_0.jpg,https://ddragon.leagueoflegends.com/cdn/img/champion/loading/Aatrox_0.jpg,UNTESTED,,Seed registry. Enrich from primary Riot bio + official Wiki Universe; do not treat gameplay tags as narrative roles.
char:ahri,Ahri,ahri,Ahri,Ionia,,,,,,C_INDEXED,TRUE,https://www.leagueoflegends.com/en-us/champions/ahri/,https://wiki.leagueoflegends.com/en-us/Universe%3AAhri,https://wiki.leagueoflegends.com/en-us/Template%3AData_Ahri,https://ddragon.leagueoflegends.com/cdn/16.18.1/data/en_US/champion/Ahri.json,https://ddragon.leagueoflegends.com/cdn/16.18.1/img/champion/Ahri.png,https://ddragon.leagueoflegends.com/cdn/img/champion/splash/Ahri_0.jpg,https://ddragon.leagueoflegends.com/cdn/img/champion/loading/Ahri_0.jpg,UNTESTED,,Seed registry. Enrich from primary Riot bio + official Wiki Universe; do not treat gameplay tags as narrative roles.
char:akali,Akali,akali,Akali,Ionia,,,,,,C_INDEXED,TRUE,https://www.leagueoflegends.com/en-us/champions/akali/,https://wiki.leagueoflegends.com/en-us/Universe%3AAkali,https://wiki.leagueoflegends.com/en-us/Template%3AData_Akali,https://ddragon.leagueoflegends.com/cdn/16.18.1/data/en_US/champion/Akali.json,https://ddragon.leagueoflegends.com/cdn/16.18.1/img/champion/Akali.png,https://ddragon.leagueoflegends.com/cdn/img/champion/splash/Akali_0.jpg,https://ddragon.leagueoflegends.com/cdn/img/champion/loading/Akali_0.jpg,UNTESTED,,Seed registry. Enrich from primary Riot bio + official Wiki Universe; do not treat gameplay tags as narrative roles.
char:akshan,Akshan,akshan,Akshan,Shurima,,,,,,C_INDEXED,TRUE,https://www.leagueoflegends.com/en-us/champions/akshan/,https://wiki.leagueoflegends.com/en-us/Universe%3AAkshan,https://wiki.leagueoflegends.com/en-us/Template%3AData_Akshan,https://ddragon.leagueoflegends.com/cdn/16.18.1/data/en_US/champion/Akshan.json,https://ddragon.leagueoflegends.com/cdn/16.18.1/img/champion/Akshan.png,https://ddragon.leagueoflegends.com/cdn/img/champion/splash/Akshan_0.jpg,https://ddragon.leagueoflegends.com/cdn/img/champion/loading/Akshan_0.jpg,UNTESTED,,Seed registry. Enrich from primary Riot bio + official Wiki Universe; do not treat gameplay tags as narrative roles.
char:alistar,Alistar,alistar,Alistar,Noxus,,,,,,C_INDEXED,TRUE,https://www.leagueoflegends.com/en-us/champions/alistar/,https://wiki.leagueoflegends.com/en-us/Universe%3AAlistar,https://wiki.leagueoflegends.com/en-us/Template%3AData_Alistar,https://ddragon.leagueoflegends.com/cdn/16.18.1/data/en_US/champion/Alistar.json,https://ddragon.leagueoflegends.com/cdn/16.18.1/img/champion/Alistar.png,https://ddragon.leagueoflegends.com/cdn/img/champion/splash/Alistar_0.jpg,https://ddragon.leagueoflegends.com/cdn/img/champion/loading/Alistar_0.jpg,UNTESTED,,Seed registry. Enrich from primary Riot bio + official Wiki Universe; do not treat gameplay tags as narrative roles.
char:ambessa,Ambessa,ambessa,Ambessa,Noxus,,,,,,C_INDEXED,TRUE,https://www.leagueoflegends.com/en-us/champions/ambessa/,https://wiki.leagueoflegends.com/en-us/Universe%3AAmbessa,https://wiki.leagueoflegends.com/en-us/Template%3AData_Ambessa,https://ddragon.leagueoflegends.com/cdn/16.18.1/data/en_US/champion/Ambessa.json,https://ddragon.leagueoflegends.com/cdn/16.18.1/img/champion/Ambessa.png,https://ddragon.leagueoflegends.com/cdn/img/champion/splash/Ambessa_0.jpg,https://ddragon.leagueoflegends.com/cdn/img/champion/loading/Ambessa_0.jpg,UNTESTED,,Seed registry. Enrich from primary Riot bio + official Wiki Universe; do not treat gameplay tags as narrative roles.
char:amumu,Amumu,amumu,Amumu,Shurima,,,,,,C_INDEXED,TRUE,https://www.leagueoflegends.com/en-us/champions/amumu/,https://wiki.leagueoflegends.com/en-us/Universe%3AAmumu,https://wiki.leagueoflegends.com/en-us/Template%3AData_Amumu,https://ddragon.leagueoflegends.com/cdn/16.18.1/data/en_US/champion/Amumu.json,https://ddragon.leagueoflegends.com/cdn/16.18.1/img/champion/Amumu.png,https://ddragon.leagueoflegends.com/cdn/img/champion/splash/Amumu_0.jpg,https://ddragon.leagueoflegends.com/cdn/img/champion/loading/Amumu_0.jpg,UNTESTED,,Seed registry. Enrich from primary Riot bio + official Wiki Universe; do not treat gameplay tags as narrative roles.
char:anivia,Anivia,anivia,Anivia,Freljord,,,,,,C_INDEXED,TRUE,https://www.leagueoflegends.com/en-us/champions/anivia/,https://wiki.leagueoflegends.com/en-us/Universe%3AAnivia,https://wiki.leagueoflegends.com/en-us/Template%3AData_Anivia,https://ddragon.leagueoflegends.com/cdn/16.18.1/data/en_US/champion/Anivia.json,https://ddragon.leagueoflegends.com/cdn/16.18.1/img/champion/Anivia.png,https://ddragon.leagueoflegends.com/cdn/img/champion/splash/Anivia_0.jpg,https://ddragon.leagueoflegends.com/cdn/img/champion/loading/Anivia_0.jpg,UNTESTED,,Seed registry. Enrich from primary Riot bio + official Wiki Universe; do not treat gameplay tags as narrative roles.
char:annie,Annie,annie,Annie,Noxus,,,,,,C_INDEXED,TRUE,https://www.leagueoflegends.com/en-us/champions/annie/,https://wiki.leagueoflegends.com/en-us/Universe%3AAnnie,https://wiki.leagueoflegends.com/en-us/Template%3AData_Annie,https://ddragon.leagueoflegends.com/cdn/16.18.1/data/en_US/champion/Annie.json,https://ddragon.leagueoflegends.com/cdn/16.18.1/img/champion/Annie.png,https://ddragon.leagueoflegends.com/cdn/img/champion/splash/Annie_0.jpg,https://ddragon.leagueoflegends.com/cdn/img/champion/loading/Annie_0.jpg,UNTESTED,,Seed registry. Enrich from primary Riot bio + official Wiki Universe; do not treat gameplay tags as narrative roles.
char:aphelios,Aphelios,aphelios,Aphelios,Targon,,,,,,C_INDEXED,TRUE,https://www.leagueoflegends.com/en-us/champions/aphelios/,https://wiki.leagueoflegends.com/en-us/Universe%3AAphelios,https://wiki.leagueoflegends.com/en-us/Template%3AData_Aphelios,https://ddragon.leagueoflegends.com/cdn/16.18.1/data/en_US/champion/Aphelios.json,https://ddragon.leagueoflegends.com/cdn/16.18.1/img/champion/Aphelios.png,https://ddragon.leagueoflegends.com/cdn/img/champion/splash/Aphelios_0.jpg,https://ddragon.leagueoflegends.com/cdn/img/champion/loading/Aphelios_0.jpg,UNTESTED,,Seed registry. Enrich from primary Riot bio + official Wiki Universe; do not treat gameplay tags as narrative roles.
char:ashe,Ashe,ashe,Ashe,Freljord,,,,,,C_INDEXED,TRUE,https://www.leagueoflegends.com/en-us/champions/ashe/,https://wiki.leagueoflegends.com/en-us/Universe%3AAshe,https://wiki.leagueoflegends.com/en-us/Template%3AData_Ashe,https://ddragon.leagueoflegends.com/cdn/16.18.1/data/en_US/champion/Ashe.json,https://ddragon.leagueoflegends.com/cdn/16.18.1/img/champion/Ashe.png,https://ddragon.leagueoflegends.com/cdn/img/champion/splash/Ashe_0.jpg,https://ddragon.leagueoflegends.com/cdn/img/champion/loading/Ashe_0.jpg,UNTESTED,,Seed registry. Enrich from primary Riot bio + official Wiki Universe; do not treat gameplay tags as narrative roles.
char:aurelion-sol,Aurelion Sol,aurelion-sol,AurelionSol,Targon,,,,,,C_INDEXED,TRUE,https://www.leagueoflegends.com/en-us/champions/aurelion-sol/,https://wiki.leagueoflegends.com/en-us/Universe%3AAurelion_Sol,https://wiki.leagueoflegends.com/en-us/Template%3AData_Aurelion_Sol,https://ddragon.leagueoflegends.com/cdn/16.18.1/data/en_US/champion/AurelionSol.json,https://ddragon.leagueoflegends.com/cdn/16.18.1/img/champion/AurelionSol.png,https://ddragon.leagueoflegends.com/cdn/img/champion/splash/AurelionSol_0.jpg,https://ddragon.leagueoflegends.com/cdn/img/champion/loading/AurelionSol_0.jpg,UNTESTED,,Seed registry. Enrich from primary Riot bio + official Wiki Universe; do not treat gameplay tags as narrative roles.
char:aurora,Aurora,aurora,Aurora,Freljord,,,,,,C_INDEXED,TRUE,https://www.leagueoflegends.com/en-us/champions/aurora/,https://wiki.leagueoflegends.com/en-us/Universe%3AAurora,https://wiki.leagueoflegends.com/en-us/Template%3AData_Aurora,https://ddragon.leagueoflegends.com/cdn/16.18.1/data/en_US/champion/Aurora.json,https://ddragon.leagueoflegends.com/cdn/16.18.1/img/champion/Aurora.png,https://ddragon.leagueoflegends.com/cdn/img/champion/splash/Aurora_0.jpg,https://ddragon.leagueoflegends.com/cdn/img/champion/loading/Aurora_0.jpg,UNTESTED,,Seed registry. Enrich from primary Riot bio + official Wiki Universe; do not treat gameplay tags as narrative roles.
char:azir,Azir,azir,Azir,Shurima,,,,,,C_INDEXED,TRUE,https://www.leagueoflegends.com/en-us/champions/azir/,https://wiki.leagueoflegends.com/en-us/Universe%3AAzir,https://wiki.leagueoflegends.com/en-us/Template%3AData_Azir,https://ddragon.leagueoflegends.com/cdn/16.18.1/data/en_US/champion/Azir.json,https://ddragon.leagueoflegends.com/cdn/16.18.1/img/champion/Azir.png,https://ddragon.leagueoflegends.com/cdn/img/champion/splash/Azir_0.jpg,https://ddragon.leagueoflegends.com/cdn/img/champion/loading/Azir_0.jpg,UNTESTED,,Seed registry. Enrich from primary Riot bio + official Wiki Universe; do not treat gameplay tags as narrative roles.
char:bard,Bard,bard,Bard,Runeterra / Cosmic,,,,,,C_INDEXED,TRUE,https://www.leagueoflegends.com/en-us/champions/bard/,https://wiki.leagueoflegends.com/en-us/Universe%3ABard,https://wiki.leagueoflegends.com/en-us/Template%3AData_Bard,https://ddragon.leagueoflegends.com/cdn/16.18.1/data/en_US/champion/Bard.json,https://ddragon.leagueoflegends.com/cdn/16.18.1/img/champion/Bard.png,https://ddragon.leagueoflegends.com/cdn/img/champion/splash/Bard_0.jpg,https://ddragon.leagueoflegends.com/cdn/img/champion/loading/Bard_0.jpg,UNTESTED,,Seed registry. Enrich from primary Riot bio + official Wiki Universe; do not treat gameplay tags as narrative roles.
char:bel-veth,Bel'Veth,bel-veth,Belveth,The Void,,,,,,C_INDEXED,TRUE,https://www.leagueoflegends.com/en-us/champions/bel-veth/,https://wiki.leagueoflegends.com/en-us/Universe%3ABel'Veth,https://wiki.leagueoflegends.com/en-us/Template%3AData_Bel'Veth,https://ddragon.leagueoflegends.com/cdn/16.18.1/data/en_US/champion/Belveth.json,https://ddragon.leagueoflegends.com/cdn/16.18.1/img/champion/Belveth.png,https://ddragon.leagueoflegends.com/cdn/img/champion/splash/Belveth_0.jpg,https://ddragon.leagueoflegends.com/cdn/img/champion/loading/Belveth_0.jpg,UNTESTED,,Seed registry. Enrich from primary Riot bio + official Wiki Universe; do not treat gameplay tags as narrative roles.
char:blitzcrank,Blitzcrank,blitzcrank,Blitzcrank,Zaun,,,,,,C_INDEXED,TRUE,https://www.leagueoflegends.com/en-us/champions/blitzcrank/,https://wiki.leagueoflegends.com/en-us/Universe%3ABlitzcrank,https://wiki.leagueoflegends.com/en-us/Template%3AData_Blitzcrank,https://ddragon.leagueoflegends.com/cdn/16.18.1/data/en_US/champion/Blitzcrank.json,https://ddragon.leagueoflegends.com/cdn/16.18.1/img/champion/Blitzcrank.png,https://ddragon.leagueoflegends.com/cdn/img/champion/splash/Blitzcrank_0.jpg,https://ddragon.leagueoflegends.com/cdn/img/champion/loading/Blitzcrank_0.jpg,UNTESTED,,Seed registry. Enrich from primary Riot bio + official Wiki Universe; do not treat gameplay tags as narrative roles.
char:brand,Brand,brand,Brand,Freljord,,,,,,C_INDEXED,TRUE,https://www.leagueoflegends.com/en-us/champions/brand/,https://wiki.leagueoflegends.com/en-us/Universe%3ABrand,https://wiki.leagueoflegends.com/en-us/Template%3AData_Brand,https://ddragon.leagueoflegends.com/cdn/16.18.1/data/en_US/champion/Brand.json,https://ddragon.leagueoflegends.com/cdn/16.18.1/img/champion/Brand.png,https://ddragon.leagueoflegends.com/cdn/img/champion/splash/Brand_0.jpg,https://ddragon.leagueoflegends.com/cdn/img/champion/loading/Brand_0.jpg,UNTESTED,,Seed registry. Enrich from primary Riot bio + official Wiki Universe; do not treat gameplay tags as narrative roles.
char:braum,Braum,braum,Braum,Freljord,,,,,,C_INDEXED,TRUE,https://www.leagueoflegends.com/en-us/champions/braum/,https://wiki.leagueoflegends.com/en-us/Universe%3ABraum,https://wiki.leagueoflegends.com/en-us/Template%3AData_Braum,https://ddragon.leagueoflegends.com/cdn/16.18.1/data/en_US/champion/Braum.json,https://ddragon.leagueoflegends.com/cdn/16.18.1/img/champion/Braum.png,https://ddragon.leagueoflegends.com/cdn/img/champion/splash/Braum_0.jpg,https://ddragon.leagueoflegends.com/cdn/img/champion/loading/Braum_0.jpg,UNTESTED,,Seed registry. Enrich from primary Riot bio + official Wiki Universe; do not treat gameplay tags as narrative roles.
char:briar,Briar,briar,Briar,Noxus,,,,,,C_INDEXED,TRUE,https://www.leagueoflegends.com/en-us/champions/briar/,https://wiki.leagueoflegends.com/en-us/Universe%3ABriar,https://wiki.leagueoflegends.com/en-us/Template%3AData_Briar,https://ddragon.leagueoflegends.com/cdn/16.18.1/data/en_US/champion/Briar.json,https://ddragon.leagueoflegends.com/cdn/16.18.1/img/champion/Briar.png,https://ddragon.leagueoflegends.com/cdn/img/champion/splash/Briar_0.jpg,https://ddragon.leagueoflegends.com/cdn/img/champion/loading/Briar_0.jpg,UNTESTED,,Seed registry. Enrich from primary Riot bio + official Wiki Universe; do not treat gameplay tags as narrative roles.
char:caitlyn,Caitlyn,caitlyn,Caitlyn,Piltover,,,,,,C_INDEXED,TRUE,https://www.leagueoflegends.com/en-us/champions/caitlyn/,https://wiki.leagueoflegends.com/en-us/Universe%3ACaitlyn,https://wiki.leagueoflegends.com/en-us/Template%3AData_Caitlyn,https://ddragon.leagueoflegends.com/cdn/16.18.1/data/en_US/champion/Caitlyn.json,https://ddragon.leagueoflegends.com/cdn/16.18.1/img/champion/Caitlyn.png,https://ddragon.leagueoflegends.com/cdn/img/champion/splash/Caitlyn_0.jpg,https://ddragon.leagueoflegends.com/cdn/img/champion/loading/Caitlyn_0.jpg,UNTESTED,,Seed registry. Enrich from primary Riot bio + official Wiki Universe; do not treat gameplay tags as narrative roles.
char:camille,Camille,camille,Camille,Piltover,,,,,,C_INDEXED,TRUE,https://www.leagueoflegends.com/en-us/champions/camille/,https://wiki.leagueoflegends.com/en-us/Universe%3ACamille,https://wiki.leagueoflegends.com/en-us/Template%3AData_Camille,https://ddragon.leagueoflegends.com/cdn/16.18.1/data/en_US/champion/Camille.json,https://ddragon.leagueoflegends.com/cdn/16.18.1/img/champion/Camille.png,https://ddragon.leagueoflegends.com/cdn/img/champion/splash/Camille_0.jpg,https://ddragon.leagueoflegends.com/cdn/img/champion/loading/Camille_0.jpg,UNTESTED,,Seed registry. Enrich from primary Riot bio + official Wiki Universe; do not treat gameplay tags as narrative roles.
char:cassiopeia,Cassiopeia,cassiopeia,Cassiopeia,Noxus,,,,,,C_INDEXED,TRUE,https://www.leagueoflegends.com/en-us/champions/cassiopeia/,https://wiki.leagueoflegends.com/en-us/Universe%3ACassiopeia,https://wiki.leagueoflegends.com/en-us/Template%3AData_Cassiopeia,https://ddragon.leagueoflegends.com/cdn/16.18.1/data/en_US/champion/Cassiopeia.json,https://ddragon.leagueoflegends.com/cdn/16.18.1/img/champion/Cassiopeia.png,https://ddragon.leagueoflegends.com/cdn/img/champion/splash/Cassiopeia_0.jpg,https://ddragon.leagueoflegends.com/cdn/img/champion/loading/Cassiopeia_0.jpg,UNTESTED,,Seed registry. Enrich from primary Riot bio + official Wiki Universe; do not treat gameplay tags as narrative roles.
char:cho-gath,Cho'Gath,cho-gath,Chogath,The Void,,,,,,C_INDEXED,TRUE,https://www.leagueoflegends.com/en-us/champions/cho-gath/,https://wiki.leagueoflegends.com/en-us/Universe%3ACho'Gath,https://wiki.leagueoflegends.com/en-us/Template%3AData_Cho'Gath,https://ddragon.leagueoflegends.com/cdn/16.18.1/data/en_US/champion/Chogath.json,https://ddragon.leagueoflegends.com/cdn/16.18.1/img/champion/Chogath.png,https://ddragon.leagueoflegends.com/cdn/img/champion/splash/Chogath_0.jpg,https://ddragon.leagueoflegends.com/cdn/img/champion/loading/Chogath_0.jpg,UNTESTED,,Seed registry. Enrich from primary Riot bio + official Wiki Universe; do not treat gameplay tags as narrative roles.
char:corki,Corki,corki,Corki,Bandle City / Piltover,,,,,,C_INDEXED,TRUE,https://www.leagueoflegends.com/en-us/champions/corki/,https://wiki.leagueoflegends.com/en-us/Universe%3ACorki,https://wiki.leagueoflegends.com/en-us/Template%3AData_Corki,https://ddragon.leagueoflegends.com/cdn/16.18.1/data/en_US/champion/Corki.json,https://ddragon.leagueoflegends.com/cdn/16.18.1/img/champion/Corki.png,https://ddragon.leagueoflegends.com/cdn/img/champion/splash/Corki_0.jpg,https://ddragon.leagueoflegends.com/cdn/img/champion/loading/Corki_0.jpg,UNTESTED,,Seed registry. Enrich from primary Riot bio + official Wiki Universe; do not treat gameplay tags as narrative roles.
char:darius,Darius,darius,Darius,Noxus,,,,,,C_INDEXED,TRUE,https://www.leagueoflegends.com/en-us/champions/darius/,https://wiki.leagueoflegends.com/en-us/Universe%3ADarius,https://wiki.leagueoflegends.com/en-us/Template%3AData_Darius,https://ddragon.leagueoflegends.com/cdn/16.18.1/data/en_US/champion/Darius.json,https://ddragon.leagueoflegends.com/cdn/16.18.1/img/champion/Darius.png,https://ddragon.leagueoflegends.com/cdn/img/champion/splash/Darius_0.jpg,https://ddragon.leagueoflegends.com/cdn/img/champion/loading/Darius_0.jpg,UNTESTED,,Seed registry. Enrich from primary Riot bio + official Wiki Universe; do not treat gameplay tags as narrative roles.
char:diana,Diana,diana,Diana,Targon,,,,,,C_INDEXED,TRUE,https://www.leagueoflegends.com/en-us/champions/diana/,https://wiki.leagueoflegends.com/en-us/Universe%3ADiana,https://wiki.leagueoflegends.com/en-us/Template%3AData_Diana,https://ddragon.leagueoflegends.com/cdn/16.18.1/data/en_US/champion/Diana.json,https://ddragon.leagueoflegends.com/cdn/16.18.1/img/champion/Diana.png,https://ddragon.leagueoflegends.com/cdn/img/champion/splash/Diana_0.jpg,https://ddragon.leagueoflegends.com/cdn/img/champion/loading/Diana_0.jpg,UNTESTED,,Seed registry. Enrich from primary Riot bio + official Wiki Universe; do not treat gameplay tags as narrative roles.
char:dr-mundo,Dr. Mundo,dr-mundo,DrMundo,Zaun,,,,,,C_INDEXED,TRUE,https://www.leagueoflegends.com/en-us/champions/dr-mundo/,https://wiki.leagueoflegends.com/en-us/Universe%3ADr._Mundo,https://wiki.leagueoflegends.com/en-us/Template%3AData_Dr._Mundo,https://ddragon.leagueoflegends.com/cdn/16.18.1/data/en_US/champion/DrMundo.json,https://ddragon.leagueoflegends.com/cdn/16.18.1/img/champion/DrMundo.png,https://ddragon.leagueoflegends.com/cdn/img/champion/splash/DrMundo_0.jpg,https://ddragon.leagueoflegends.com/cdn/img/champion/loading/DrMundo_0.jpg,UNTESTED,,Seed registry. Enrich from primary Riot bio + official Wiki Universe; do not treat gameplay tags as narrative roles.
char:draven,Draven,draven,Draven,Noxus,,,,,,C_INDEXED,TRUE,https://www.leagueoflegends.com/en-us/champions/draven/,https://wiki.leagueoflegends.com/en-us/Universe%3ADraven,https://wiki.leagueoflegends.com/en-us/Template%3AData_Draven,https://ddragon.leagueoflegends.com/cdn/16.18.1/data/en_US/champion/Draven.json,https://ddragon.leagueoflegends.com/cdn/16.18.1/img/champion/Draven.png,https://ddragon.leagueoflegends.com/cdn/img/champion/splash/Draven_0.jpg,https://ddragon.leagueoflegends.com/cdn/img/champion/loading/Draven_0.jpg,UNTESTED,,Seed registry. Enrich from primary Riot bio + official Wiki Universe; do not treat gameplay tags as narrative roles.
char:ekko,Ekko,ekko,Ekko,Zaun,,,,,,C_INDEXED,TRUE,https://www.leagueoflegends.com/en-us/champions/ekko/,https://wiki.leagueoflegends.com/en-us/Universe%3AEkko,https://wiki.leagueoflegends.com/en-us/Template%3AData_Ekko,https://ddragon.leagueoflegends.com/cdn/16.18.1/data/en_US/champion/Ekko.json,https://ddragon.leagueoflegends.com/cdn/16.18.1/img/champion/Ekko.png,https://ddragon.leagueoflegends.com/cdn/img/champion/splash/Ekko_0.jpg,https://ddragon.leagueoflegends.com/cdn/img/champion/loading/Ekko_0.jpg,UNTESTED,,Seed registry. Enrich from primary Riot bio + official Wiki Universe; do not treat gameplay tags as narrative roles.
char:elise,Elise,elise,Elise,Noxus / Shadow Isles,,,,,,C_INDEXED,TRUE,https://www.leagueoflegends.com/en-us/champions/elise/,https://wiki.leagueoflegends.com/en-us/Universe%3AElise,https://wiki.leagueoflegends.com/en-us/Template%3AData_Elise,https://ddragon.leagueoflegends.com/cdn/16.18.1/data/en_US/champion/Elise.json,https://ddragon.leagueoflegends.com/cdn/16.18.1/img/champion/Elise.png,https://ddragon.leagueoflegends.com/cdn/img/champion/splash/Elise_0.jpg,https://ddragon.leagueoflegends.com/cdn/img/champion/loading/Elise_0.jpg,UNTESTED,,Seed registry. Enrich from primary Riot bio + official Wiki Universe; do not treat gameplay tags as narrative roles.
char:evelynn,Evelynn,evelynn,Evelynn,Runeterra,,,,,,C_INDEXED,TRUE,https://www.leagueoflegends.com/en-us/champions/evelynn/,https://wiki.leagueoflegends.com/en-us/Universe%3AEvelynn,https://wiki.leagueoflegends.com/en-us/Template%3AData_Evelynn,https://ddragon.leagueoflegends.com/cdn/16.18.1/data/en_US/champion/Evelynn.json,https://ddragon.leagueoflegends.com/cdn/16.18.1/img/champion/Evelynn.png,https://ddragon.leagueoflegends.com/cdn/img/champion/splash/Evelynn_0.jpg,https://ddragon.leagueoflegends.com/cdn/img/champion/loading/Evelynn_0.jpg,UNTESTED,,Seed registry. Enrich from primary Riot bio + official Wiki Universe; do not treat gameplay tags as narrative roles.
char:ezreal,Ezreal,ezreal,Ezreal,Piltover,,,,,,C_INDEXED,TRUE,https://www.leagueoflegends.com/en-us/champions/ezreal/,https://wiki.leagueoflegends.com/en-us/Universe%3AEzreal,https://wiki.leagueoflegends.com/en-us/Template%3AData_Ezreal,https://ddragon.leagueoflegends.com/cdn/16.18.1/data/en_US/champion/Ezreal.json,https://ddragon.leagueoflegends.com/cdn/16.18.1/img/champion/Ezreal.png,https://ddragon.leagueoflegends.com/cdn/img/champion/splash/Ezreal_0.jpg,https://ddragon.leagueoflegends.com/cdn/img/champion/loading/Ezreal_0.jpg,UNTESTED,,Seed registry. Enrich from primary Riot bio + official Wiki Universe; do not treat gameplay tags as narrative roles.
char:fiddlesticks,Fiddlesticks,fiddlesticks,Fiddlesticks,Runeterra,,,,,,C_INDEXED,TRUE,https://www.leagueoflegends.com/en-us/champions/fiddlesticks/,https://wiki.leagueoflegends.com/en-us/Universe%3AFiddlesticks,https://wiki.leagueoflegends.com/en-us/Template%3AData_Fiddlesticks,https://ddragon.leagueoflegends.com/cdn/16.18.1/data/en_US/champion/Fiddlesticks.json,https://ddragon.leagueoflegends.com/cdn/16.18.1/img/champion/Fiddlesticks.png,https://ddragon.leagueoflegends.com/cdn/img/champion/splash/Fiddlesticks_0.jpg,https://ddragon.leagueoflegends.com/cdn/img/champion/loading/Fiddlesticks_0.jpg,UNTESTED,,Seed registry. Enrich from primary Riot bio + official Wiki Universe; do not treat gameplay tags as narrative roles.
char:fiora,Fiora,fiora,Fiora,Demacia,,,,,,C_INDEXED,TRUE,https://www.leagueoflegends.com/en-us/champions/fiora/,https://wiki.leagueoflegends.com/en-us/Universe%3AFiora,https://wiki.leagueoflegends.com/en-us/Template%3AData_Fiora,https://ddragon.leagueoflegends.com/cdn/16.18.1/data/en_US/champion/Fiora.json,https://ddragon.leagueoflegends.com/cdn/16.18.1/img/champion/Fiora.png,https://ddragon.leagueoflegends.com/cdn/img/champion/splash/Fiora_0.jpg,https://ddragon.leagueoflegends.com/cdn/img/champion/loading/Fiora_0.jpg,UNTESTED,,Seed registry. Enrich from primary Riot bio + official Wiki Universe; do not treat gameplay tags as narrative roles.
char:fizz,Fizz,fizz,Fizz,Bilgewater,,,,,,C_INDEXED,TRUE,https://www.leagueoflegends.com/en-us/champions/fizz/,https://wiki.leagueoflegends.com/en-us/Universe%3AFizz,https://wiki.leagueoflegends.com/en-us/Template%3AData_Fizz,https://ddragon.leagueoflegends.com/cdn/16.18.1/data/en_US/champion/Fizz.json,https://ddragon.leagueoflegends.com/cdn/16.18.1/img/champion/Fizz.png,https://ddragon.leagueoflegends.com/cdn/img/champion/splash/Fizz_0.jpg,https://ddragon.leagueoflegends.com/cdn/img/champion/loading/Fizz_0.jpg,UNTESTED,,Seed registry. Enrich from primary Riot bio + official Wiki Universe; do not treat gameplay tags as narrative roles.
char:galio,Galio,galio,Galio,Demacia,,,,,,C_INDEXED,TRUE,https://www.leagueoflegends.com/en-us/champions/galio/,https://wiki.leagueoflegends.com/en-us/Universe%3AGalio,https://wiki.leagueoflegends.com/en-us/Template%3AData_Galio,https://ddragon.leagueoflegends.com/cdn/16.18.1/data/en_US/champion/Galio.json,https://ddragon.leagueoflegends.com/cdn/16.18.1/img/champion/Galio.png,https://ddragon.leagueoflegends.com/cdn/img/champion/splash/Galio_0.jpg,https://ddragon.leagueoflegends.com/cdn/img/champion/loading/Galio_0.jpg,UNTESTED,,Seed registry. Enrich from primary Riot bio + official Wiki Universe; do not treat gameplay tags as narrative roles.
char:gangplank,Gangplank,gangplank,Gangplank,Bilgewater,,,,,,C_INDEXED,TRUE,https://www.leagueoflegends.com/en-us/champions/gangplank/,https://wiki.leagueoflegends.com/en-us/Universe%3AGangplank,https://wiki.leagueoflegends.com/en-us/Template%3AData_Gangplank,https://ddragon.leagueoflegends.com/cdn/16.18.1/data/en_US/champion/Gangplank.json,https://ddragon.leagueoflegends.com/cdn/16.18.1/img/champion/Gangplank.png,https://ddragon.leagueoflegends.com/cdn/img/champion/splash/Gangplank_0.jpg,https://ddragon.leagueoflegends.com/cdn/img/champion/loading/Gangplank_0.jpg,UNTESTED,,Seed registry. Enrich from primary Riot bio + official Wiki Universe; do not treat gameplay tags as narrative roles.
char:garen,Garen,garen,Garen,Demacia,,,,,,C_INDEXED,TRUE,https://www.leagueoflegends.com/en-us/champions/garen/,https://wiki.leagueoflegends.com/en-us/Universe%3AGaren,https://wiki.leagueoflegends.com/en-us/Template%3AData_Garen,https://ddragon.leagueoflegends.com/cdn/16.18.1/data/en_US/champion/Garen.json,https://ddragon.leagueoflegends.com/cdn/16.18.1/img/champion/Garen.png,https://ddragon.leagueoflegends.com/cdn/img/champion/splash/Garen_0.jpg,https://ddragon.leagueoflegends.com/cdn/img/champion/loading/Garen_0.jpg,UNTESTED,,Seed registry. Enrich from primary Riot bio + official Wiki Universe; do not treat gameplay tags as narrative roles.
char:gnar,Gnar,gnar,Gnar,Freljord,,,,,,C_INDEXED,TRUE,https://www.leagueoflegends.com/en-us/champions/gnar/,https://wiki.leagueoflegends.com/en-us/Universe%3AGnar,https://wiki.leagueoflegends.com/en-us/Template%3AData_Gnar,https://ddragon.leagueoflegends.com/cdn/16.18.1/data/en_US/champion/Gnar.json,https://ddragon.leagueoflegends.com/cdn/16.18.1/img/champion/Gnar.png,https://ddragon.leagueoflegends.com/cdn/img/champion/splash/Gnar_0.jpg,https://ddragon.leagueoflegends.com/cdn/img/champion/loading/Gnar_0.jpg,UNTESTED,,Seed registry. Enrich from primary Riot bio + official Wiki Universe; do not treat gameplay tags as narrative roles.
char:gragas,Gragas,gragas,Gragas,Freljord,,,,,,C_INDEXED,TRUE,https://www.leagueoflegends.com/en-us/champions/gragas/,https://wiki.leagueoflegends.com/en-us/Universe%3AGragas,https://wiki.leagueoflegends.com/en-us/Template%3AData_Gragas,https://ddragon.leagueoflegends.com/cdn/16.18.1/data/en_US/champion/Gragas.json,https://ddragon.leagueoflegends.com/cdn/16.18.1/img/champion/Gragas.png,https://ddragon.leagueoflegends.com/cdn/img/champion/splash/Gragas_0.jpg,https://ddragon.leagueoflegends.com/cdn/img/champion/loading/Gragas_0.jpg,UNTESTED,,Seed registry. Enrich from primary Riot bio + official Wiki Universe; do not treat gameplay tags as narrative roles.
char:graves,Graves,graves,Graves,Bilgewater,,,,,,C_INDEXED,TRUE,https://www.leagueoflegends.com/en-us/champions/graves/,https://wiki.leagueoflegends.com/en-us/Universe%3AGraves,https://wiki.leagueoflegends.com/en-us/Template%3AData_Graves,https://ddragon.leagueoflegends.com/cdn/16.18.1/data/en_US/champion/Graves.json,https://ddragon.leagueoflegends.com/cdn/16.18.1/img/champion/Graves.png,https://ddragon.leagueoflegends.com/cdn/img/champion/splash/Graves_0.jpg,https://ddragon.leagueoflegends.com/cdn/img/champion/loading/Graves_0.jpg,UNTESTED,,Seed registry. Enrich from primary Riot bio + official Wiki Universe; do not treat gameplay tags as narrative roles.
char:gwen,Gwen,gwen,Gwen,Shadow Isles,,,,,,C_INDEXED,TRUE,https://www.leagueoflegends.com/en-us/champions/gwen/,https://wiki.leagueoflegends.com/en-us/Universe%3AGwen,https://wiki.leagueoflegends.com/en-us/Template%3AData_Gwen,https://ddragon.leagueoflegends.com/cdn/16.18.1/data/en_US/champion/Gwen.json,https://ddragon.leagueoflegends.com/cdn/16.18.1/img/champion/Gwen.png,https://ddragon.leagueoflegends.com/cdn/img/champion/splash/Gwen_0.jpg,https://ddragon.leagueoflegends.com/cdn/img/champion/loading/Gwen_0.jpg,UNTESTED,,Seed registry. Enrich from primary Riot bio + official Wiki Universe; do not treat gameplay tags as narrative roles.
char:hecarim,Hecarim,hecarim,Hecarim,Shadow Isles,,,,,,C_INDEXED,TRUE,https://www.leagueoflegends.com/en-us/champions/hecarim/,https://wiki.leagueoflegends.com/en-us/Universe%3AHecarim,https://wiki.leagueoflegends.com/en-us/Template%3AData_Hecarim,https://ddragon.leagueoflegends.com/cdn/16.18.1/data/en_US/champion/Hecarim.json,https://ddragon.leagueoflegends.com/cdn/16.18.1/img/champion/Hecarim.png,https://ddragon.leagueoflegends.com/cdn/img/champion/splash/Hecarim_0.jpg,https://ddragon.leagueoflegends.com/cdn/img/champion/loading/Hecarim_0.jpg,UNTESTED,,Seed registry. Enrich from primary Riot bio + official Wiki Universe; do not treat gameplay tags as narrative roles.
char:heimerdinger,Heimerdinger,heimerdinger,Heimerdinger,Piltover,,,,,,C_INDEXED,TRUE,https://www.leagueoflegends.com/en-us/champions/heimerdinger/,https://wiki.leagueoflegends.com/en-us/Universe%3AHeimerdinger,https://wiki.leagueoflegends.com/en-us/Template%3AData_Heimerdinger,https://ddragon.leagueoflegends.com/cdn/16.18.1/data/en_US/champion/Heimerdinger.json,https://ddragon.leagueoflegends.com/cdn/16.18.1/img/champion/Heimerdinger.png,https://ddragon.leagueoflegends.com/cdn/img/champion/splash/Heimerdinger_0.jpg,https://ddragon.leagueoflegends.com/cdn/img/champion/loading/Heimerdinger_0.jpg,UNTESTED,,Seed registry. Enrich from primary Riot bio + official Wiki Universe; do not treat gameplay tags as narrative roles.
char:hwei,Hwei,hwei,Hwei,Ionia,,,,,,C_INDEXED,TRUE,https://www.leagueoflegends.com/en-us/champions/hwei/,https://wiki.leagueoflegends.com/en-us/Universe%3AHwei,https://wiki.leagueoflegends.com/en-us/Template%3AData_Hwei,https://ddragon.leagueoflegends.com/cdn/16.18.1/data/en_US/champion/Hwei.json,https://ddragon.leagueoflegends.com/cdn/16.18.1/img/champion/Hwei.png,https://ddragon.leagueoflegends.com/cdn/img/champion/splash/Hwei_0.jpg,https://ddragon.leagueoflegends.com/cdn/img/champion/loading/Hwei_0.jpg,UNTESTED,,Seed registry. Enrich from primary Riot bio + official Wiki Universe; do not treat gameplay tags as narrative roles.
char:illaoi,Illaoi,illaoi,Illaoi,Bilgewater,,,,,,C_INDEXED,TRUE,https://www.leagueoflegends.com/en-us/champions/illaoi/,https://wiki.leagueoflegends.com/en-us/Universe%3AIllaoi,https://wiki.leagueoflegends.com/en-us/Template%3AData_Illaoi,https://ddragon.leagueoflegends.com/cdn/16.18.1/data/en_US/champion/Illaoi.json,https://ddragon.leagueoflegends.com/cdn/16.18.1/img/champion/Illaoi.png,https://ddragon.leagueoflegends.com/cdn/img/champion/splash/Illaoi_0.jpg,https://ddragon.leagueoflegends.com/cdn/img/champion/loading/Illaoi_0.jpg,UNTESTED,,Seed registry. Enrich from primary Riot bio + official Wiki Universe; do not treat gameplay tags as narrative roles.
char:irelia,Irelia,irelia,Irelia,Ionia,,,,,,C_INDEXED,TRUE,https://www.leagueoflegends.com/en-us/champions/irelia/,https://wiki.leagueoflegends.com/en-us/Universe%3AIrelia,https://wiki.leagueoflegends.com/en-us/Template%3AData_Irelia,https://ddragon.leagueoflegends.com/cdn/16.18.1/data/en_US/champion/Irelia.json,https://ddragon.leagueoflegends.com/cdn/16.18.1/img/champion/Irelia.png,https://ddragon.leagueoflegends.com/cdn/img/champion/splash/Irelia_0.jpg,https://ddragon.leagueoflegends.com/cdn/img/champion/loading/Irelia_0.jpg,UNTESTED,,Seed registry. Enrich from primary Riot bio + official Wiki Universe; do not treat gameplay tags as narrative roles.
char:ivern,Ivern,ivern,Ivern,Ionia,,,,,,C_INDEXED,TRUE,https://www.leagueoflegends.com/en-us/champions/ivern/,https://wiki.leagueoflegends.com/en-us/Universe%3AIvern,https://wiki.leagueoflegends.com/en-us/Template%3AData_Ivern,https://ddragon.leagueoflegends.com/cdn/16.18.1/data/en_US/champion/Ivern.json,https://ddragon.leagueoflegends.com/cdn/16.18.1/img/champion/Ivern.png,https://ddragon.leagueoflegends.com/cdn/img/champion/splash/Ivern_0.jpg,https://ddragon.leagueoflegends.com/cdn/img/champion/loading/Ivern_0.jpg,UNTESTED,,Seed registry. Enrich from primary Riot bio + official Wiki Universe; do not treat gameplay tags as narrative roles.
char:janna,Janna,janna,Janna,Zaun,,,,,,C_INDEXED,TRUE,https://www.leagueoflegends.com/en-us/champions/janna/,https://wiki.leagueoflegends.com/en-us/Universe%3AJanna,https://wiki.leagueoflegends.com/en-us/Template%3AData_Janna,https://ddragon.leagueoflegends.com/cdn/16.18.1/data/en_US/champion/Janna.json,https://ddragon.leagueoflegends.com/cdn/16.18.1/img/champion/Janna.png,https://ddragon.leagueoflegends.com/cdn/img/champion/splash/Janna_0.jpg,https://ddragon.leagueoflegends.com/cdn/img/champion/loading/Janna_0.jpg,UNTESTED,,Seed registry. Enrich from primary Riot bio + official Wiki Universe; do not treat gameplay tags as narrative roles.
char:jarvan-iv,Jarvan IV,jarvan-iv,JarvanIV,Demacia,,,,,,C_INDEXED,TRUE,https://www.leagueoflegends.com/en-us/champions/jarvan-iv/,https://wiki.leagueoflegends.com/en-us/Universe%3AJarvan_IV,https://wiki.leagueoflegends.com/en-us/Template%3AData_Jarvan_IV,https://ddragon.leagueoflegends.com/cdn/16.18.1/data/en_US/champion/JarvanIV.json,https://ddragon.leagueoflegends.com/cdn/16.18.1/img/champion/JarvanIV.png,https://ddragon.leagueoflegends.com/cdn/img/champion/splash/JarvanIV_0.jpg,https://ddragon.leagueoflegends.com/cdn/img/champion/loading/JarvanIV_0.jpg,UNTESTED,,Seed registry. Enrich from primary Riot bio + official Wiki Universe; do not treat gameplay tags as narrative roles.
char:jax,Jax,jax,Jax,Icathia / Runeterra,,,,,,C_INDEXED,TRUE,https://www.leagueoflegends.com/en-us/champions/jax/,https://wiki.leagueoflegends.com/en-us/Universe%3AJax,https://wiki.leagueoflegends.com/en-us/Template%3AData_Jax,https://ddragon.leagueoflegends.com/cdn/16.18.1/data/en_US/champion/Jax.json,https://ddragon.leagueoflegends.com/cdn/16.18.1/img/champion/Jax.png,https://ddragon.leagueoflegends.com/cdn/img/champion/splash/Jax_0.jpg,https://ddragon.leagueoflegends.com/cdn/img/champion/loading/Jax_0.jpg,UNTESTED,,Seed registry. Enrich from primary Riot bio + official Wiki Universe; do not treat gameplay tags as narrative roles.
char:jayce,Jayce,jayce,Jayce,Piltover,,,,,,C_INDEXED,TRUE,https://www.leagueoflegends.com/en-us/champions/jayce/,https://wiki.leagueoflegends.com/en-us/Universe%3AJayce,https://wiki.leagueoflegends.com/en-us/Template%3AData_Jayce,https://ddragon.leagueoflegends.com/cdn/16.18.1/data/en_US/champion/Jayce.json,https://ddragon.leagueoflegends.com/cdn/16.18.1/img/champion/Jayce.png,https://ddragon.leagueoflegends.com/cdn/img/champion/splash/Jayce_0.jpg,https://ddragon.leagueoflegends.com/cdn/img/champion/loading/Jayce_0.jpg,UNTESTED,,Seed registry. Enrich from primary Riot bio + official Wiki Universe; do not treat gameplay tags as narrative roles.
char:jhin,Jhin,jhin,Jhin,Ionia,,,,,,C_INDEXED,TRUE,https://www.leagueoflegends.com/en-us/champions/jhin/,https://wiki.leagueoflegends.com/en-us/Universe%3AJhin,https://wiki.leagueoflegends.com/en-us/Template%3AData_Jhin,https://ddragon.leagueoflegends.com/cdn/16.18.1/data/en_US/champion/Jhin.json,https://ddragon.leagueoflegends.com/cdn/16.18.1/img/champion/Jhin.png,https://ddragon.leagueoflegends.com/cdn/img/champion/splash/Jhin_0.jpg,https://ddragon.leagueoflegends.com/cdn/img/champion/loading/Jhin_0.jpg,UNTESTED,,Seed registry. Enrich from primary Riot bio + official Wiki Universe; do not treat gameplay tags as narrative roles.
char:jinx,Jinx,jinx,Jinx,Zaun,,,,,,C_INDEXED,TRUE,https://www.leagueoflegends.com/en-us/champions/jinx/,https://wiki.leagueoflegends.com/en-us/Universe%3AJinx,https://wiki.leagueoflegends.com/en-us/Template%3AData_Jinx,https://ddragon.leagueoflegends.com/cdn/16.18.1/data/en_US/champion/Jinx.json,https://ddragon.leagueoflegends.com/cdn/16.18.1/img/champion/Jinx.png,https://ddragon.leagueoflegends.com/cdn/img/champion/splash/Jinx_0.jpg,https://ddragon.leagueoflegends.com/cdn/img/champion/loading/Jinx_0.jpg,UNTESTED,,Seed registry. Enrich from primary Riot bio + official Wiki Universe; do not treat gameplay tags as narrative roles.
char:k-sante,K'Sante,k-sante,KSante,Shurima,,,,,,C_INDEXED,TRUE,https://www.leagueoflegends.com/en-us/champions/k-sante/,https://wiki.leagueoflegends.com/en-us/Universe%3AK'Sante,https://wiki.leagueoflegends.com/en-us/Template%3AData_K'Sante,https://ddragon.leagueoflegends.com/cdn/16.18.1/data/en_US/champion/KSante.json,https://ddragon.leagueoflegends.com/cdn/16.18.1/img/champion/KSante.png,https://ddragon.leagueoflegends.com/cdn/img/champion/splash/KSante_0.jpg,https://ddragon.leagueoflegends.com/cdn/img/champion/loading/KSante_0.jpg,UNTESTED,,Seed registry. Enrich from primary Riot bio + official Wiki Universe; do not treat gameplay tags as narrative roles.
char:kai-sa,Kai'Sa,kai-sa,Kaisa,Shurima / The Void,,,,,,C_INDEXED,TRUE,https://www.leagueoflegends.com/en-us/champions/kai-sa/,https://wiki.leagueoflegends.com/en-us/Universe%3AKai'Sa,https://wiki.leagueoflegends.com/en-us/Template%3AData_Kai'Sa,https://ddragon.leagueoflegends.com/cdn/16.18.1/data/en_US/champion/Kaisa.json,https://ddragon.leagueoflegends.com/cdn/16.18.1/img/champion/Kaisa.png,https://ddragon.leagueoflegends.com/cdn/img/champion/splash/Kaisa_0.jpg,https://ddragon.leagueoflegends.com/cdn/img/champion/loading/Kaisa_0.jpg,UNTESTED,,Seed registry. Enrich from primary Riot bio + official Wiki Universe; do not treat gameplay tags as narrative roles.
char:kalista,Kalista,kalista,Kalista,Shadow Isles,,,,,,C_INDEXED,TRUE,https://www.leagueoflegends.com/en-us/champions/kalista/,https://wiki.leagueoflegends.com/en-us/Universe%3AKalista,https://wiki.leagueoflegends.com/en-us/Template%3AData_Kalista,https://ddragon.leagueoflegends.com/cdn/16.18.1/data/en_US/champion/Kalista.json,https://ddragon.leagueoflegends.com/cdn/16.18.1/img/champion/Kalista.png,https://ddragon.leagueoflegends.com/cdn/img/champion/splash/Kalista_0.jpg,https://ddragon.leagueoflegends.com/cdn/img/champion/loading/Kalista_0.jpg,UNTESTED,,Seed registry. Enrich from primary Riot bio + official Wiki Universe; do not treat gameplay tags as narrative roles.
char:karma,Karma,karma,Karma,Ionia,,,,,,C_INDEXED,TRUE,https://www.leagueoflegends.com/en-us/champions/karma/,https://wiki.leagueoflegends.com/en-us/Universe%3AKarma,https://wiki.leagueoflegends.com/en-us/Template%3AData_Karma,https://ddragon.leagueoflegends.com/cdn/16.18.1/data/en_US/champion/Karma.json,https://ddragon.leagueoflegends.com/cdn/16.18.1/img/champion/Karma.png,https://ddragon.leagueoflegends.com/cdn/img/champion/splash/Karma_0.jpg,https://ddragon.leagueoflegends.com/cdn/img/champion/loading/Karma_0.jpg,UNTESTED,,Seed registry. Enrich from primary Riot bio + official Wiki Universe; do not treat gameplay tags as narrative roles.
char:karthus,Karthus,karthus,Karthus,Shadow Isles,,,,,,C_INDEXED,TRUE,https://www.leagueoflegends.com/en-us/champions/karthus/,https://wiki.leagueoflegends.com/en-us/Universe%3AKarthus,https://wiki.leagueoflegends.com/en-us/Template%3AData_Karthus,https://ddragon.leagueoflegends.com/cdn/16.18.1/data/en_US/champion/Karthus.json,https://ddragon.leagueoflegends.com/cdn/16.18.1/img/champion/Karthus.png,https://ddragon.leagueoflegends.com/cdn/img/champion/splash/Karthus_0.jpg,https://ddragon.leagueoflegends.com/cdn/img/champion/loading/Karthus_0.jpg,UNTESTED,,Seed registry. Enrich from primary Riot bio + official Wiki Universe; do not treat gameplay tags as narrative roles.
char:kassadin,Kassadin,kassadin,Kassadin,Shurima / The Void,,,,,,C_INDEXED,TRUE,https://www.leagueoflegends.com/en-us/champions/kassadin/,https://wiki.leagueoflegends.com/en-us/Universe%3AKassadin,https://wiki.leagueoflegends.com/en-us/Template%3AData_Kassadin,https://ddragon.leagueoflegends.com/cdn/16.18.1/data/en_US/champion/Kassadin.json,https://ddragon.leagueoflegends.com/cdn/16.18.1/img/champion/Kassadin.png,https://ddragon.leagueoflegends.com/cdn/img/champion/splash/Kassadin_0.jpg,https://ddragon.leagueoflegends.com/cdn/img/champion/loading/Kassadin_0.jpg,UNTESTED,,Seed registry. Enrich from primary Riot bio + official Wiki Universe; do not treat gameplay tags as narrative roles.
char:katarina,Katarina,katarina,Katarina,Noxus,,,,,,C_INDEXED,TRUE,https://www.leagueoflegends.com/en-us/champions/katarina/,https://wiki.leagueoflegends.com/en-us/Universe%3AKatarina,https://wiki.leagueoflegends.com/en-us/Template%3AData_Katarina,https://ddragon.leagueoflegends.com/cdn/16.18.1/data/en_US/champion/Katarina.json,https://ddragon.leagueoflegends.com/cdn/16.18.1/img/champion/Katarina.png,https://ddragon.leagueoflegends.com/cdn/img/champion/splash/Katarina_0.jpg,https://ddragon.leagueoflegends.com/cdn/img/champion/loading/Katarina_0.jpg,UNTESTED,,Seed registry. Enrich from primary Riot bio + official Wiki Universe; do not treat gameplay tags as narrative roles.
char:kayle,Kayle,kayle,Kayle,Demacia / Targon,,,,,,C_INDEXED,TRUE,https://www.leagueoflegends.com/en-us/champions/kayle/,https://wiki.leagueoflegends.com/en-us/Universe%3AKayle,https://wiki.leagueoflegends.com/en-us/Template%3AData_Kayle,https://ddragon.leagueoflegends.com/cdn/16.18.1/data/en_US/champion/Kayle.json,https://ddragon.leagueoflegends.com/cdn/16.18.1/img/champion/Kayle.png,https://ddragon.leagueoflegends.com/cdn/img/champion/splash/Kayle_0.jpg,https://ddragon.leagueoflegends.com/cdn/img/champion/loading/Kayle_0.jpg,UNTESTED,,Seed registry. Enrich from primary Riot bio + official Wiki Universe; do not treat gameplay tags as narrative roles.
char:kayn,Kayn,kayn,Kayn,Ionia / Noxus,,,,,,C_INDEXED,TRUE,https://www.leagueoflegends.com/en-us/champions/kayn/,https://wiki.leagueoflegends.com/en-us/Universe%3AKayn,https://wiki.leagueoflegends.com/en-us/Template%3AData_Kayn,https://ddragon.leagueoflegends.com/cdn/16.18.1/data/en_US/champion/Kayn.json,https://ddragon.leagueoflegends.com/cdn/16.18.1/img/champion/Kayn.png,https://ddragon.leagueoflegends.com/cdn/img/champion/splash/Kayn_0.jpg,https://ddragon.leagueoflegends.com/cdn/img/champion/loading/Kayn_0.jpg,UNTESTED,,Seed registry. Enrich from primary Riot bio + official Wiki Universe; do not treat gameplay tags as narrative roles.
char:kennen,Kennen,kennen,Kennen,Ionia,,,,,,C_INDEXED,TRUE,https://www.leagueoflegends.com/en-us/champions/kennen/,https://wiki.leagueoflegends.com/en-us/Universe%3AKennen,https://wiki.leagueoflegends.com/en-us/Template%3AData_Kennen,https://ddragon.leagueoflegends.com/cdn/16.18.1/data/en_US/champion/Kennen.json,https://ddragon.leagueoflegends.com/cdn/16.18.1/img/champion/Kennen.png,https://ddragon.leagueoflegends.com/cdn/img/champion/splash/Kennen_0.jpg,https://ddragon.leagueoflegends.com/cdn/img/champion/loading/Kennen_0.jpg,UNTESTED,,Seed registry. Enrich from primary Riot bio + official Wiki Universe; do not treat gameplay tags as narrative roles.
char:kha-zix,Kha'Zix,kha-zix,Khazix,The Void,,,,,,C_INDEXED,TRUE,https://www.leagueoflegends.com/en-us/champions/kha-zix/,https://wiki.leagueoflegends.com/en-us/Universe%3AKha'Zix,https://wiki.leagueoflegends.com/en-us/Template%3AData_Kha'Zix,https://ddragon.leagueoflegends.com/cdn/16.18.1/data/en_US/champion/Khazix.json,https://ddragon.leagueoflegends.com/cdn/16.18.1/img/champion/Khazix.png,https://ddragon.leagueoflegends.com/cdn/img/champion/splash/Khazix_0.jpg,https://ddragon.leagueoflegends.com/cdn/img/champion/loading/Khazix_0.jpg,UNTESTED,,Seed registry. Enrich from primary Riot bio + official Wiki Universe; do not treat gameplay tags as narrative roles.
char:kindred,Kindred,kindred,Kindred,Runeterra / Spirit Realm,,,,,,C_INDEXED,TRUE,https://www.leagueoflegends.com/en-us/champions/kindred/,https://wiki.leagueoflegends.com/en-us/Universe%3AKindred,https://wiki.leagueoflegends.com/en-us/Template%3AData_Kindred,https://ddragon.leagueoflegends.com/cdn/16.18.1/data/en_US/champion/Kindred.json,https://ddragon.leagueoflegends.com/cdn/16.18.1/img/champion/Kindred.png,https://ddragon.leagueoflegends.com/cdn/img/champion/splash/Kindred_0.jpg,https://ddragon.leagueoflegends.com/cdn/img/champion/loading/Kindred_0.jpg,UNTESTED,,Seed registry. Enrich from primary Riot bio + official Wiki Universe; do not treat gameplay tags as narrative roles.
char:kled,Kled,kled,Kled,Noxus,,,,,,C_INDEXED,TRUE,https://www.leagueoflegends.com/en-us/champions/kled/,https://wiki.leagueoflegends.com/en-us/Universe%3AKled,https://wiki.leagueoflegends.com/en-us/Template%3AData_Kled,https://ddragon.leagueoflegends.com/cdn/16.18.1/data/en_US/champion/Kled.json,https://ddragon.leagueoflegends.com/cdn/16.18.1/img/champion/Kled.png,https://ddragon.leagueoflegends.com/cdn/img/champion/splash/Kled_0.jpg,https://ddragon.leagueoflegends.com/cdn/img/champion/loading/Kled_0.jpg,UNTESTED,,Seed registry. Enrich from primary Riot bio + official Wiki Universe; do not treat gameplay tags as narrative roles.
char:kog-maw,Kog'Maw,kog-maw,KogMaw,The Void,,,,,,C_INDEXED,TRUE,https://www.leagueoflegends.com/en-us/champions/kog-maw/,https://wiki.leagueoflegends.com/en-us/Universe%3AKog'Maw,https://wiki.leagueoflegends.com/en-us/Template%3AData_Kog'Maw,https://ddragon.leagueoflegends.com/cdn/16.18.1/data/en_US/champion/KogMaw.json,https://ddragon.leagueoflegends.com/cdn/16.18.1/img/champion/KogMaw.png,https://ddragon.leagueoflegends.com/cdn/img/champion/splash/KogMaw_0.jpg,https://ddragon.leagueoflegends.com/cdn/img/champion/loading/KogMaw_0.jpg,UNTESTED,,Seed registry. Enrich from primary Riot bio + official Wiki Universe; do not treat gameplay tags as narrative roles.
char:leblanc,LeBlanc,leblanc,Leblanc,Noxus,,,,,,C_INDEXED,TRUE,https://www.leagueoflegends.com/en-us/champions/leblanc/,https://wiki.leagueoflegends.com/en-us/Universe%3ALeBlanc,https://wiki.leagueoflegends.com/en-us/Template%3AData_LeBlanc,https://ddragon.leagueoflegends.com/cdn/16.18.1/data/en_US/champion/Leblanc.json,https://ddragon.leagueoflegends.com/cdn/16.18.1/img/champion/Leblanc.png,https://ddragon.leagueoflegends.com/cdn/img/champion/splash/Leblanc_0.jpg,https://ddragon.leagueoflegends.com/cdn/img/champion/loading/Leblanc_0.jpg,UNTESTED,,Seed registry. Enrich from primary Riot bio + official Wiki Universe; do not treat gameplay tags as narrative roles.
char:lee-sin,Lee Sin,lee-sin,LeeSin,Ionia,,,,,,C_INDEXED,TRUE,https://www.leagueoflegends.com/en-us/champions/lee-sin/,https://wiki.leagueoflegends.com/en-us/Universe%3ALee_Sin,https://wiki.leagueoflegends.com/en-us/Template%3AData_Lee_Sin,https://ddragon.leagueoflegends.com/cdn/16.18.1/data/en_US/champion/LeeSin.json,https://ddragon.leagueoflegends.com/cdn/16.18.1/img/champion/LeeSin.png,https://ddragon.leagueoflegends.com/cdn/img/champion/splash/LeeSin_0.jpg,https://ddragon.leagueoflegends.com/cdn/img/champion/loading/LeeSin_0.jpg,UNTESTED,,Seed registry. Enrich from primary Riot bio + official Wiki Universe; do not treat gameplay tags as narrative roles.
char:leona,Leona,leona,Leona,Targon,,,,,,C_INDEXED,TRUE,https://www.leagueoflegends.com/en-us/champions/leona/,https://wiki.leagueoflegends.com/en-us/Universe%3ALeona,https://wiki.leagueoflegends.com/en-us/Template%3AData_Leona,https://ddragon.leagueoflegends.com/cdn/16.18.1/data/en_US/champion/Leona.json,https://ddragon.leagueoflegends.com/cdn/16.18.1/img/champion/Leona.png,https://ddragon.leagueoflegends.com/cdn/img/champion/splash/Leona_0.jpg,https://ddragon.leagueoflegends.com/cdn/img/champion/loading/Leona_0.jpg,UNTESTED,,Seed registry. Enrich from primary Riot bio + official Wiki Universe; do not treat gameplay tags as narrative roles.
char:lillia,Lillia,lillia,Lillia,Ionia,,,,,,C_INDEXED,TRUE,https://www.leagueoflegends.com/en-us/champions/lillia/,https://wiki.leagueoflegends.com/en-us/Universe%3ALillia,https://wiki.leagueoflegends.com/en-us/Template%3AData_Lillia,https://ddragon.leagueoflegends.com/cdn/16.18.1/data/en_US/champion/Lillia.json,https://ddragon.leagueoflegends.com/cdn/16.18.1/img/champion/Lillia.png,https://ddragon.leagueoflegends.com/cdn/img/champion/splash/Lillia_0.jpg,https://ddragon.leagueoflegends.com/cdn/img/champion/loading/Lillia_0.jpg,UNTESTED,,Seed registry. Enrich from primary Riot bio + official Wiki Universe; do not treat gameplay tags as narrative roles.
char:lissandra,Lissandra,lissandra,Lissandra,Freljord,,,,,,C_INDEXED,TRUE,https://www.leagueoflegends.com/en-us/champions/lissandra/,https://wiki.leagueoflegends.com/en-us/Universe%3ALissandra,https://wiki.leagueoflegends.com/en-us/Template%3AData_Lissandra,https://ddragon.leagueoflegends.com/cdn/16.18.1/data/en_US/champion/Lissandra.json,https://ddragon.leagueoflegends.com/cdn/16.18.1/img/champion/Lissandra.png,https://ddragon.leagueoflegends.com/cdn/img/champion/splash/Lissandra_0.jpg,https://ddragon.leagueoflegends.com/cdn/img/champion/loading/Lissandra_0.jpg,UNTESTED,,Seed registry. Enrich from primary Riot bio + official Wiki Universe; do not treat gameplay tags as narrative roles.
char:locke,Locke,locke,Locke,Demacia,,,,,,C_INDEXED,TRUE,https://www.leagueoflegends.com/en-us/champions/locke/,https://wiki.leagueoflegends.com/en-us/Universe%3ALocke,https://wiki.leagueoflegends.com/en-us/Template%3AData_Locke,https://ddragon.leagueoflegends.com/cdn/16.18.1/data/en_US/champion/Locke.json,https://ddragon.leagueoflegends.com/cdn/16.18.1/img/champion/Locke.png,https://ddragon.leagueoflegends.com/cdn/img/champion/splash/Locke_0.jpg,https://ddragon.leagueoflegends.com/cdn/img/champion/loading/Locke_0.jpg,TRUE,2026-09-16,Seed registry. Enrich from primary Riot bio + official Wiki Universe; do not treat gameplay tags as narrative roles.
char:lucian,Lucian,lucian,Lucian,Demacia / Shadow Isles,,,,,,C_INDEXED,TRUE,https://www.leagueoflegends.com/en-us/champions/lucian/,https://wiki.leagueoflegends.com/en-us/Universe%3ALucian,https://wiki.leagueoflegends.com/en-us/Template%3AData_Lucian,https://ddragon.leagueoflegends.com/cdn/16.18.1/data/en_US/champion/Lucian.json,https://ddragon.leagueoflegends.com/cdn/16.18.1/img/champion/Lucian.png,https://ddragon.leagueoflegends.com/cdn/img/champion/splash/Lucian_0.jpg,https://ddragon.leagueoflegends.com/cdn/img/champion/loading/Lucian_0.jpg,UNTESTED,,Seed registry. Enrich from primary Riot bio + official Wiki Universe; do not treat gameplay tags as narrative roles.
char:lulu,Lulu,lulu,Lulu,Bandle City,,,,,,C_INDEXED,TRUE,https://www.leagueoflegends.com/en-us/champions/lulu/,https://wiki.leagueoflegends.com/en-us/Universe%3ALulu,https://wiki.leagueoflegends.com/en-us/Template%3AData_Lulu,https://ddragon.leagueoflegends.com/cdn/16.18.1/data/en_US/champion/Lulu.json,https://ddragon.leagueoflegends.com/cdn/16.18.1/img/champion/Lulu.png,https://ddragon.leagueoflegends.com/cdn/img/champion/splash/Lulu_0.jpg,https://ddragon.leagueoflegends.com/cdn/img/champion/loading/Lulu_0.jpg,UNTESTED,,Seed registry. Enrich from primary Riot bio + official Wiki Universe; do not treat gameplay tags as narrative roles.
char:lux,Lux,lux,Lux,Demacia,,,,,,C_INDEXED,TRUE,https://www.leagueoflegends.com/en-us/champions/lux/,https://wiki.leagueoflegends.com/en-us/Universe%3ALux,https://wiki.leagueoflegends.com/en-us/Template%3AData_Lux,https://ddragon.leagueoflegends.com/cdn/16.18.1/data/en_US/champion/Lux.json,https://ddragon.leagueoflegends.com/cdn/16.18.1/img/champion/Lux.png,https://ddragon.leagueoflegends.com/cdn/img/champion/splash/Lux_0.jpg,https://ddragon.leagueoflegends.com/cdn/img/champion/loading/Lux_0.jpg,UNTESTED,,Seed registry. Enrich from primary Riot bio + official Wiki Universe; do not treat gameplay tags as narrative roles.
char:malphite,Malphite,malphite,Malphite,Ixtal / Shurima,,,,,,C_INDEXED,TRUE,https://www.leagueoflegends.com/en-us/champions/malphite/,https://wiki.leagueoflegends.com/en-us/Universe%3AMalphite,https://wiki.leagueoflegends.com/en-us/Template%3AData_Malphite,https://ddragon.leagueoflegends.com/cdn/16.18.1/data/en_US/champion/Malphite.json,https://ddragon.leagueoflegends.com/cdn/16.18.1/img/champion/Malphite.png,https://ddragon.leagueoflegends.com/cdn/img/champion/splash/Malphite_0.jpg,https://ddragon.leagueoflegends.com/cdn/img/champion/loading/Malphite_0.jpg,UNTESTED,,Seed registry. Enrich from primary Riot bio + official Wiki Universe; do not treat gameplay tags as narrative roles.
char:malzahar,Malzahar,malzahar,Malzahar,Shurima / The Void,,,,,,C_INDEXED,TRUE,https://www.leagueoflegends.com/en-us/champions/malzahar/,https://wiki.leagueoflegends.com/en-us/Universe%3AMalzahar,https://wiki.leagueoflegends.com/en-us/Template%3AData_Malzahar,https://ddragon.leagueoflegends.com/cdn/16.18.1/data/en_US/champion/Malzahar.json,https://ddragon.leagueoflegends.com/cdn/16.18.1/img/champion/Malzahar.png,https://ddragon.leagueoflegends.com/cdn/img/champion/splash/Malzahar_0.jpg,https://ddragon.leagueoflegends.com/cdn/img/champion/loading/Malzahar_0.jpg,UNTESTED,,Seed registry. Enrich from primary Riot bio + official Wiki Universe; do not treat gameplay tags as narrative roles.
char:maokai,Maokai,maokai,Maokai,Shadow Isles,,,,,,C_INDEXED,TRUE,https://www.leagueoflegends.com/en-us/champions/maokai/,https://wiki.leagueoflegends.com/en-us/Universe%3AMaokai,https://wiki.leagueoflegends.com/en-us/Template%3AData_Maokai,https://ddragon.leagueoflegends.com/cdn/16.18.1/data/en_US/champion/Maokai.json,https://ddragon.leagueoflegends.com/cdn/16.18.1/img/champion/Maokai.png,https://ddragon.leagueoflegends.com/cdn/img/champion/splash/Maokai_0.jpg,https://ddragon.leagueoflegends.com/cdn/img/champion/loading/Maokai_0.jpg,UNTESTED,,Seed registry. Enrich from primary Riot bio + official Wiki Universe; do not treat gameplay tags as narrative roles.
char:master-yi,Master Yi,master-yi,MasterYi,Ionia,,,,,,C_INDEXED,TRUE,https://www.leagueoflegends.com/en-us/champions/master-yi/,https://wiki.leagueoflegends.com/en-us/Universe%3AMaster_Yi,https://wiki.leagueoflegends.com/en-us/Template%3AData_Master_Yi,https://ddragon.leagueoflegends.com/cdn/16.18.1/data/en_US/champion/MasterYi.json,https://ddragon.leagueoflegends.com/cdn/16.18.1/img/champion/MasterYi.png,https://ddragon.leagueoflegends.com/cdn/img/champion/splash/MasterYi_0.jpg,https://ddragon.leagueoflegends.com/cdn/img/champion/loading/MasterYi_0.jpg,UNTESTED,,Seed registry. Enrich from primary Riot bio + official Wiki Universe; do not treat gameplay tags as narrative roles.
char:mel,Mel,mel,Mel,Noxus / Piltover,,,,,,C_INDEXED,TRUE,https://www.leagueoflegends.com/en-us/champions/mel/,https://wiki.leagueoflegends.com/en-us/Universe%3AMel,https://wiki.leagueoflegends.com/en-us/Template%3AData_Mel,https://ddragon.leagueoflegends.com/cdn/16.18.1/data/en_US/champion/Mel.json,https://ddragon.leagueoflegends.com/cdn/16.18.1/img/champion/Mel.png,https://ddragon.leagueoflegends.com/cdn/img/champion/splash/Mel_0.jpg,https://ddragon.leagueoflegends.com/cdn/img/champion/loading/Mel_0.jpg,UNTESTED,,Seed registry. Enrich from primary Riot bio + official Wiki Universe; do not treat gameplay tags as narrative roles.
char:milio,Milio,milio,Milio,Ixtal,,,,,,C_INDEXED,TRUE,https://www.leagueoflegends.com/en-us/champions/milio/,https://wiki.leagueoflegends.com/en-us/Universe%3AMilio,https://wiki.leagueoflegends.com/en-us/Template%3AData_Milio,https://ddragon.leagueoflegends.com/cdn/16.18.1/data/en_US/champion/Milio.json,https://ddragon.leagueoflegends.com/cdn/16.18.1/img/champion/Milio.png,https://ddragon.leagueoflegends.com/cdn/img/champion/splash/Milio_0.jpg,https://ddragon.leagueoflegends.com/cdn/img/champion/loading/Milio_0.jpg,UNTESTED,,Seed registry. Enrich from primary Riot bio + official Wiki Universe; do not treat gameplay tags as narrative roles.
char:miss-fortune,Miss Fortune,miss-fortune,MissFortune,Bilgewater,,,,,,C_INDEXED,TRUE,https://www.leagueoflegends.com/en-us/champions/miss-fortune/,https://wiki.leagueoflegends.com/en-us/Universe%3AMiss_Fortune,https://wiki.leagueoflegends.com/en-us/Template%3AData_Miss_Fortune,https://ddragon.leagueoflegends.com/cdn/16.18.1/data/en_US/champion/MissFortune.json,https://ddragon.leagueoflegends.com/cdn/16.18.1/img/champion/MissFortune.png,https://ddragon.leagueoflegends.com/cdn/img/champion/splash/MissFortune_0.jpg,https://ddragon.leagueoflegends.com/cdn/img/champion/loading/MissFortune_0.jpg,UNTESTED,,Seed registry. Enrich from primary Riot bio + official Wiki Universe; do not treat gameplay tags as narrative roles.
char:mordekaiser,Mordekaiser,mordekaiser,Mordekaiser,Noxus / Death Realm,,,,,,C_INDEXED,TRUE,https://www.leagueoflegends.com/en-us/champions/mordekaiser/,https://wiki.leagueoflegends.com/en-us/Universe%3AMordekaiser,https://wiki.leagueoflegends.com/en-us/Template%3AData_Mordekaiser,https://ddragon.leagueoflegends.com/cdn/16.18.1/data/en_US/champion/Mordekaiser.json,https://ddragon.leagueoflegends.com/cdn/16.18.1/img/champion/Mordekaiser.png,https://ddragon.leagueoflegends.com/cdn/img/champion/splash/Mordekaiser_0.jpg,https://ddragon.leagueoflegends.com/cdn/img/champion/loading/Mordekaiser_0.jpg,UNTESTED,,Seed registry. Enrich from primary Riot bio + official Wiki Universe; do not treat gameplay tags as narrative roles.
char:morgana,Morgana,morgana,Morgana,Demacia / Targon,,,,,,C_INDEXED,TRUE,https://www.leagueoflegends.com/en-us/champions/morgana/,https://wiki.leagueoflegends.com/en-us/Universe%3AMorgana,https://wiki.leagueoflegends.com/en-us/Template%3AData_Morgana,https://ddragon.leagueoflegends.com/cdn/16.18.1/data/en_US/champion/Morgana.json,https://ddragon.leagueoflegends.com/cdn/16.18.1/img/champion/Morgana.png,https://ddragon.leagueoflegends.com/cdn/img/champion/splash/Morgana_0.jpg,https://ddragon.leagueoflegends.com/cdn/img/champion/loading/Morgana_0.jpg,UNTESTED,,Seed registry. Enrich from primary Riot bio + official Wiki Universe; do not treat gameplay tags as narrative roles.
char:naafiri,Naafiri,naafiri,Naafiri,Shurima,,,,,,C_INDEXED,TRUE,https://www.leagueoflegends.com/en-us/champions/naafiri/,https://wiki.leagueoflegends.com/en-us/Universe%3ANaafiri,https://wiki.leagueoflegends.com/en-us/Template%3AData_Naafiri,https://ddragon.leagueoflegends.com/cdn/16.18.1/data/en_US/champion/Naafiri.json,https://ddragon.leagueoflegends.com/cdn/16.18.1/img/champion/Naafiri.png,https://ddragon.leagueoflegends.com/cdn/img/champion/splash/Naafiri_0.jpg,https://ddragon.leagueoflegends.com/cdn/img/champion/loading/Naafiri_0.jpg,UNTESTED,,Seed registry. Enrich from primary Riot bio + official Wiki Universe; do not treat gameplay tags as narrative roles.
char:nami,Nami,nami,Nami,Targon / Runeterra,,,,,,C_INDEXED,TRUE,https://www.leagueoflegends.com/en-us/champions/nami/,https://wiki.leagueoflegends.com/en-us/Universe%3ANami,https://wiki.leagueoflegends.com/en-us/Template%3AData_Nami,https://ddragon.leagueoflegends.com/cdn/16.18.1/data/en_US/champion/Nami.json,https://ddragon.leagueoflegends.com/cdn/16.18.1/img/champion/Nami.png,https://ddragon.leagueoflegends.com/cdn/img/champion/splash/Nami_0.jpg,https://ddragon.leagueoflegends.com/cdn/img/champion/loading/Nami_0.jpg,UNTESTED,,Seed registry. Enrich from primary Riot bio + official Wiki Universe; do not treat gameplay tags as narrative roles.
char:nasus,Nasus,nasus,Nasus,Shurima,,,,,,C_INDEXED,TRUE,https://www.leagueoflegends.com/en-us/champions/nasus/,https://wiki.leagueoflegends.com/en-us/Universe%3ANasus,https://wiki.leagueoflegends.com/en-us/Template%3AData_Nasus,https://ddragon.leagueoflegends.com/cdn/16.18.1/data/en_US/champion/Nasus.json,https://ddragon.leagueoflegends.com/cdn/16.18.1/img/champion/Nasus.png,https://ddragon.leagueoflegends.com/cdn/img/champion/splash/Nasus_0.jpg,https://ddragon.leagueoflegends.com/cdn/img/champion/loading/Nasus_0.jpg,UNTESTED,,Seed registry. Enrich from primary Riot bio + official Wiki Universe; do not treat gameplay tags as narrative roles.
char:nautilus,Nautilus,nautilus,Nautilus,Bilgewater,,,,,,C_INDEXED,TRUE,https://www.leagueoflegends.com/en-us/champions/nautilus/,https://wiki.leagueoflegends.com/en-us/Universe%3ANautilus,https://wiki.leagueoflegends.com/en-us/Template%3AData_Nautilus,https://ddragon.leagueoflegends.com/cdn/16.18.1/data/en_US/champion/Nautilus.json,https://ddragon.leagueoflegends.com/cdn/16.18.1/img/champion/Nautilus.png,https://ddragon.leagueoflegends.com/cdn/img/champion/splash/Nautilus_0.jpg,https://ddragon.leagueoflegends.com/cdn/img/champion/loading/Nautilus_0.jpg,UNTESTED,,Seed registry. Enrich from primary Riot bio + official Wiki Universe; do not treat gameplay tags as narrative roles.
char:neeko,Neeko,neeko,Neeko,Ixtal,,,,,,C_INDEXED,TRUE,https://www.leagueoflegends.com/en-us/champions/neeko/,https://wiki.leagueoflegends.com/en-us/Universe%3ANeeko,https://wiki.leagueoflegends.com/en-us/Template%3AData_Neeko,https://ddragon.leagueoflegends.com/cdn/16.18.1/data/en_US/champion/Neeko.json,https://ddragon.leagueoflegends.com/cdn/16.18.1/img/champion/Neeko.png,https://ddragon.leagueoflegends.com/cdn/img/champion/splash/Neeko_0.jpg,https://ddragon.leagueoflegends.com/cdn/img/champion/loading/Neeko_0.jpg,UNTESTED,,Seed registry. Enrich from primary Riot bio + official Wiki Universe; do not treat gameplay tags as narrative roles.
char:nidalee,Nidalee,nidalee,Nidalee,Ixtal,,,,,,C_INDEXED,TRUE,https://www.leagueoflegends.com/en-us/champions/nidalee/,https://wiki.leagueoflegends.com/en-us/Universe%3ANidalee,https://wiki.leagueoflegends.com/en-us/Template%3AData_Nidalee,https://ddragon.leagueoflegends.com/cdn/16.18.1/data/en_US/champion/Nidalee.json,https://ddragon.leagueoflegends.com/cdn/16.18.1/img/champion/Nidalee.png,https://ddragon.leagueoflegends.com/cdn/img/champion/splash/Nidalee_0.jpg,https://ddragon.leagueoflegends.com/cdn/img/champion/loading/Nidalee_0.jpg,UNTESTED,,Seed registry. Enrich from primary Riot bio + official Wiki Universe; do not treat gameplay tags as narrative roles.
char:nilah,Nilah,nilah,Nilah,Bilgewater / Kathkan,,,,,,C_INDEXED,TRUE,https://www.leagueoflegends.com/en-us/champions/nilah/,https://wiki.leagueoflegends.com/en-us/Universe%3ANilah,https://wiki.leagueoflegends.com/en-us/Template%3AData_Nilah,https://ddragon.leagueoflegends.com/cdn/16.18.1/data/en_US/champion/Nilah.json,https://ddragon.leagueoflegends.com/cdn/16.18.1/img/champion/Nilah.png,https://ddragon.leagueoflegends.com/cdn/img/champion/splash/Nilah_0.jpg,https://ddragon.leagueoflegends.com/cdn/img/champion/loading/Nilah_0.jpg,UNTESTED,,Seed registry. Enrich from primary Riot bio + official Wiki Universe; do not treat gameplay tags as narrative roles.
char:nocturne,Nocturne,nocturne,Nocturne,Runeterra / Spirit Realm,,,,,,C_INDEXED,TRUE,https://www.leagueoflegends.com/en-us/champions/nocturne/,https://wiki.leagueoflegends.com/en-us/Universe%3ANocturne,https://wiki.leagueoflegends.com/en-us/Template%3AData_Nocturne,https://ddragon.leagueoflegends.com/cdn/16.18.1/data/en_US/champion/Nocturne.json,https://ddragon.leagueoflegends.com/cdn/16.18.1/img/champion/Nocturne.png,https://ddragon.leagueoflegends.com/cdn/img/champion/splash/Nocturne_0.jpg,https://ddragon.leagueoflegends.com/cdn/img/champion/loading/Nocturne_0.jpg,UNTESTED,,Seed registry. Enrich from primary Riot bio + official Wiki Universe; do not treat gameplay tags as narrative roles.
char:nunu,Nunu & Willump,nunu,Nunu,Freljord,,,,,,C_INDEXED,TRUE,https://www.leagueoflegends.com/en-us/champions/nunu/,https://wiki.leagueoflegends.com/en-us/Universe%3ANunu_%26_Willump,https://wiki.leagueoflegends.com/en-us/Template%3AData_Nunu_%26_Willump,https://ddragon.leagueoflegends.com/cdn/16.18.1/data/en_US/champion/Nunu.json,https://ddragon.leagueoflegends.com/cdn/16.18.1/img/champion/Nunu.png,https://ddragon.leagueoflegends.com/cdn/img/champion/splash/Nunu_0.jpg,https://ddragon.leagueoflegends.com/cdn/img/champion/loading/Nunu_0.jpg,UNTESTED,,Seed registry. Enrich from primary Riot bio + official Wiki Universe; do not treat gameplay tags as narrative roles.
char:olaf,Olaf,olaf,Olaf,Freljord,,,,,,C_INDEXED,TRUE,https://www.leagueoflegends.com/en-us/champions/olaf/,https://wiki.leagueoflegends.com/en-us/Universe%3AOlaf,https://wiki.leagueoflegends.com/en-us/Template%3AData_Olaf,https://ddragon.leagueoflegends.com/cdn/16.18.1/data/en_US/champion/Olaf.json,https://ddragon.leagueoflegends.com/cdn/16.18.1/img/champion/Olaf.png,https://ddragon.leagueoflegends.com/cdn/img/champion/splash/Olaf_0.jpg,https://ddragon.leagueoflegends.com/cdn/img/champion/loading/Olaf_0.jpg,UNTESTED,,Seed registry. Enrich from primary Riot bio + official Wiki Universe; do not treat gameplay tags as narrative roles.
char:orianna,Orianna,orianna,Orianna,Piltover / Zaun,,,,,,C_INDEXED,TRUE,https://www.leagueoflegends.com/en-us/champions/orianna/,https://wiki.leagueoflegends.com/en-us/Universe%3AOrianna,https://wiki.leagueoflegends.com/en-us/Template%3AData_Orianna,https://ddragon.leagueoflegends.com/cdn/16.18.1/data/en_US/champion/Orianna.json,https://ddragon.leagueoflegends.com/cdn/16.18.1/img/champion/Orianna.png,https://ddragon.leagueoflegends.com/cdn/img/champion/splash/Orianna_0.jpg,https://ddragon.leagueoflegends.com/cdn/img/champion/loading/Orianna_0.jpg,UNTESTED,,Seed registry. Enrich from primary Riot bio + official Wiki Universe; do not treat gameplay tags as narrative roles.
char:ornn,Ornn,ornn,Ornn,Freljord,,,,,,C_INDEXED,TRUE,https://www.leagueoflegends.com/en-us/champions/ornn/,https://wiki.leagueoflegends.com/en-us/Universe%3AOrnn,https://wiki.leagueoflegends.com/en-us/Template%3AData_Ornn,https://ddragon.leagueoflegends.com/cdn/16.18.1/data/en_US/champion/Ornn.json,https://ddragon.leagueoflegends.com/cdn/16.18.1/img/champion/Ornn.png,https://ddragon.leagueoflegends.com/cdn/img/champion/splash/Ornn_0.jpg,https://ddragon.leagueoflegends.com/cdn/img/champion/loading/Ornn_0.jpg,UNTESTED,,Seed registry. Enrich from primary Riot bio + official Wiki Universe; do not treat gameplay tags as narrative roles.
char:pantheon,Pantheon,pantheon,Pantheon,Targon,,,,,,C_INDEXED,TRUE,https://www.leagueoflegends.com/en-us/champions/pantheon/,https://wiki.leagueoflegends.com/en-us/Universe%3APantheon,https://wiki.leagueoflegends.com/en-us/Template%3AData_Pantheon,https://ddragon.leagueoflegends.com/cdn/16.18.1/data/en_US/champion/Pantheon.json,https://ddragon.leagueoflegends.com/cdn/16.18.1/img/champion/Pantheon.png,https://ddragon.leagueoflegends.com/cdn/img/champion/splash/Pantheon_0.jpg,https://ddragon.leagueoflegends.com/cdn/img/champion/loading/Pantheon_0.jpg,UNTESTED,,Seed registry. Enrich from primary Riot bio + official Wiki Universe; do not treat gameplay tags as narrative roles.
char:poppy,Poppy,poppy,Poppy,Demacia,,,,,,C_INDEXED,TRUE,https://www.leagueoflegends.com/en-us/champions/poppy/,https://wiki.leagueoflegends.com/en-us/Universe%3APoppy,https://wiki.leagueoflegends.com/en-us/Template%3AData_Poppy,https://ddragon.leagueoflegends.com/cdn/16.18.1/data/en_US/champion/Poppy.json,https://ddragon.leagueoflegends.com/cdn/16.18.1/img/champion/Poppy.png,https://ddragon.leagueoflegends.com/cdn/img/champion/splash/Poppy_0.jpg,https://ddragon.leagueoflegends.com/cdn/img/champion/loading/Poppy_0.jpg,UNTESTED,,Seed registry. Enrich from primary Riot bio + official Wiki Universe; do not treat gameplay tags as narrative roles.
char:pyke,Pyke,pyke,Pyke,Bilgewater,,,,,,C_INDEXED,TRUE,https://www.leagueoflegends.com/en-us/champions/pyke/,https://wiki.leagueoflegends.com/en-us/Universe%3APyke,https://wiki.leagueoflegends.com/en-us/Template%3AData_Pyke,https://ddragon.leagueoflegends.com/cdn/16.18.1/data/en_US/champion/Pyke.json,https://ddragon.leagueoflegends.com/cdn/16.18.1/img/champion/Pyke.png,https://ddragon.leagueoflegends.com/cdn/img/champion/splash/Pyke_0.jpg,https://ddragon.leagueoflegends.com/cdn/img/champion/loading/Pyke_0.jpg,UNTESTED,,Seed registry. Enrich from primary Riot bio + official Wiki Universe; do not treat gameplay tags as narrative roles.
char:qiyana,Qiyana,qiyana,Qiyana,Ixtal,,,,,,C_INDEXED,TRUE,https://www.leagueoflegends.com/en-us/champions/qiyana/,https://wiki.leagueoflegends.com/en-us/Universe%3AQiyana,https://wiki.leagueoflegends.com/en-us/Template%3AData_Qiyana,https://ddragon.leagueoflegends.com/cdn/16.18.1/data/en_US/champion/Qiyana.json,https://ddragon.leagueoflegends.com/cdn/16.18.1/img/champion/Qiyana.png,https://ddragon.leagueoflegends.com/cdn/img/champion/splash/Qiyana_0.jpg,https://ddragon.leagueoflegends.com/cdn/img/champion/loading/Qiyana_0.jpg,UNTESTED,,Seed registry. Enrich from primary Riot bio + official Wiki Universe; do not treat gameplay tags as narrative roles.
char:quinn,Quinn,quinn,Quinn,Demacia,,,,,,C_INDEXED,TRUE,https://www.leagueoflegends.com/en-us/champions/quinn/,https://wiki.leagueoflegends.com/en-us/Universe%3AQuinn,https://wiki.leagueoflegends.com/en-us/Template%3AData_Quinn,https://ddragon.leagueoflegends.com/cdn/16.18.1/data/en_US/champion/Quinn.json,https://ddragon.leagueoflegends.com/cdn/16.18.1/img/champion/Quinn.png,https://ddragon.leagueoflegends.com/cdn/img/champion/splash/Quinn_0.jpg,https://ddragon.leagueoflegends.com/cdn/img/champion/loading/Quinn_0.jpg,UNTESTED,,Seed registry. Enrich from primary Riot bio + official Wiki Universe; do not treat gameplay tags as narrative roles.
char:rakan,Rakan,rakan,Rakan,Ionia,,,,,,C_INDEXED,TRUE,https://www.leagueoflegends.com/en-us/champions/rakan/,https://wiki.leagueoflegends.com/en-us/Universe%3ARakan,https://wiki.leagueoflegends.com/en-us/Template%3AData_Rakan,https://ddragon.leagueoflegends.com/cdn/16.18.1/data/en_US/champion/Rakan.json,https://ddragon.leagueoflegends.com/cdn/16.18.1/img/champion/Rakan.png,https://ddragon.leagueoflegends.com/cdn/img/champion/splash/Rakan_0.jpg,https://ddragon.leagueoflegends.com/cdn/img/champion/loading/Rakan_0.jpg,UNTESTED,,Seed registry. Enrich from primary Riot bio + official Wiki Universe; do not treat gameplay tags as narrative roles.
char:rammus,Rammus,rammus,Rammus,Shurima,,,,,,C_INDEXED,TRUE,https://www.leagueoflegends.com/en-us/champions/rammus/,https://wiki.leagueoflegends.com/en-us/Universe%3ARammus,https://wiki.leagueoflegends.com/en-us/Template%3AData_Rammus,https://ddragon.leagueoflegends.com/cdn/16.18.1/data/en_US/champion/Rammus.json,https://ddragon.leagueoflegends.com/cdn/16.18.1/img/champion/Rammus.png,https://ddragon.leagueoflegends.com/cdn/img/champion/splash/Rammus_0.jpg,https://ddragon.leagueoflegends.com/cdn/img/champion/loading/Rammus_0.jpg,UNTESTED,,Seed registry. Enrich from primary Riot bio + official Wiki Universe; do not treat gameplay tags as narrative roles.
char:rek-sai,Rek'Sai,rek-sai,RekSai,Shurima / The Void,,,,,,C_INDEXED,TRUE,https://www.leagueoflegends.com/en-us/champions/rek-sai/,https://wiki.leagueoflegends.com/en-us/Universe%3ARek'Sai,https://wiki.leagueoflegends.com/en-us/Template%3AData_Rek'Sai,https://ddragon.leagueoflegends.com/cdn/16.18.1/data/en_US/champion/RekSai.json,https://ddragon.leagueoflegends.com/cdn/16.18.1/img/champion/RekSai.png,https://ddragon.leagueoflegends.com/cdn/img/champion/splash/RekSai_0.jpg,https://ddragon.leagueoflegends.com/cdn/img/champion/loading/RekSai_0.jpg,UNTESTED,,Seed registry. Enrich from primary Riot bio + official Wiki Universe; do not treat gameplay tags as narrative roles.
char:rell,Rell,rell,Rell,Noxus,,,,,,C_INDEXED,TRUE,https://www.leagueoflegends.com/en-us/champions/rell/,https://wiki.leagueoflegends.com/en-us/Universe%3ARell,https://wiki.leagueoflegends.com/en-us/Template%3AData_Rell,https://ddragon.leagueoflegends.com/cdn/16.18.1/data/en_US/champion/Rell.json,https://ddragon.leagueoflegends.com/cdn/16.18.1/img/champion/Rell.png,https://ddragon.leagueoflegends.com/cdn/img/champion/splash/Rell_0.jpg,https://ddragon.leagueoflegends.com/cdn/img/champion/loading/Rell_0.jpg,UNTESTED,,Seed registry. Enrich from primary Riot bio + official Wiki Universe; do not treat gameplay tags as narrative roles.
char:renata-glasc,Renata Glasc,renata-glasc,Renata,Zaun,,,,,,C_INDEXED,TRUE,https://www.leagueoflegends.com/en-us/champions/renata-glasc/,https://wiki.leagueoflegends.com/en-us/Universe%3ARenata_Glasc,https://wiki.leagueoflegends.com/en-us/Template%3AData_Renata_Glasc,https://ddragon.leagueoflegends.com/cdn/16.18.1/data/en_US/champion/Renata.json,https://ddragon.leagueoflegends.com/cdn/16.18.1/img/champion/Renata.png,https://ddragon.leagueoflegends.com/cdn/img/champion/splash/Renata_0.jpg,https://ddragon.leagueoflegends.com/cdn/img/champion/loading/Renata_0.jpg,UNTESTED,,Seed registry. Enrich from primary Riot bio + official Wiki Universe; do not treat gameplay tags as narrative roles.
char:renekton,Renekton,renekton,Renekton,Shurima,,,,,,C_INDEXED,TRUE,https://www.leagueoflegends.com/en-us/champions/renekton/,https://wiki.leagueoflegends.com/en-us/Universe%3ARenekton,https://wiki.leagueoflegends.com/en-us/Template%3AData_Renekton,https://ddragon.leagueoflegends.com/cdn/16.18.1/data/en_US/champion/Renekton.json,https://ddragon.leagueoflegends.com/cdn/16.18.1/img/champion/Renekton.png,https://ddragon.leagueoflegends.com/cdn/img/champion/splash/Renekton_0.jpg,https://ddragon.leagueoflegends.com/cdn/img/champion/loading/Renekton_0.jpg,UNTESTED,,Seed registry. Enrich from primary Riot bio + official Wiki Universe; do not treat gameplay tags as narrative roles.
char:rengar,Rengar,rengar,Rengar,Ixtal,,,,,,C_INDEXED,TRUE,https://www.leagueoflegends.com/en-us/champions/rengar/,https://wiki.leagueoflegends.com/en-us/Universe%3ARengar,https://wiki.leagueoflegends.com/en-us/Template%3AData_Rengar,https://ddragon.leagueoflegends.com/cdn/16.18.1/data/en_US/champion/Rengar.json,https://ddragon.leagueoflegends.com/cdn/16.18.1/img/champion/Rengar.png,https://ddragon.leagueoflegends.com/cdn/img/champion/splash/Rengar_0.jpg,https://ddragon.leagueoflegends.com/cdn/img/champion/loading/Rengar_0.jpg,UNTESTED,,Seed registry. Enrich from primary Riot bio + official Wiki Universe; do not treat gameplay tags as narrative roles.
char:riven,Riven,riven,Riven,Noxus / Ionia,,,,,,C_INDEXED,TRUE,https://www.leagueoflegends.com/en-us/champions/riven/,https://wiki.leagueoflegends.com/en-us/Universe%3ARiven,https://wiki.leagueoflegends.com/en-us/Template%3AData_Riven,https://ddragon.leagueoflegends.com/cdn/16.18.1/data/en_US/champion/Riven.json,https://ddragon.leagueoflegends.com/cdn/16.18.1/img/champion/Riven.png,https://ddragon.leagueoflegends.com/cdn/img/champion/splash/Riven_0.jpg,https://ddragon.leagueoflegends.com/cdn/img/champion/loading/Riven_0.jpg,UNTESTED,,Seed registry. Enrich from primary Riot bio + official Wiki Universe; do not treat gameplay tags as narrative roles.
char:rumble,Rumble,rumble,Rumble,Bandle City,,,,,,C_INDEXED,TRUE,https://www.leagueoflegends.com/en-us/champions/rumble/,https://wiki.leagueoflegends.com/en-us/Universe%3ARumble,https://wiki.leagueoflegends.com/en-us/Template%3AData_Rumble,https://ddragon.leagueoflegends.com/cdn/16.18.1/data/en_US/champion/Rumble.json,https://ddragon.leagueoflegends.com/cdn/16.18.1/img/champion/Rumble.png,https://ddragon.leagueoflegends.com/cdn/img/champion/splash/Rumble_0.jpg,https://ddragon.leagueoflegends.com/cdn/img/champion/loading/Rumble_0.jpg,UNTESTED,,Seed registry. Enrich from primary Riot bio + official Wiki Universe; do not treat gameplay tags as narrative roles.
char:ryze,Ryze,ryze,Ryze,Runeterra,,,,,,C_INDEXED,TRUE,https://www.leagueoflegends.com/en-us/champions/ryze/,https://wiki.leagueoflegends.com/en-us/Universe%3ARyze,https://wiki.leagueoflegends.com/en-us/Template%3AData_Ryze,https://ddragon.leagueoflegends.com/cdn/16.18.1/data/en_US/champion/Ryze.json,https://ddragon.leagueoflegends.com/cdn/16.18.1/img/champion/Ryze.png,https://ddragon.leagueoflegends.com/cdn/img/champion/splash/Ryze_0.jpg,https://ddragon.leagueoflegends.com/cdn/img/champion/loading/Ryze_0.jpg,UNTESTED,,Seed registry. Enrich from primary Riot bio + official Wiki Universe; do not treat gameplay tags as narrative roles.
char:samira,Samira,samira,Samira,Noxus / Shurima,,,,,,C_INDEXED,TRUE,https://www.leagueoflegends.com/en-us/champions/samira/,https://wiki.leagueoflegends.com/en-us/Universe%3ASamira,https://wiki.leagueoflegends.com/en-us/Template%3AData_Samira,https://ddragon.leagueoflegends.com/cdn/16.18.1/data/en_US/champion/Samira.json,https://ddragon.leagueoflegends.com/cdn/16.18.1/img/champion/Samira.png,https://ddragon.leagueoflegends.com/cdn/img/champion/splash/Samira_0.jpg,https://ddragon.leagueoflegends.com/cdn/img/champion/loading/Samira_0.jpg,UNTESTED,,Seed registry. Enrich from primary Riot bio + official Wiki Universe; do not treat gameplay tags as narrative roles.
char:sejuani,Sejuani,sejuani,Sejuani,Freljord,,,,,,C_INDEXED,TRUE,https://www.leagueoflegends.com/en-us/champions/sejuani/,https://wiki.leagueoflegends.com/en-us/Universe%3ASejuani,https://wiki.leagueoflegends.com/en-us/Template%3AData_Sejuani,https://ddragon.leagueoflegends.com/cdn/16.18.1/data/en_US/champion/Sejuani.json,https://ddragon.leagueoflegends.com/cdn/16.18.1/img/champion/Sejuani.png,https://ddragon.leagueoflegends.com/cdn/img/champion/splash/Sejuani_0.jpg,https://ddragon.leagueoflegends.com/cdn/img/champion/loading/Sejuani_0.jpg,UNTESTED,,Seed registry. Enrich from primary Riot bio + official Wiki Universe; do not treat gameplay tags as narrative roles.
char:senna,Senna,senna,Senna,Demacia / Shadow Isles,,,,,,C_INDEXED,TRUE,https://www.leagueoflegends.com/en-us/champions/senna/,https://wiki.leagueoflegends.com/en-us/Universe%3ASenna,https://wiki.leagueoflegends.com/en-us/Template%3AData_Senna,https://ddragon.leagueoflegends.com/cdn/16.18.1/data/en_US/champion/Senna.json,https://ddragon.leagueoflegends.com/cdn/16.18.1/img/champion/Senna.png,https://ddragon.leagueoflegends.com/cdn/img/champion/splash/Senna_0.jpg,https://ddragon.leagueoflegends.com/cdn/img/champion/loading/Senna_0.jpg,UNTESTED,,Seed registry. Enrich from primary Riot bio + official Wiki Universe; do not treat gameplay tags as narrative roles.
char:seraphine,Seraphine,seraphine,Seraphine,Piltover / Zaun,,,,,,C_INDEXED,TRUE,https://www.leagueoflegends.com/en-us/champions/seraphine/,https://wiki.leagueoflegends.com/en-us/Universe%3ASeraphine,https://wiki.leagueoflegends.com/en-us/Template%3AData_Seraphine,https://ddragon.leagueoflegends.com/cdn/16.18.1/data/en_US/champion/Seraphine.json,https://ddragon.leagueoflegends.com/cdn/16.18.1/img/champion/Seraphine.png,https://ddragon.leagueoflegends.com/cdn/img/champion/splash/Seraphine_0.jpg,https://ddragon.leagueoflegends.com/cdn/img/champion/loading/Seraphine_0.jpg,UNTESTED,,Seed registry. Enrich from primary Riot bio + official Wiki Universe; do not treat gameplay tags as narrative roles.
char:sett,Sett,sett,Sett,Ionia,,,,,,C_INDEXED,TRUE,https://www.leagueoflegends.com/en-us/champions/sett/,https://wiki.leagueoflegends.com/en-us/Universe%3ASett,https://wiki.leagueoflegends.com/en-us/Template%3AData_Sett,https://ddragon.leagueoflegends.com/cdn/16.18.1/data/en_US/champion/Sett.json,https://ddragon.leagueoflegends.com/cdn/16.18.1/img/champion/Sett.png,https://ddragon.leagueoflegends.com/cdn/img/champion/splash/Sett_0.jpg,https://ddragon.leagueoflegends.com/cdn/img/champion/loading/Sett_0.jpg,UNTESTED,,Seed registry. Enrich from primary Riot bio + official Wiki Universe; do not treat gameplay tags as narrative roles.
char:shaco,Shaco,shaco,Shaco,Unknown,,,,,,C_INDEXED,TRUE,https://www.leagueoflegends.com/en-us/champions/shaco/,https://wiki.leagueoflegends.com/en-us/Universe%3AShaco,https://wiki.leagueoflegends.com/en-us/Template%3AData_Shaco,https://ddragon.leagueoflegends.com/cdn/16.18.1/data/en_US/champion/Shaco.json,https://ddragon.leagueoflegends.com/cdn/16.18.1/img/champion/Shaco.png,https://ddragon.leagueoflegends.com/cdn/img/champion/splash/Shaco_0.jpg,https://ddragon.leagueoflegends.com/cdn/img/champion/loading/Shaco_0.jpg,UNTESTED,,Seed registry. Enrich from primary Riot bio + official Wiki Universe; do not treat gameplay tags as narrative roles.
char:shen,Shen,shen,Shen,Ionia,,,,,,C_INDEXED,TRUE,https://www.leagueoflegends.com/en-us/champions/shen/,https://wiki.leagueoflegends.com/en-us/Universe%3AShen,https://wiki.leagueoflegends.com/en-us/Template%3AData_Shen,https://ddragon.leagueoflegends.com/cdn/16.18.1/data/en_US/champion/Shen.json,https://ddragon.leagueoflegends.com/cdn/16.18.1/img/champion/Shen.png,https://ddragon.leagueoflegends.com/cdn/img/champion/splash/Shen_0.jpg,https://ddragon.leagueoflegends.com/cdn/img/champion/loading/Shen_0.jpg,UNTESTED,,Seed registry. Enrich from primary Riot bio + official Wiki Universe; do not treat gameplay tags as narrative roles.
char:shyvana,Shyvana,shyvana,Shyvana,Demacia,,,,,,C_INDEXED,TRUE,https://www.leagueoflegends.com/en-us/champions/shyvana/,https://wiki.leagueoflegends.com/en-us/Universe%3AShyvana,https://wiki.leagueoflegends.com/en-us/Template%3AData_Shyvana,https://ddragon.leagueoflegends.com/cdn/16.18.1/data/en_US/champion/Shyvana.json,https://ddragon.leagueoflegends.com/cdn/16.18.1/img/champion/Shyvana.png,https://ddragon.leagueoflegends.com/cdn/img/champion/splash/Shyvana_0.jpg,https://ddragon.leagueoflegends.com/cdn/img/champion/loading/Shyvana_0.jpg,UNTESTED,,Seed registry. Enrich from primary Riot bio + official Wiki Universe; do not treat gameplay tags as narrative roles.
char:singed,Singed,singed,Singed,Zaun,,,,,,C_INDEXED,TRUE,https://www.leagueoflegends.com/en-us/champions/singed/,https://wiki.leagueoflegends.com/en-us/Universe%3ASinged,https://wiki.leagueoflegends.com/en-us/Template%3AData_Singed,https://ddragon.leagueoflegends.com/cdn/16.18.1/data/en_US/champion/Singed.json,https://ddragon.leagueoflegends.com/cdn/16.18.1/img/champion/Singed.png,https://ddragon.leagueoflegends.com/cdn/img/champion/splash/Singed_0.jpg,https://ddragon.leagueoflegends.com/cdn/img/champion/loading/Singed_0.jpg,UNTESTED,,Seed registry. Enrich from primary Riot bio + official Wiki Universe; do not treat gameplay tags as narrative roles.
char:sion,Sion,sion,Sion,Noxus,,,,,,C_INDEXED,TRUE,https://www.leagueoflegends.com/en-us/champions/sion/,https://wiki.leagueoflegends.com/en-us/Universe%3ASion,https://wiki.leagueoflegends.com/en-us/Template%3AData_Sion,https://ddragon.leagueoflegends.com/cdn/16.18.1/data/en_US/champion/Sion.json,https://ddragon.leagueoflegends.com/cdn/16.18.1/img/champion/Sion.png,https://ddragon.leagueoflegends.com/cdn/img/champion/splash/Sion_0.jpg,https://ddragon.leagueoflegends.com/cdn/img/champion/loading/Sion_0.jpg,UNTESTED,,Seed registry. Enrich from primary Riot bio + official Wiki Universe; do not treat gameplay tags as narrative roles.
char:sivir,Sivir,sivir,Sivir,Shurima,,,,,,C_INDEXED,TRUE,https://www.leagueoflegends.com/en-us/champions/sivir/,https://wiki.leagueoflegends.com/en-us/Universe%3ASivir,https://wiki.leagueoflegends.com/en-us/Template%3AData_Sivir,https://ddragon.leagueoflegends.com/cdn/16.18.1/data/en_US/champion/Sivir.json,https://ddragon.leagueoflegends.com/cdn/16.18.1/img/champion/Sivir.png,https://ddragon.leagueoflegends.com/cdn/img/champion/splash/Sivir_0.jpg,https://ddragon.leagueoflegends.com/cdn/img/champion/loading/Sivir_0.jpg,UNTESTED,,Seed registry. Enrich from primary Riot bio + official Wiki Universe; do not treat gameplay tags as narrative roles.
char:skarner,Skarner,skarner,Skarner,Ixtal,,,,,,C_INDEXED,TRUE,https://www.leagueoflegends.com/en-us/champions/skarner/,https://wiki.leagueoflegends.com/en-us/Universe%3ASkarner,https://wiki.leagueoflegends.com/en-us/Template%3AData_Skarner,https://ddragon.leagueoflegends.com/cdn/16.18.1/data/en_US/champion/Skarner.json,https://ddragon.leagueoflegends.com/cdn/16.18.1/img/champion/Skarner.png,https://ddragon.leagueoflegends.com/cdn/img/champion/splash/Skarner_0.jpg,https://ddragon.leagueoflegends.com/cdn/img/champion/loading/Skarner_0.jpg,UNTESTED,,Seed registry. Enrich from primary Riot bio + official Wiki Universe; do not treat gameplay tags as narrative roles.
char:smolder,Smolder,smolder,Smolder,Camavor / Demacia,,,,,,C_INDEXED,TRUE,https://www.leagueoflegends.com/en-us/champions/smolder/,https://wiki.leagueoflegends.com/en-us/Universe%3ASmolder,https://wiki.leagueoflegends.com/en-us/Template%3AData_Smolder,https://ddragon.leagueoflegends.com/cdn/16.18.1/data/en_US/champion/Smolder.json,https://ddragon.leagueoflegends.com/cdn/16.18.1/img/champion/Smolder.png,https://ddragon.leagueoflegends.com/cdn/img/champion/splash/Smolder_0.jpg,https://ddragon.leagueoflegends.com/cdn/img/champion/loading/Smolder_0.jpg,UNTESTED,,Seed registry. Enrich from primary Riot bio + official Wiki Universe; do not treat gameplay tags as narrative roles.
char:sona,Sona,sona,Sona,Demacia / Ionia,,,,,,C_INDEXED,TRUE,https://www.leagueoflegends.com/en-us/champions/sona/,https://wiki.leagueoflegends.com/en-us/Universe%3ASona,https://wiki.leagueoflegends.com/en-us/Template%3AData_Sona,https://ddragon.leagueoflegends.com/cdn/16.18.1/data/en_US/champion/Sona.json,https://ddragon.leagueoflegends.com/cdn/16.18.1/img/champion/Sona.png,https://ddragon.leagueoflegends.com/cdn/img/champion/splash/Sona_0.jpg,https://ddragon.leagueoflegends.com/cdn/img/champion/loading/Sona_0.jpg,UNTESTED,,Seed registry. Enrich from primary Riot bio + official Wiki Universe; do not treat gameplay tags as narrative roles.
char:soraka,Soraka,soraka,Soraka,Targon,,,,,,C_INDEXED,TRUE,https://www.leagueoflegends.com/en-us/champions/soraka/,https://wiki.leagueoflegends.com/en-us/Universe%3ASoraka,https://wiki.leagueoflegends.com/en-us/Template%3AData_Soraka,https://ddragon.leagueoflegends.com/cdn/16.18.1/data/en_US/champion/Soraka.json,https://ddragon.leagueoflegends.com/cdn/16.18.1/img/champion/Soraka.png,https://ddragon.leagueoflegends.com/cdn/img/champion/splash/Soraka_0.jpg,https://ddragon.leagueoflegends.com/cdn/img/champion/loading/Soraka_0.jpg,UNTESTED,,Seed registry. Enrich from primary Riot bio + official Wiki Universe; do not treat gameplay tags as narrative roles.
char:swain,Swain,swain,Swain,Noxus,,,,,,C_INDEXED,TRUE,https://www.leagueoflegends.com/en-us/champions/swain/,https://wiki.leagueoflegends.com/en-us/Universe%3ASwain,https://wiki.leagueoflegends.com/en-us/Template%3AData_Swain,https://ddragon.leagueoflegends.com/cdn/16.18.1/data/en_US/champion/Swain.json,https://ddragon.leagueoflegends.com/cdn/16.18.1/img/champion/Swain.png,https://ddragon.leagueoflegends.com/cdn/img/champion/splash/Swain_0.jpg,https://ddragon.leagueoflegends.com/cdn/img/champion/loading/Swain_0.jpg,UNTESTED,,Seed registry. Enrich from primary Riot bio + official Wiki Universe; do not treat gameplay tags as narrative roles.
char:sylas,Sylas,sylas,Sylas,Demacia,,,,,,C_INDEXED,TRUE,https://www.leagueoflegends.com/en-us/champions/sylas/,https://wiki.leagueoflegends.com/en-us/Universe%3ASylas,https://wiki.leagueoflegends.com/en-us/Template%3AData_Sylas,https://ddragon.leagueoflegends.com/cdn/16.18.1/data/en_US/champion/Sylas.json,https://ddragon.leagueoflegends.com/cdn/16.18.1/img/champion/Sylas.png,https://ddragon.leagueoflegends.com/cdn/img/champion/splash/Sylas_0.jpg,https://ddragon.leagueoflegends.com/cdn/img/champion/loading/Sylas_0.jpg,UNTESTED,,Seed registry. Enrich from primary Riot bio + official Wiki Universe; do not treat gameplay tags as narrative roles.
char:syndra,Syndra,syndra,Syndra,Ionia,,,,,,C_INDEXED,TRUE,https://www.leagueoflegends.com/en-us/champions/syndra/,https://wiki.leagueoflegends.com/en-us/Universe%3ASyndra,https://wiki.leagueoflegends.com/en-us/Template%3AData_Syndra,https://ddragon.leagueoflegends.com/cdn/16.18.1/data/en_US/champion/Syndra.json,https://ddragon.leagueoflegends.com/cdn/16.18.1/img/champion/Syndra.png,https://ddragon.leagueoflegends.com/cdn/img/champion/splash/Syndra_0.jpg,https://ddragon.leagueoflegends.com/cdn/img/champion/loading/Syndra_0.jpg,UNTESTED,,Seed registry. Enrich from primary Riot bio + official Wiki Universe; do not treat gameplay tags as narrative roles.
char:tahm-kench,Tahm Kench,tahm-kench,TahmKench,Runeterra,,,,,,C_INDEXED,TRUE,https://www.leagueoflegends.com/en-us/champions/tahm-kench/,https://wiki.leagueoflegends.com/en-us/Universe%3ATahm_Kench,https://wiki.leagueoflegends.com/en-us/Template%3AData_Tahm_Kench,https://ddragon.leagueoflegends.com/cdn/16.18.1/data/en_US/champion/TahmKench.json,https://ddragon.leagueoflegends.com/cdn/16.18.1/img/champion/TahmKench.png,https://ddragon.leagueoflegends.com/cdn/img/champion/splash/TahmKench_0.jpg,https://ddragon.leagueoflegends.com/cdn/img/champion/loading/TahmKench_0.jpg,UNTESTED,,Seed registry. Enrich from primary Riot bio + official Wiki Universe; do not treat gameplay tags as narrative roles.
char:taliyah,Taliyah,taliyah,Taliyah,Shurima,,,,,,C_INDEXED,TRUE,https://www.leagueoflegends.com/en-us/champions/taliyah/,https://wiki.leagueoflegends.com/en-us/Universe%3ATaliyah,https://wiki.leagueoflegends.com/en-us/Template%3AData_Taliyah,https://ddragon.leagueoflegends.com/cdn/16.18.1/data/en_US/champion/Taliyah.json,https://ddragon.leagueoflegends.com/cdn/16.18.1/img/champion/Taliyah.png,https://ddragon.leagueoflegends.com/cdn/img/champion/splash/Taliyah_0.jpg,https://ddragon.leagueoflegends.com/cdn/img/champion/loading/Taliyah_0.jpg,UNTESTED,,Seed registry. Enrich from primary Riot bio + official Wiki Universe; do not treat gameplay tags as narrative roles.
char:talon,Talon,talon,Talon,Noxus,,,,,,C_INDEXED,TRUE,https://www.leagueoflegends.com/en-us/champions/talon/,https://wiki.leagueoflegends.com/en-us/Universe%3ATalon,https://wiki.leagueoflegends.com/en-us/Template%3AData_Talon,https://ddragon.leagueoflegends.com/cdn/16.18.1/data/en_US/champion/Talon.json,https://ddragon.leagueoflegends.com/cdn/16.18.1/img/champion/Talon.png,https://ddragon.leagueoflegends.com/cdn/img/champion/splash/Talon_0.jpg,https://ddragon.leagueoflegends.com/cdn/img/champion/loading/Talon_0.jpg,UNTESTED,,Seed registry. Enrich from primary Riot bio + official Wiki Universe; do not treat gameplay tags as narrative roles.
char:taric,Taric,taric,Taric,Targon / Demacia,,,,,,C_INDEXED,TRUE,https://www.leagueoflegends.com/en-us/champions/taric/,https://wiki.leagueoflegends.com/en-us/Universe%3ATaric,https://wiki.leagueoflegends.com/en-us/Template%3AData_Taric,https://ddragon.leagueoflegends.com/cdn/16.18.1/data/en_US/champion/Taric.json,https://ddragon.leagueoflegends.com/cdn/16.18.1/img/champion/Taric.png,https://ddragon.leagueoflegends.com/cdn/img/champion/splash/Taric_0.jpg,https://ddragon.leagueoflegends.com/cdn/img/champion/loading/Taric_0.jpg,UNTESTED,,Seed registry. Enrich from primary Riot bio + official Wiki Universe; do not treat gameplay tags as narrative roles.
char:teemo,Teemo,teemo,Teemo,Bandle City,,,,,,C_INDEXED,TRUE,https://www.leagueoflegends.com/en-us/champions/teemo/,https://wiki.leagueoflegends.com/en-us/Universe%3ATeemo,https://wiki.leagueoflegends.com/en-us/Template%3AData_Teemo,https://ddragon.leagueoflegends.com/cdn/16.18.1/data/en_US/champion/Teemo.json,https://ddragon.leagueoflegends.com/cdn/16.18.1/img/champion/Teemo.png,https://ddragon.leagueoflegends.com/cdn/img/champion/splash/Teemo_0.jpg,https://ddragon.leagueoflegends.com/cdn/img/champion/loading/Teemo_0.jpg,UNTESTED,,Seed registry. Enrich from primary Riot bio + official Wiki Universe; do not treat gameplay tags as narrative roles.
char:thresh,Thresh,thresh,Thresh,Shadow Isles,,,,,,C_INDEXED,TRUE,https://www.leagueoflegends.com/en-us/champions/thresh/,https://wiki.leagueoflegends.com/en-us/Universe%3AThresh,https://wiki.leagueoflegends.com/en-us/Template%3AData_Thresh,https://ddragon.leagueoflegends.com/cdn/16.18.1/data/en_US/champion/Thresh.json,https://ddragon.leagueoflegends.com/cdn/16.18.1/img/champion/Thresh.png,https://ddragon.leagueoflegends.com/cdn/img/champion/splash/Thresh_0.jpg,https://ddragon.leagueoflegends.com/cdn/img/champion/loading/Thresh_0.jpg,UNTESTED,,Seed registry. Enrich from primary Riot bio + official Wiki Universe; do not treat gameplay tags as narrative roles.
char:tristana,Tristana,tristana,Tristana,Bandle City,,,,,,C_INDEXED,TRUE,https://www.leagueoflegends.com/en-us/champions/tristana/,https://wiki.leagueoflegends.com/en-us/Universe%3ATristana,https://wiki.leagueoflegends.com/en-us/Template%3AData_Tristana,https://ddragon.leagueoflegends.com/cdn/16.18.1/data/en_US/champion/Tristana.json,https://ddragon.leagueoflegends.com/cdn/16.18.1/img/champion/Tristana.png,https://ddragon.leagueoflegends.com/cdn/img/champion/splash/Tristana_0.jpg,https://ddragon.leagueoflegends.com/cdn/img/champion/loading/Tristana_0.jpg,UNTESTED,,Seed registry. Enrich from primary Riot bio + official Wiki Universe; do not treat gameplay tags as narrative roles.
char:trundle,Trundle,trundle,Trundle,Freljord,,,,,,C_INDEXED,TRUE,https://www.leagueoflegends.com/en-us/champions/trundle/,https://wiki.leagueoflegends.com/en-us/Universe%3ATrundle,https://wiki.leagueoflegends.com/en-us/Template%3AData_Trundle,https://ddragon.leagueoflegends.com/cdn/16.18.1/data/en_US/champion/Trundle.json,https://ddragon.leagueoflegends.com/cdn/16.18.1/img/champion/Trundle.png,https://ddragon.leagueoflegends.com/cdn/img/champion/splash/Trundle_0.jpg,https://ddragon.leagueoflegends.com/cdn/img/champion/loading/Trundle_0.jpg,UNTESTED,,Seed registry. Enrich from primary Riot bio + official Wiki Universe; do not treat gameplay tags as narrative roles.
char:tryndamere,Tryndamere,tryndamere,Tryndamere,Freljord,,,,,,C_INDEXED,TRUE,https://www.leagueoflegends.com/en-us/champions/tryndamere/,https://wiki.leagueoflegends.com/en-us/Universe%3ATryndamere,https://wiki.leagueoflegends.com/en-us/Template%3AData_Tryndamere,https://ddragon.leagueoflegends.com/cdn/16.18.1/data/en_US/champion/Tryndamere.json,https://ddragon.leagueoflegends.com/cdn/16.18.1/img/champion/Tryndamere.png,https://ddragon.leagueoflegends.com/cdn/img/champion/splash/Tryndamere_0.jpg,https://ddragon.leagueoflegends.com/cdn/img/champion/loading/Tryndamere_0.jpg,UNTESTED,,Seed registry. Enrich from primary Riot bio + official Wiki Universe; do not treat gameplay tags as narrative roles.
char:twisted-fate,Twisted Fate,twisted-fate,TwistedFate,Bilgewater,,,,,,C_INDEXED,TRUE,https://www.leagueoflegends.com/en-us/champions/twisted-fate/,https://wiki.leagueoflegends.com/en-us/Universe%3ATwisted_Fate,https://wiki.leagueoflegends.com/en-us/Template%3AData_Twisted_Fate,https://ddragon.leagueoflegends.com/cdn/16.18.1/data/en_US/champion/TwistedFate.json,https://ddragon.leagueoflegends.com/cdn/16.18.1/img/champion/TwistedFate.png,https://ddragon.leagueoflegends.com/cdn/img/champion/splash/TwistedFate_0.jpg,https://ddragon.leagueoflegends.com/cdn/img/champion/loading/TwistedFate_0.jpg,UNTESTED,,Seed registry. Enrich from primary Riot bio + official Wiki Universe; do not treat gameplay tags as narrative roles.
char:twitch,Twitch,twitch,Twitch,Zaun,,,,,,C_INDEXED,TRUE,https://www.leagueoflegends.com/en-us/champions/twitch/,https://wiki.leagueoflegends.com/en-us/Universe%3ATwitch,https://wiki.leagueoflegends.com/en-us/Template%3AData_Twitch,https://ddragon.leagueoflegends.com/cdn/16.18.1/data/en_US/champion/Twitch.json,https://ddragon.leagueoflegends.com/cdn/16.18.1/img/champion/Twitch.png,https://ddragon.leagueoflegends.com/cdn/img/champion/splash/Twitch_0.jpg,https://ddragon.leagueoflegends.com/cdn/img/champion/loading/Twitch_0.jpg,UNTESTED,,Seed registry. Enrich from primary Riot bio + official Wiki Universe; do not treat gameplay tags as narrative roles.
char:udyr,Udyr,udyr,Udyr,Freljord / Ionia,,,,,,C_INDEXED,TRUE,https://www.leagueoflegends.com/en-us/champions/udyr/,https://wiki.leagueoflegends.com/en-us/Universe%3AUdyr,https://wiki.leagueoflegends.com/en-us/Template%3AData_Udyr,https://ddragon.leagueoflegends.com/cdn/16.18.1/data/en_US/champion/Udyr.json,https://ddragon.leagueoflegends.com/cdn/16.18.1/img/champion/Udyr.png,https://ddragon.leagueoflegends.com/cdn/img/champion/splash/Udyr_0.jpg,https://ddragon.leagueoflegends.com/cdn/img/champion/loading/Udyr_0.jpg,UNTESTED,,Seed registry. Enrich from primary Riot bio + official Wiki Universe; do not treat gameplay tags as narrative roles.
char:urgot,Urgot,urgot,Urgot,Zaun / Noxus,,,,,,C_INDEXED,TRUE,https://www.leagueoflegends.com/en-us/champions/urgot/,https://wiki.leagueoflegends.com/en-us/Universe%3AUrgot,https://wiki.leagueoflegends.com/en-us/Template%3AData_Urgot,https://ddragon.leagueoflegends.com/cdn/16.18.1/data/en_US/champion/Urgot.json,https://ddragon.leagueoflegends.com/cdn/16.18.1/img/champion/Urgot.png,https://ddragon.leagueoflegends.com/cdn/img/champion/splash/Urgot_0.jpg,https://ddragon.leagueoflegends.com/cdn/img/champion/loading/Urgot_0.jpg,UNTESTED,,Seed registry. Enrich from primary Riot bio + official Wiki Universe; do not treat gameplay tags as narrative roles.
char:varus,Varus,varus,Varus,Ionia / Shurima,,,,,,C_INDEXED,TRUE,https://www.leagueoflegends.com/en-us/champions/varus/,https://wiki.leagueoflegends.com/en-us/Universe%3AVarus,https://wiki.leagueoflegends.com/en-us/Template%3AData_Varus,https://ddragon.leagueoflegends.com/cdn/16.18.1/data/en_US/champion/Varus.json,https://ddragon.leagueoflegends.com/cdn/16.18.1/img/champion/Varus.png,https://ddragon.leagueoflegends.com/cdn/img/champion/splash/Varus_0.jpg,https://ddragon.leagueoflegends.com/cdn/img/champion/loading/Varus_0.jpg,UNTESTED,,Seed registry. Enrich from primary Riot bio + official Wiki Universe; do not treat gameplay tags as narrative roles.
char:vayne,Vayne,vayne,Vayne,Demacia,,,,,,C_INDEXED,TRUE,https://www.leagueoflegends.com/en-us/champions/vayne/,https://wiki.leagueoflegends.com/en-us/Universe%3AVayne,https://wiki.leagueoflegends.com/en-us/Template%3AData_Vayne,https://ddragon.leagueoflegends.com/cdn/16.18.1/data/en_US/champion/Vayne.json,https://ddragon.leagueoflegends.com/cdn/16.18.1/img/champion/Vayne.png,https://ddragon.leagueoflegends.com/cdn/img/champion/splash/Vayne_0.jpg,https://ddragon.leagueoflegends.com/cdn/img/champion/loading/Vayne_0.jpg,UNTESTED,,Seed registry. Enrich from primary Riot bio + official Wiki Universe; do not treat gameplay tags as narrative roles.
char:veigar,Veigar,veigar,Veigar,Bandle City / Noxus,,,,,,C_INDEXED,TRUE,https://www.leagueoflegends.com/en-us/champions/veigar/,https://wiki.leagueoflegends.com/en-us/Universe%3AVeigar,https://wiki.leagueoflegends.com/en-us/Template%3AData_Veigar,https://ddragon.leagueoflegends.com/cdn/16.18.1/data/en_US/champion/Veigar.json,https://ddragon.leagueoflegends.com/cdn/16.18.1/img/champion/Veigar.png,https://ddragon.leagueoflegends.com/cdn/img/champion/splash/Veigar_0.jpg,https://ddragon.leagueoflegends.com/cdn/img/champion/loading/Veigar_0.jpg,UNTESTED,,Seed registry. Enrich from primary Riot bio + official Wiki Universe; do not treat gameplay tags as narrative roles.
char:vel-koz,Vel'Koz,vel-koz,Velkoz,The Void,,,,,,C_INDEXED,TRUE,https://www.leagueoflegends.com/en-us/champions/vel-koz/,https://wiki.leagueoflegends.com/en-us/Universe%3AVel'Koz,https://wiki.leagueoflegends.com/en-us/Template%3AData_Vel'Koz,https://ddragon.leagueoflegends.com/cdn/16.18.1/data/en_US/champion/Velkoz.json,https://ddragon.leagueoflegends.com/cdn/16.18.1/img/champion/Velkoz.png,https://ddragon.leagueoflegends.com/cdn/img/champion/splash/Velkoz_0.jpg,https://ddragon.leagueoflegends.com/cdn/img/champion/loading/Velkoz_0.jpg,UNTESTED,,Seed registry. Enrich from primary Riot bio + official Wiki Universe; do not treat gameplay tags as narrative roles.
char:vex,Vex,vex,Vex,Shadow Isles / Bandle City,,,,,,C_INDEXED,TRUE,https://www.leagueoflegends.com/en-us/champions/vex/,https://wiki.leagueoflegends.com/en-us/Universe%3AVex,https://wiki.leagueoflegends.com/en-us/Template%3AData_Vex,https://ddragon.leagueoflegends.com/cdn/16.18.1/data/en_US/champion/Vex.json,https://ddragon.leagueoflegends.com/cdn/16.18.1/img/champion/Vex.png,https://ddragon.leagueoflegends.com/cdn/img/champion/splash/Vex_0.jpg,https://ddragon.leagueoflegends.com/cdn/img/champion/loading/Vex_0.jpg,UNTESTED,,Seed registry. Enrich from primary Riot bio + official Wiki Universe; do not treat gameplay tags as narrative roles.
char:vi,Vi,vi,Vi,Piltover / Zaun,,,,,,C_INDEXED,TRUE,https://www.leagueoflegends.com/en-us/champions/vi/,https://wiki.leagueoflegends.com/en-us/Universe%3AVi,https://wiki.leagueoflegends.com/en-us/Template%3AData_Vi,https://ddragon.leagueoflegends.com/cdn/16.18.1/data/en_US/champion/Vi.json,https://ddragon.leagueoflegends.com/cdn/16.18.1/img/champion/Vi.png,https://ddragon.leagueoflegends.com/cdn/img/champion/splash/Vi_0.jpg,https://ddragon.leagueoflegends.com/cdn/img/champion/loading/Vi_0.jpg,UNTESTED,,Seed registry. Enrich from primary Riot bio + official Wiki Universe; do not treat gameplay tags as narrative roles.
char:viego,Viego,viego,Viego,Camavor / Shadow Isles,,,,,,C_INDEXED,TRUE,https://www.leagueoflegends.com/en-us/champions/viego/,https://wiki.leagueoflegends.com/en-us/Universe%3AViego,https://wiki.leagueoflegends.com/en-us/Template%3AData_Viego,https://ddragon.leagueoflegends.com/cdn/16.18.1/data/en_US/champion/Viego.json,https://ddragon.leagueoflegends.com/cdn/16.18.1/img/champion/Viego.png,https://ddragon.leagueoflegends.com/cdn/img/champion/splash/Viego_0.jpg,https://ddragon.leagueoflegends.com/cdn/img/champion/loading/Viego_0.jpg,UNTESTED,,Seed registry. Enrich from primary Riot bio + official Wiki Universe; do not treat gameplay tags as narrative roles.
char:viktor,Viktor,viktor,Viktor,Zaun / Piltover,,,,,,C_INDEXED,TRUE,https://www.leagueoflegends.com/en-us/champions/viktor/,https://wiki.leagueoflegends.com/en-us/Universe%3AViktor,https://wiki.leagueoflegends.com/en-us/Template%3AData_Viktor,https://ddragon.leagueoflegends.com/cdn/16.18.1/data/en_US/champion/Viktor.json,https://ddragon.leagueoflegends.com/cdn/16.18.1/img/champion/Viktor.png,https://ddragon.leagueoflegends.com/cdn/img/champion/splash/Viktor_0.jpg,https://ddragon.leagueoflegends.com/cdn/img/champion/loading/Viktor_0.jpg,UNTESTED,,Seed registry. Enrich from primary Riot bio + official Wiki Universe; do not treat gameplay tags as narrative roles.
char:vladimir,Vladimir,vladimir,Vladimir,Noxus / Camavor,,,,,,C_INDEXED,TRUE,https://www.leagueoflegends.com/en-us/champions/vladimir/,https://wiki.leagueoflegends.com/en-us/Universe%3AVladimir,https://wiki.leagueoflegends.com/en-us/Template%3AData_Vladimir,https://ddragon.leagueoflegends.com/cdn/16.18.1/data/en_US/champion/Vladimir.json,https://ddragon.leagueoflegends.com/cdn/16.18.1/img/champion/Vladimir.png,https://ddragon.leagueoflegends.com/cdn/img/champion/splash/Vladimir_0.jpg,https://ddragon.leagueoflegends.com/cdn/img/champion/loading/Vladimir_0.jpg,UNTESTED,,Seed registry. Enrich from primary Riot bio + official Wiki Universe; do not treat gameplay tags as narrative roles.
char:volibear,Volibear,volibear,Volibear,Freljord,,,,,,C_INDEXED,TRUE,https://www.leagueoflegends.com/en-us/champions/volibear/,https://wiki.leagueoflegends.com/en-us/Universe%3AVolibear,https://wiki.leagueoflegends.com/en-us/Template%3AData_Volibear,https://ddragon.leagueoflegends.com/cdn/16.18.1/data/en_US/champion/Volibear.json,https://ddragon.leagueoflegends.com/cdn/16.18.1/img/champion/Volibear.png,https://ddragon.leagueoflegends.com/cdn/img/champion/splash/Volibear_0.jpg,https://ddragon.leagueoflegends.com/cdn/img/champion/loading/Volibear_0.jpg,UNTESTED,,Seed registry. Enrich from primary Riot bio + official Wiki Universe; do not treat gameplay tags as narrative roles.
char:warwick,Warwick,warwick,Warwick,Zaun,,,,,,C_INDEXED,TRUE,https://www.leagueoflegends.com/en-us/champions/warwick/,https://wiki.leagueoflegends.com/en-us/Universe%3AWarwick,https://wiki.leagueoflegends.com/en-us/Template%3AData_Warwick,https://ddragon.leagueoflegends.com/cdn/16.18.1/data/en_US/champion/Warwick.json,https://ddragon.leagueoflegends.com/cdn/16.18.1/img/champion/Warwick.png,https://ddragon.leagueoflegends.com/cdn/img/champion/splash/Warwick_0.jpg,https://ddragon.leagueoflegends.com/cdn/img/champion/loading/Warwick_0.jpg,UNTESTED,,Seed registry. Enrich from primary Riot bio + official Wiki Universe; do not treat gameplay tags as narrative roles.
char:wukong,Wukong,wukong,MonkeyKing,Ionia,,,,,,C_INDEXED,TRUE,https://www.leagueoflegends.com/en-us/champions/wukong/,https://wiki.leagueoflegends.com/en-us/Universe%3AWukong,https://wiki.leagueoflegends.com/en-us/Template%3AData_Wukong,https://ddragon.leagueoflegends.com/cdn/16.18.1/data/en_US/champion/MonkeyKing.json,https://ddragon.leagueoflegends.com/cdn/16.18.1/img/champion/MonkeyKing.png,https://ddragon.leagueoflegends.com/cdn/img/champion/splash/MonkeyKing_0.jpg,https://ddragon.leagueoflegends.com/cdn/img/champion/loading/MonkeyKing_0.jpg,UNTESTED,,Seed registry. Enrich from primary Riot bio + official Wiki Universe; do not treat gameplay tags as narrative roles.
char:xayah,Xayah,xayah,Xayah,Ionia,,,,,,C_INDEXED,TRUE,https://www.leagueoflegends.com/en-us/champions/xayah/,https://wiki.leagueoflegends.com/en-us/Universe%3AXayah,https://wiki.leagueoflegends.com/en-us/Template%3AData_Xayah,https://ddragon.leagueoflegends.com/cdn/16.18.1/data/en_US/champion/Xayah.json,https://ddragon.leagueoflegends.com/cdn/16.18.1/img/champion/Xayah.png,https://ddragon.leagueoflegends.com/cdn/img/champion/splash/Xayah_0.jpg,https://ddragon.leagueoflegends.com/cdn/img/champion/loading/Xayah_0.jpg,UNTESTED,,Seed registry. Enrich from primary Riot bio + official Wiki Universe; do not treat gameplay tags as narrative roles.
char:xerath,Xerath,xerath,Xerath,Shurima,,,,,,C_INDEXED,TRUE,https://www.leagueoflegends.com/en-us/champions/xerath/,https://wiki.leagueoflegends.com/en-us/Universe%3AXerath,https://wiki.leagueoflegends.com/en-us/Template%3AData_Xerath,https://ddragon.leagueoflegends.com/cdn/16.18.1/data/en_US/champion/Xerath.json,https://ddragon.leagueoflegends.com/cdn/16.18.1/img/champion/Xerath.png,https://ddragon.leagueoflegends.com/cdn/img/champion/splash/Xerath_0.jpg,https://ddragon.leagueoflegends.com/cdn/img/champion/loading/Xerath_0.jpg,UNTESTED,,Seed registry. Enrich from primary Riot bio + official Wiki Universe; do not treat gameplay tags as narrative roles.
char:xin-zhao,Xin Zhao,xin-zhao,XinZhao,Demacia / Ionia,,,,,,C_INDEXED,TRUE,https://www.leagueoflegends.com/en-us/champions/xin-zhao/,https://wiki.leagueoflegends.com/en-us/Universe%3AXin_Zhao,https://wiki.leagueoflegends.com/en-us/Template%3AData_Xin_Zhao,https://ddragon.leagueoflegends.com/cdn/16.18.1/data/en_US/champion/XinZhao.json,https://ddragon.leagueoflegends.com/cdn/16.18.1/img/champion/XinZhao.png,https://ddragon.leagueoflegends.com/cdn/img/champion/splash/XinZhao_0.jpg,https://ddragon.leagueoflegends.com/cdn/img/champion/loading/XinZhao_0.jpg,UNTESTED,,Seed registry. Enrich from primary Riot bio + official Wiki Universe; do not treat gameplay tags as narrative roles.
char:yasuo,Yasuo,yasuo,Yasuo,Ionia,,,,,,C_INDEXED,TRUE,https://www.leagueoflegends.com/en-us/champions/yasuo/,https://wiki.leagueoflegends.com/en-us/Universe%3AYasuo,https://wiki.leagueoflegends.com/en-us/Template%3AData_Yasuo,https://ddragon.leagueoflegends.com/cdn/16.18.1/data/en_US/champion/Yasuo.json,https://ddragon.leagueoflegends.com/cdn/16.18.1/img/champion/Yasuo.png,https://ddragon.leagueoflegends.com/cdn/img/champion/splash/Yasuo_0.jpg,https://ddragon.leagueoflegends.com/cdn/img/champion/loading/Yasuo_0.jpg,UNTESTED,,Seed registry. Enrich from primary Riot bio + official Wiki Universe; do not treat gameplay tags as narrative roles.
char:yone,Yone,yone,Yone,Ionia,,,,,,C_INDEXED,TRUE,https://www.leagueoflegends.com/en-us/champions/yone/,https://wiki.leagueoflegends.com/en-us/Universe%3AYone,https://wiki.leagueoflegends.com/en-us/Template%3AData_Yone,https://ddragon.leagueoflegends.com/cdn/16.18.1/data/en_US/champion/Yone.json,https://ddragon.leagueoflegends.com/cdn/16.18.1/img/champion/Yone.png,https://ddragon.leagueoflegends.com/cdn/img/champion/splash/Yone_0.jpg,https://ddragon.leagueoflegends.com/cdn/img/champion/loading/Yone_0.jpg,UNTESTED,,Seed registry. Enrich from primary Riot bio + official Wiki Universe; do not treat gameplay tags as narrative roles.
char:yorick,Yorick,yorick,Yorick,Shadow Isles,,,,,,C_INDEXED,TRUE,https://www.leagueoflegends.com/en-us/champions/yorick/,https://wiki.leagueoflegends.com/en-us/Universe%3AYorick,https://wiki.leagueoflegends.com/en-us/Template%3AData_Yorick,https://ddragon.leagueoflegends.com/cdn/16.18.1/data/en_US/champion/Yorick.json,https://ddragon.leagueoflegends.com/cdn/16.18.1/img/champion/Yorick.png,https://ddragon.leagueoflegends.com/cdn/img/champion/splash/Yorick_0.jpg,https://ddragon.leagueoflegends.com/cdn/img/champion/loading/Yorick_0.jpg,UNTESTED,,Seed registry. Enrich from primary Riot bio + official Wiki Universe; do not treat gameplay tags as narrative roles.
char:yunara,Yunara,yunara,Yunara,Ionia,,,,,,C_INDEXED,TRUE,https://www.leagueoflegends.com/en-us/champions/yunara/,https://wiki.leagueoflegends.com/en-us/Universe%3AYunara,https://wiki.leagueoflegends.com/en-us/Template%3AData_Yunara,https://ddragon.leagueoflegends.com/cdn/16.18.1/data/en_US/champion/Yunara.json,https://ddragon.leagueoflegends.com/cdn/16.18.1/img/champion/Yunara.png,https://ddragon.leagueoflegends.com/cdn/img/champion/splash/Yunara_0.jpg,https://ddragon.leagueoflegends.com/cdn/img/champion/loading/Yunara_0.jpg,TRUE,2026-09-16,Seed registry. Enrich from primary Riot bio + official Wiki Universe; do not treat gameplay tags as narrative roles.
char:yuumi,Yuumi,yuumi,Yuumi,Bandle City,,,,,,C_INDEXED,TRUE,https://www.leagueoflegends.com/en-us/champions/yuumi/,https://wiki.leagueoflegends.com/en-us/Universe%3AYuumi,https://wiki.leagueoflegends.com/en-us/Template%3AData_Yuumi,https://ddragon.leagueoflegends.com/cdn/16.18.1/data/en_US/champion/Yuumi.json,https://ddragon.leagueoflegends.com/cdn/16.18.1/img/champion/Yuumi.png,https://ddragon.leagueoflegends.com/cdn/img/champion/splash/Yuumi_0.jpg,https://ddragon.leagueoflegends.com/cdn/img/champion/loading/Yuumi_0.jpg,UNTESTED,,Seed registry. Enrich from primary Riot bio + official Wiki Universe; do not treat gameplay tags as narrative roles.
char:zaahen,Zaahen,zaahen,Zaahen,Shurima / Darkin,,,,,,C_INDEXED,TRUE,https://www.leagueoflegends.com/en-us/champions/zaahen/,https://wiki.leagueoflegends.com/en-us/Universe%3AZaahen,https://wiki.leagueoflegends.com/en-us/Template%3AData_Zaahen,https://ddragon.leagueoflegends.com/cdn/16.18.1/data/en_US/champion/Zaahen.json,https://ddragon.leagueoflegends.com/cdn/16.18.1/img/champion/Zaahen.png,https://ddragon.leagueoflegends.com/cdn/img/champion/splash/Zaahen_0.jpg,https://ddragon.leagueoflegends.com/cdn/img/champion/loading/Zaahen_0.jpg,TRUE,2026-09-16,Seed registry. Enrich from primary Riot bio + official Wiki Universe; do not treat gameplay tags as narrative roles.
char:zac,Zac,zac,Zac,Zaun,,,,,,C_INDEXED,TRUE,https://www.leagueoflegends.com/en-us/champions/zac/,https://wiki.leagueoflegends.com/en-us/Universe%3AZac,https://wiki.leagueoflegends.com/en-us/Template%3AData_Zac,https://ddragon.leagueoflegends.com/cdn/16.18.1/data/en_US/champion/Zac.json,https://ddragon.leagueoflegends.com/cdn/16.18.1/img/champion/Zac.png,https://ddragon.leagueoflegends.com/cdn/img/champion/splash/Zac_0.jpg,https://ddragon.leagueoflegends.com/cdn/img/champion/loading/Zac_0.jpg,UNTESTED,,Seed registry. Enrich from primary Riot bio + official Wiki Universe; do not treat gameplay tags as narrative roles.
char:zed,Zed,zed,Zed,Ionia,,,,,,C_INDEXED,TRUE,https://www.leagueoflegends.com/en-us/champions/zed/,https://wiki.leagueoflegends.com/en-us/Universe%3AZed,https://wiki.leagueoflegends.com/en-us/Template%3AData_Zed,https://ddragon.leagueoflegends.com/cdn/16.18.1/data/en_US/champion/Zed.json,https://ddragon.leagueoflegends.com/cdn/16.18.1/img/champion/Zed.png,https://ddragon.leagueoflegends.com/cdn/img/champion/splash/Zed_0.jpg,https://ddragon.leagueoflegends.com/cdn/img/champion/loading/Zed_0.jpg,UNTESTED,,Seed registry. Enrich from primary Riot bio + official Wiki Universe; do not treat gameplay tags as narrative roles.
char:zeri,Zeri,zeri,Zeri,Zaun,,,,,,C_INDEXED,TRUE,https://www.leagueoflegends.com/en-us/champions/zeri/,https://wiki.leagueoflegends.com/en-us/Universe%3AZeri,https://wiki.leagueoflegends.com/en-us/Template%3AData_Zeri,https://ddragon.leagueoflegends.com/cdn/16.18.1/data/en_US/champion/Zeri.json,https://ddragon.leagueoflegends.com/cdn/16.18.1/img/champion/Zeri.png,https://ddragon.leagueoflegends.com/cdn/img/champion/splash/Zeri_0.jpg,https://ddragon.leagueoflegends.com/cdn/img/champion/loading/Zeri_0.jpg,UNTESTED,,Seed registry. Enrich from primary Riot bio + official Wiki Universe; do not treat gameplay tags as narrative roles.
char:ziggs,Ziggs,ziggs,Ziggs,Zaun / Bandle City,,,,,,C_INDEXED,TRUE,https://www.leagueoflegends.com/en-us/champions/ziggs/,https://wiki.leagueoflegends.com/en-us/Universe%3AZiggs,https://wiki.leagueoflegends.com/en-us/Template%3AData_Ziggs,https://ddragon.leagueoflegends.com/cdn/16.18.1/data/en_US/champion/Ziggs.json,https://ddragon.leagueoflegends.com/cdn/16.18.1/img/champion/Ziggs.png,https://ddragon.leagueoflegends.com/cdn/img/champion/splash/Ziggs_0.jpg,https://ddragon.leagueoflegends.com/cdn/img/champion/loading/Ziggs_0.jpg,UNTESTED,,Seed registry. Enrich from primary Riot bio + official Wiki Universe; do not treat gameplay tags as narrative roles.
char:zilean,Zilean,zilean,Zilean,Icathia / Shurima,,,,,,C_INDEXED,TRUE,https://www.leagueoflegends.com/en-us/champions/zilean/,https://wiki.leagueoflegends.com/en-us/Universe%3AZilean,https://wiki.leagueoflegends.com/en-us/Template%3AData_Zilean,https://ddragon.leagueoflegends.com/cdn/16.18.1/data/en_US/champion/Zilean.json,https://ddragon.leagueoflegends.com/cdn/16.18.1/img/champion/Zilean.png,https://ddragon.leagueoflegends.com/cdn/img/champion/splash/Zilean_0.jpg,https://ddragon.leagueoflegends.com/cdn/img/champion/loading/Zilean_0.jpg,UNTESTED,,Seed registry. Enrich from primary Riot bio + official Wiki Universe; do not treat gameplay tags as narrative roles.
char:zoe,Zoe,zoe,Zoe,Targon,,,,,,C_INDEXED,TRUE,https://www.leagueoflegends.com/en-us/champions/zoe/,https://wiki.leagueoflegends.com/en-us/Universe%3AZoe,https://wiki.leagueoflegends.com/en-us/Template%3AData_Zoe,https://ddragon.leagueoflegends.com/cdn/16.18.1/data/en_US/champion/Zoe.json,https://ddragon.leagueoflegends.com/cdn/16.18.1/img/champion/Zoe.png,https://ddragon.leagueoflegends.com/cdn/img/champion/splash/Zoe_0.jpg,https://ddragon.leagueoflegends.com/cdn/img/champion/loading/Zoe_0.jpg,UNTESTED,,Seed registry. Enrich from primary Riot bio + official Wiki Universe; do not treat gameplay tags as narrative roles.
char:zyra,Zyra,zyra,Zyra,Ixtal,,,,,,C_INDEXED,TRUE,https://www.leagueoflegends.com/en-us/champions/zyra/,https://wiki.leagueoflegends.com/en-us/Universe%3AZyra,https://wiki.leagueoflegends.com/en-us/Template%3AData_Zyra,https://ddragon.leagueoflegends.com/cdn/16.18.1/data/en_US/champion/Zyra.json,https://ddragon.leagueoflegends.com/cdn/16.18.1/img/champion/Zyra.png,https://ddragon.leagueoflegends.com/cdn/img/champion/splash/Zyra_0.jpg,https://ddragon.leagueoflegends.com/cdn/img/champion/loading/Zyra_0.jpg,UNTESTED,,Seed registry. Enrich from primary Riot bio + official Wiki Universe; do not treat gameplay tags as narrative roles.
