media_id,entity_id,entity_type,media_type,url,source_url,authority,focal_point_x,focal_point_y,mobile_focal_point_x,mobile_focal_point_y,qa_status,notes
media:portrait:aatrox,char:aatrox,CHAMPION,PORTRAIT,https://ddragon.leagueoflegends.com/cdn/16.18.1/img/champion/Aatrox.png,https://ddragon.leagueoflegends.com/cdn/16.18.1/data/en_US/champion/Aatrox.json,RIOT_DATA_DRAGON,0.5,0.5,0.5,0.5,AUTO_DEFAULT,Square portrait; validate resolution.
media:splash:aatrox,char:aatrox,CHAMPION,SPLASH,https://ddragon.leagueoflegends.com/cdn/img/champion/splash/Aatrox_0.jpg,https://ddragon.leagueoflegends.com/cdn/16.18.1/data/en_US/champion/Aatrox.json,RIOT_DATA_DRAGON,,,,,NEEDS_FOCAL_QA,Base splash. Store per-champion focal point after visual QA.
media:portrait:ahri,char:ahri,CHAMPION,PORTRAIT,https://ddragon.leagueoflegends.com/cdn/16.18.1/img/champion/Ahri.png,https://ddragon.leagueoflegends.com/cdn/16.18.1/data/en_US/champion/Ahri.json,RIOT_DATA_DRAGON,0.5,0.5,0.5,0.5,AUTO_DEFAULT,Square portrait; validate resolution.
media:splash:ahri,char:ahri,CHAMPION,SPLASH,https://ddragon.leagueoflegends.com/cdn/img/champion/splash/Ahri_0.jpg,https://ddragon.leagueoflegends.com/cdn/16.18.1/data/en_US/champion/Ahri.json,RIOT_DATA_DRAGON,,,,,NEEDS_FOCAL_QA,Base splash. Store per-champion focal point after visual QA.
media:portrait:akali,char:akali,CHAMPION,PORTRAIT,https://ddragon.leagueoflegends.com/cdn/16.18.1/img/champion/Akali.png,https://ddragon.leagueoflegends.com/cdn/16.18.1/data/en_US/champion/Akali.json,RIOT_DATA_DRAGON,0.5,0.5,0.5,0.5,AUTO_DEFAULT,Square portrait; validate resolution.
media:splash:akali,char:akali,CHAMPION,SPLASH,https://ddragon.leagueoflegends.com/cdn/img/champion/splash/Akali_0.jpg,https://ddragon.leagueoflegends.com/cdn/16.18.1/data/en_US/champion/Akali.json,RIOT_DATA_DRAGON,,,,,NEEDS_FOCAL_QA,Base splash. Store per-champion focal point after visual QA.
media:portrait:akshan,char:akshan,CHAMPION,PORTRAIT,https://ddragon.leagueoflegends.com/cdn/16.18.1/img/champion/Akshan.png,https://ddragon.leagueoflegends.com/cdn/16.18.1/data/en_US/champion/Akshan.json,RIOT_DATA_DRAGON,0.5,0.5,0.5,0.5,AUTO_DEFAULT,Square portrait; validate resolution.
media:splash:akshan,char:akshan,CHAMPION,SPLASH,https://ddragon.leagueoflegends.com/cdn/img/champion/splash/Akshan_0.jpg,https://ddragon.leagueoflegends.com/cdn/16.18.1/data/en_US/champion/Akshan.json,RIOT_DATA_DRAGON,,,,,NEEDS_FOCAL_QA,Base splash. Store per-champion focal point after visual QA.
media:portrait:alistar,char:alistar,CHAMPION,PORTRAIT,https://ddragon.leagueoflegends.com/cdn/16.18.1/img/champion/Alistar.png,https://ddragon.leagueoflegends.com/cdn/16.18.1/data/en_US/champion/Alistar.json,RIOT_DATA_DRAGON,0.5,0.5,0.5,0.5,AUTO_DEFAULT,Square portrait; validate resolution.
media:splash:alistar,char:alistar,CHAMPION,SPLASH,https://ddragon.leagueoflegends.com/cdn/img/champion/splash/Alistar_0.jpg,https://ddragon.leagueoflegends.com/cdn/16.18.1/data/en_US/champion/Alistar.json,RIOT_DATA_DRAGON,,,,,NEEDS_FOCAL_QA,Base splash. Store per-champion focal point after visual QA.
media:portrait:ambessa,char:ambessa,CHAMPION,PORTRAIT,https://ddragon.leagueoflegends.com/cdn/16.18.1/img/champion/Ambessa.png,https://ddragon.leagueoflegends.com/cdn/16.18.1/data/en_US/champion/Ambessa.json,RIOT_DATA_DRAGON,0.5,0.5,0.5,0.5,AUTO_DEFAULT,Square portrait; validate resolution.
media:splash:ambessa,char:ambessa,CHAMPION,SPLASH,https://ddragon.leagueoflegends.com/cdn/img/champion/splash/Ambessa_0.jpg,https://ddragon.leagueoflegends.com/cdn/16.18.1/data/en_US/champion/Ambessa.json,RIOT_DATA_DRAGON,,,,,NEEDS_FOCAL_QA,Base splash. Store per-champion focal point after visual QA.
media:portrait:amumu,char:amumu,CHAMPION,PORTRAIT,https://ddragon.leagueoflegends.com/cdn/16.18.1/img/champion/Amumu.png,https://ddragon.leagueoflegends.com/cdn/16.18.1/data/en_US/champion/Amumu.json,RIOT_DATA_DRAGON,0.5,0.5,0.5,0.5,AUTO_DEFAULT,Square portrait; validate resolution.
media:splash:amumu,char:amumu,CHAMPION,SPLASH,https://ddragon.leagueoflegends.com/cdn/img/champion/splash/Amumu_0.jpg,https://ddragon.leagueoflegends.com/cdn/16.18.1/data/en_US/champion/Amumu.json,RIOT_DATA_DRAGON,,,,,NEEDS_FOCAL_QA,Base splash. Store per-champion focal point after visual QA.
media:portrait:anivia,char:anivia,CHAMPION,PORTRAIT,https://ddragon.leagueoflegends.com/cdn/16.18.1/img/champion/Anivia.png,https://ddragon.leagueoflegends.com/cdn/16.18.1/data/en_US/champion/Anivia.json,RIOT_DATA_DRAGON,0.5,0.5,0.5,0.5,AUTO_DEFAULT,Square portrait; validate resolution.
media:splash:anivia,char:anivia,CHAMPION,SPLASH,https://ddragon.leagueoflegends.com/cdn/img/champion/splash/Anivia_0.jpg,https://ddragon.leagueoflegends.com/cdn/16.18.1/data/en_US/champion/Anivia.json,RIOT_DATA_DRAGON,,,,,NEEDS_FOCAL_QA,Base splash. Store per-champion focal point after visual QA.
media:portrait:annie,char:annie,CHAMPION,PORTRAIT,https://ddragon.leagueoflegends.com/cdn/16.18.1/img/champion/Annie.png,https://ddragon.leagueoflegends.com/cdn/16.18.1/data/en_US/champion/Annie.json,RIOT_DATA_DRAGON,0.5,0.5,0.5,0.5,AUTO_DEFAULT,Square portrait; validate resolution.
media:splash:annie,char:annie,CHAMPION,SPLASH,https://ddragon.leagueoflegends.com/cdn/img/champion/splash/Annie_0.jpg,https://ddragon.leagueoflegends.com/cdn/16.18.1/data/en_US/champion/Annie.json,RIOT_DATA_DRAGON,,,,,NEEDS_FOCAL_QA,Base splash. Store per-champion focal point after visual QA.
media:portrait:aphelios,char:aphelios,CHAMPION,PORTRAIT,https://ddragon.leagueoflegends.com/cdn/16.18.1/img/champion/Aphelios.png,https://ddragon.leagueoflegends.com/cdn/16.18.1/data/en_US/champion/Aphelios.json,RIOT_DATA_DRAGON,0.5,0.5,0.5,0.5,AUTO_DEFAULT,Square portrait; validate resolution.
media:splash:aphelios,char:aphelios,CHAMPION,SPLASH,https://ddragon.leagueoflegends.com/cdn/img/champion/splash/Aphelios_0.jpg,https://ddragon.leagueoflegends.com/cdn/16.18.1/data/en_US/champion/Aphelios.json,RIOT_DATA_DRAGON,,,,,NEEDS_FOCAL_QA,Base splash. Store per-champion focal point after visual QA.
media:portrait:ashe,char:ashe,CHAMPION,PORTRAIT,https://ddragon.leagueoflegends.com/cdn/16.18.1/img/champion/Ashe.png,https://ddragon.leagueoflegends.com/cdn/16.18.1/data/en_US/champion/Ashe.json,RIOT_DATA_DRAGON,0.5,0.5,0.5,0.5,AUTO_DEFAULT,Square portrait; validate resolution.
media:splash:ashe,char:ashe,CHAMPION,SPLASH,https://ddragon.leagueoflegends.com/cdn/img/champion/splash/Ashe_0.jpg,https://ddragon.leagueoflegends.com/cdn/16.18.1/data/en_US/champion/Ashe.json,RIOT_DATA_DRAGON,,,,,NEEDS_FOCAL_QA,Base splash. Store per-champion focal point after visual QA.
media:portrait:aurelion-sol,char:aurelion-sol,CHAMPION,PORTRAIT,https://ddragon.leagueoflegends.com/cdn/16.18.1/img/champion/AurelionSol.png,https://ddragon.leagueoflegends.com/cdn/16.18.1/data/en_US/champion/AurelionSol.json,RIOT_DATA_DRAGON,0.5,0.5,0.5,0.5,AUTO_DEFAULT,Square portrait; validate resolution.
media:splash:aurelion-sol,char:aurelion-sol,CHAMPION,SPLASH,https://ddragon.leagueoflegends.com/cdn/img/champion/splash/AurelionSol_0.jpg,https://ddragon.leagueoflegends.com/cdn/16.18.1/data/en_US/champion/AurelionSol.json,RIOT_DATA_DRAGON,,,,,NEEDS_FOCAL_QA,Base splash. Store per-champion focal point after visual QA.
media:portrait:aurora,char:aurora,CHAMPION,PORTRAIT,https://ddragon.leagueoflegends.com/cdn/16.18.1/img/champion/Aurora.png,https://ddragon.leagueoflegends.com/cdn/16.18.1/data/en_US/champion/Aurora.json,RIOT_DATA_DRAGON,0.5,0.5,0.5,0.5,AUTO_DEFAULT,Square portrait; validate resolution.
media:splash:aurora,char:aurora,CHAMPION,SPLASH,https://ddragon.leagueoflegends.com/cdn/img/champion/splash/Aurora_0.jpg,https://ddragon.leagueoflegends.com/cdn/16.18.1/data/en_US/champion/Aurora.json,RIOT_DATA_DRAGON,,,,,NEEDS_FOCAL_QA,Base splash. Store per-champion focal point after visual QA.
media:portrait:azir,char:azir,CHAMPION,PORTRAIT,https://ddragon.leagueoflegends.com/cdn/16.18.1/img/champion/Azir.png,https://ddragon.leagueoflegends.com/cdn/16.18.1/data/en_US/champion/Azir.json,RIOT_DATA_DRAGON,0.5,0.5,0.5,0.5,AUTO_DEFAULT,Square portrait; validate resolution.
media:splash:azir,char:azir,CHAMPION,SPLASH,https://ddragon.leagueoflegends.com/cdn/img/champion/splash/Azir_0.jpg,https://ddragon.leagueoflegends.com/cdn/16.18.1/data/en_US/champion/Azir.json,RIOT_DATA_DRAGON,,,,,NEEDS_FOCAL_QA,Base splash. Store per-champion focal point after visual QA.
media:portrait:bard,char:bard,CHAMPION,PORTRAIT,https://ddragon.leagueoflegends.com/cdn/16.18.1/img/champion/Bard.png,https://ddragon.leagueoflegends.com/cdn/16.18.1/data/en_US/champion/Bard.json,RIOT_DATA_DRAGON,0.5,0.5,0.5,0.5,AUTO_DEFAULT,Square portrait; validate resolution.
media:splash:bard,char:bard,CHAMPION,SPLASH,https://ddragon.leagueoflegends.com/cdn/img/champion/splash/Bard_0.jpg,https://ddragon.leagueoflegends.com/cdn/16.18.1/data/en_US/champion/Bard.json,RIOT_DATA_DRAGON,,,,,NEEDS_FOCAL_QA,Base splash. Store per-champion focal point after visual QA.
media:portrait:bel-veth,char:bel-veth,CHAMPION,PORTRAIT,https://ddragon.leagueoflegends.com/cdn/16.18.1/img/champion/Belveth.png,https://ddragon.leagueoflegends.com/cdn/16.18.1/data/en_US/champion/Belveth.json,RIOT_DATA_DRAGON,0.5,0.5,0.5,0.5,AUTO_DEFAULT,Square portrait; validate resolution.
media:splash:bel-veth,char:bel-veth,CHAMPION,SPLASH,https://ddragon.leagueoflegends.com/cdn/img/champion/splash/Belveth_0.jpg,https://ddragon.leagueoflegends.com/cdn/16.18.1/data/en_US/champion/Belveth.json,RIOT_DATA_DRAGON,,,,,NEEDS_FOCAL_QA,Base splash. Store per-champion focal point after visual QA.
media:portrait:blitzcrank,char:blitzcrank,CHAMPION,PORTRAIT,https://ddragon.leagueoflegends.com/cdn/16.18.1/img/champion/Blitzcrank.png,https://ddragon.leagueoflegends.com/cdn/16.18.1/data/en_US/champion/Blitzcrank.json,RIOT_DATA_DRAGON,0.5,0.5,0.5,0.5,AUTO_DEFAULT,Square portrait; validate resolution.
media:splash:blitzcrank,char:blitzcrank,CHAMPION,SPLASH,https://ddragon.leagueoflegends.com/cdn/img/champion/splash/Blitzcrank_0.jpg,https://ddragon.leagueoflegends.com/cdn/16.18.1/data/en_US/champion/Blitzcrank.json,RIOT_DATA_DRAGON,,,,,NEEDS_FOCAL_QA,Base splash. Store per-champion focal point after visual QA.
media:portrait:brand,char:brand,CHAMPION,PORTRAIT,https://ddragon.leagueoflegends.com/cdn/16.18.1/img/champion/Brand.png,https://ddragon.leagueoflegends.com/cdn/16.18.1/data/en_US/champion/Brand.json,RIOT_DATA_DRAGON,0.5,0.5,0.5,0.5,AUTO_DEFAULT,Square portrait; validate resolution.
media:splash:brand,char:brand,CHAMPION,SPLASH,https://ddragon.leagueoflegends.com/cdn/img/champion/splash/Brand_0.jpg,https://ddragon.leagueoflegends.com/cdn/16.18.1/data/en_US/champion/Brand.json,RIOT_DATA_DRAGON,,,,,NEEDS_FOCAL_QA,Base splash. Store per-champion focal point after visual QA.
media:portrait:braum,char:braum,CHAMPION,PORTRAIT,https://ddragon.leagueoflegends.com/cdn/16.18.1/img/champion/Braum.png,https://ddragon.leagueoflegends.com/cdn/16.18.1/data/en_US/champion/Braum.json,RIOT_DATA_DRAGON,0.5,0.5,0.5,0.5,AUTO_DEFAULT,Square portrait; validate resolution.
media:splash:braum,char:braum,CHAMPION,SPLASH,https://ddragon.leagueoflegends.com/cdn/img/champion/splash/Braum_0.jpg,https://ddragon.leagueoflegends.com/cdn/16.18.1/data/en_US/champion/Braum.json,RIOT_DATA_DRAGON,,,,,NEEDS_FOCAL_QA,Base splash. Store per-champion focal point after visual QA.
media:portrait:briar,char:briar,CHAMPION,PORTRAIT,https://ddragon.leagueoflegends.com/cdn/16.18.1/img/champion/Briar.png,https://ddragon.leagueoflegends.com/cdn/16.18.1/data/en_US/champion/Briar.json,RIOT_DATA_DRAGON,0.5,0.5,0.5,0.5,AUTO_DEFAULT,Square portrait; validate resolution.
media:splash:briar,char:briar,CHAMPION,SPLASH,https://ddragon.leagueoflegends.com/cdn/img/champion/splash/Briar_0.jpg,https://ddragon.leagueoflegends.com/cdn/16.18.1/data/en_US/champion/Briar.json,RIOT_DATA_DRAGON,,,,,NEEDS_FOCAL_QA,Base splash. Store per-champion focal point after visual QA.
media:portrait:caitlyn,char:caitlyn,CHAMPION,PORTRAIT,https://ddragon.leagueoflegends.com/cdn/16.18.1/img/champion/Caitlyn.png,https://ddragon.leagueoflegends.com/cdn/16.18.1/data/en_US/champion/Caitlyn.json,RIOT_DATA_DRAGON,0.5,0.5,0.5,0.5,AUTO_DEFAULT,Square portrait; validate resolution.
media:splash:caitlyn,char:caitlyn,CHAMPION,SPLASH,https://ddragon.leagueoflegends.com/cdn/img/champion/splash/Caitlyn_0.jpg,https://ddragon.leagueoflegends.com/cdn/16.18.1/data/en_US/champion/Caitlyn.json,RIOT_DATA_DRAGON,,,,,NEEDS_FOCAL_QA,Base splash. Store per-champion focal point after visual QA.
media:portrait:camille,char:camille,CHAMPION,PORTRAIT,https://ddragon.leagueoflegends.com/cdn/16.18.1/img/champion/Camille.png,https://ddragon.leagueoflegends.com/cdn/16.18.1/data/en_US/champion/Camille.json,RIOT_DATA_DRAGON,0.5,0.5,0.5,0.5,AUTO_DEFAULT,Square portrait; validate resolution.
media:splash:camille,char:camille,CHAMPION,SPLASH,https://ddragon.leagueoflegends.com/cdn/img/champion/splash/Camille_0.jpg,https://ddragon.leagueoflegends.com/cdn/16.18.1/data/en_US/champion/Camille.json,RIOT_DATA_DRAGON,,,,,NEEDS_FOCAL_QA,Base splash. Store per-champion focal point after visual QA.
media:portrait:cassiopeia,char:cassiopeia,CHAMPION,PORTRAIT,https://ddragon.leagueoflegends.com/cdn/16.18.1/img/champion/Cassiopeia.png,https://ddragon.leagueoflegends.com/cdn/16.18.1/data/en_US/champion/Cassiopeia.json,RIOT_DATA_DRAGON,0.5,0.5,0.5,0.5,AUTO_DEFAULT,Square portrait; validate resolution.
media:splash:cassiopeia,char:cassiopeia,CHAMPION,SPLASH,https://ddragon.leagueoflegends.com/cdn/img/champion/splash/Cassiopeia_0.jpg,https://ddragon.leagueoflegends.com/cdn/16.18.1/data/en_US/champion/Cassiopeia.json,RIOT_DATA_DRAGON,,,,,NEEDS_FOCAL_QA,Base splash. Store per-champion focal point after visual QA.
media:portrait:cho-gath,char:cho-gath,CHAMPION,PORTRAIT,https://ddragon.leagueoflegends.com/cdn/16.18.1/img/champion/Chogath.png,https://ddragon.leagueoflegends.com/cdn/16.18.1/data/en_US/champion/Chogath.json,RIOT_DATA_DRAGON,0.5,0.5,0.5,0.5,AUTO_DEFAULT,Square portrait; validate resolution.
media:splash:cho-gath,char:cho-gath,CHAMPION,SPLASH,https://ddragon.leagueoflegends.com/cdn/img/champion/splash/Chogath_0.jpg,https://ddragon.leagueoflegends.com/cdn/16.18.1/data/en_US/champion/Chogath.json,RIOT_DATA_DRAGON,,,,,NEEDS_FOCAL_QA,Base splash. Store per-champion focal point after visual QA.
media:portrait:corki,char:corki,CHAMPION,PORTRAIT,https://ddragon.leagueoflegends.com/cdn/16.18.1/img/champion/Corki.png,https://ddragon.leagueoflegends.com/cdn/16.18.1/data/en_US/champion/Corki.json,RIOT_DATA_DRAGON,0.5,0.5,0.5,0.5,AUTO_DEFAULT,Square portrait; validate resolution.
media:splash:corki,char:corki,CHAMPION,SPLASH,https://ddragon.leagueoflegends.com/cdn/img/champion/splash/Corki_0.jpg,https://ddragon.leagueoflegends.com/cdn/16.18.1/data/en_US/champion/Corki.json,RIOT_DATA_DRAGON,,,,,NEEDS_FOCAL_QA,Base splash. Store per-champion focal point after visual QA.
media:portrait:darius,char:darius,CHAMPION,PORTRAIT,https://ddragon.leagueoflegends.com/cdn/16.18.1/img/champion/Darius.png,https://ddragon.leagueoflegends.com/cdn/16.18.1/data/en_US/champion/Darius.json,RIOT_DATA_DRAGON,0.5,0.5,0.5,0.5,AUTO_DEFAULT,Square portrait; validate resolution.
media:splash:darius,char:darius,CHAMPION,SPLASH,https://ddragon.leagueoflegends.com/cdn/img/champion/splash/Darius_0.jpg,https://ddragon.leagueoflegends.com/cdn/16.18.1/data/en_US/champion/Darius.json,RIOT_DATA_DRAGON,,,,,NEEDS_FOCAL_QA,Base splash. Store per-champion focal point after visual QA.
media:portrait:diana,char:diana,CHAMPION,PORTRAIT,https://ddragon.leagueoflegends.com/cdn/16.18.1/img/champion/Diana.png,https://ddragon.leagueoflegends.com/cdn/16.18.1/data/en_US/champion/Diana.json,RIOT_DATA_DRAGON,0.5,0.5,0.5,0.5,AUTO_DEFAULT,Square portrait; validate resolution.
media:splash:diana,char:diana,CHAMPION,SPLASH,https://ddragon.leagueoflegends.com/cdn/img/champion/splash/Diana_0.jpg,https://ddragon.leagueoflegends.com/cdn/16.18.1/data/en_US/champion/Diana.json,RIOT_DATA_DRAGON,,,,,NEEDS_FOCAL_QA,Base splash. Store per-champion focal point after visual QA.
media:portrait:dr-mundo,char:dr-mundo,CHAMPION,PORTRAIT,https://ddragon.leagueoflegends.com/cdn/16.18.1/img/champion/DrMundo.png,https://ddragon.leagueoflegends.com/cdn/16.18.1/data/en_US/champion/DrMundo.json,RIOT_DATA_DRAGON,0.5,0.5,0.5,0.5,AUTO_DEFAULT,Square portrait; validate resolution.
media:splash:dr-mundo,char:dr-mundo,CHAMPION,SPLASH,https://ddragon.leagueoflegends.com/cdn/img/champion/splash/DrMundo_0.jpg,https://ddragon.leagueoflegends.com/cdn/16.18.1/data/en_US/champion/DrMundo.json,RIOT_DATA_DRAGON,,,,,NEEDS_FOCAL_QA,Base splash. Store per-champion focal point after visual QA.
media:portrait:draven,char:draven,CHAMPION,PORTRAIT,https://ddragon.leagueoflegends.com/cdn/16.18.1/img/champion/Draven.png,https://ddragon.leagueoflegends.com/cdn/16.18.1/data/en_US/champion/Draven.json,RIOT_DATA_DRAGON,0.5,0.5,0.5,0.5,AUTO_DEFAULT,Square portrait; validate resolution.
media:splash:draven,char:draven,CHAMPION,SPLASH,https://ddragon.leagueoflegends.com/cdn/img/champion/splash/Draven_0.jpg,https://ddragon.leagueoflegends.com/cdn/16.18.1/data/en_US/champion/Draven.json,RIOT_DATA_DRAGON,,,,,NEEDS_FOCAL_QA,Base splash. Store per-champion focal point after visual QA.
media:portrait:ekko,char:ekko,CHAMPION,PORTRAIT,https://ddragon.leagueoflegends.com/cdn/16.18.1/img/champion/Ekko.png,https://ddragon.leagueoflegends.com/cdn/16.18.1/data/en_US/champion/Ekko.json,RIOT_DATA_DRAGON,0.5,0.5,0.5,0.5,AUTO_DEFAULT,Square portrait; validate resolution.
media:splash:ekko,char:ekko,CHAMPION,SPLASH,https://ddragon.leagueoflegends.com/cdn/img/champion/splash/Ekko_0.jpg,https://ddragon.leagueoflegends.com/cdn/16.18.1/data/en_US/champion/Ekko.json,RIOT_DATA_DRAGON,,,,,NEEDS_FOCAL_QA,Base splash. Store per-champion focal point after visual QA.
media:portrait:elise,char:elise,CHAMPION,PORTRAIT,https://ddragon.leagueoflegends.com/cdn/16.18.1/img/champion/Elise.png,https://ddragon.leagueoflegends.com/cdn/16.18.1/data/en_US/champion/Elise.json,RIOT_DATA_DRAGON,0.5,0.5,0.5,0.5,AUTO_DEFAULT,Square portrait; validate resolution.
media:splash:elise,char:elise,CHAMPION,SPLASH,https://ddragon.leagueoflegends.com/cdn/img/champion/splash/Elise_0.jpg,https://ddragon.leagueoflegends.com/cdn/16.18.1/data/en_US/champion/Elise.json,RIOT_DATA_DRAGON,,,,,NEEDS_FOCAL_QA,Base splash. Store per-champion focal point after visual QA.
media:portrait:evelynn,char:evelynn,CHAMPION,PORTRAIT,https://ddragon.leagueoflegends.com/cdn/16.18.1/img/champion/Evelynn.png,https://ddragon.leagueoflegends.com/cdn/16.18.1/data/en_US/champion/Evelynn.json,RIOT_DATA_DRAGON,0.5,0.5,0.5,0.5,AUTO_DEFAULT,Square portrait; validate resolution.
media:splash:evelynn,char:evelynn,CHAMPION,SPLASH,https://ddragon.leagueoflegends.com/cdn/img/champion/splash/Evelynn_0.jpg,https://ddragon.leagueoflegends.com/cdn/16.18.1/data/en_US/champion/Evelynn.json,RIOT_DATA_DRAGON,,,,,NEEDS_FOCAL_QA,Base splash. Store per-champion focal point after visual QA.
media:portrait:ezreal,char:ezreal,CHAMPION,PORTRAIT,https://ddragon.leagueoflegends.com/cdn/16.18.1/img/champion/Ezreal.png,https://ddragon.leagueoflegends.com/cdn/16.18.1/data/en_US/champion/Ezreal.json,RIOT_DATA_DRAGON,0.5,0.5,0.5,0.5,AUTO_DEFAULT,Square portrait; validate resolution.
media:splash:ezreal,char:ezreal,CHAMPION,SPLASH,https://ddragon.leagueoflegends.com/cdn/img/champion/splash/Ezreal_0.jpg,https://ddragon.leagueoflegends.com/cdn/16.18.1/data/en_US/champion/Ezreal.json,RIOT_DATA_DRAGON,,,,,NEEDS_FOCAL_QA,Base splash. Store per-champion focal point after visual QA.
media:portrait:fiddlesticks,char:fiddlesticks,CHAMPION,PORTRAIT,https://ddragon.leagueoflegends.com/cdn/16.18.1/img/champion/Fiddlesticks.png,https://ddragon.leagueoflegends.com/cdn/16.18.1/data/en_US/champion/Fiddlesticks.json,RIOT_DATA_DRAGON,0.5,0.5,0.5,0.5,AUTO_DEFAULT,Square portrait; validate resolution.
media:splash:fiddlesticks,char:fiddlesticks,CHAMPION,SPLASH,https://ddragon.leagueoflegends.com/cdn/img/champion/splash/Fiddlesticks_0.jpg,https://ddragon.leagueoflegends.com/cdn/16.18.1/data/en_US/champion/Fiddlesticks.json,RIOT_DATA_DRAGON,,,,,NEEDS_FOCAL_QA,Base splash. Store per-champion focal point after visual QA.
media:portrait:fiora,char:fiora,CHAMPION,PORTRAIT,https://ddragon.leagueoflegends.com/cdn/16.18.1/img/champion/Fiora.png,https://ddragon.leagueoflegends.com/cdn/16.18.1/data/en_US/champion/Fiora.json,RIOT_DATA_DRAGON,0.5,0.5,0.5,0.5,AUTO_DEFAULT,Square portrait; validate resolution.
media:splash:fiora,char:fiora,CHAMPION,SPLASH,https://ddragon.leagueoflegends.com/cdn/img/champion/splash/Fiora_0.jpg,https://ddragon.leagueoflegends.com/cdn/16.18.1/data/en_US/champion/Fiora.json,RIOT_DATA_DRAGON,,,,,NEEDS_FOCAL_QA,Base splash. Store per-champion focal point after visual QA.
media:portrait:fizz,char:fizz,CHAMPION,PORTRAIT,https://ddragon.leagueoflegends.com/cdn/16.18.1/img/champion/Fizz.png,https://ddragon.leagueoflegends.com/cdn/16.18.1/data/en_US/champion/Fizz.json,RIOT_DATA_DRAGON,0.5,0.5,0.5,0.5,AUTO_DEFAULT,Square portrait; validate resolution.
media:splash:fizz,char:fizz,CHAMPION,SPLASH,https://ddragon.leagueoflegends.com/cdn/img/champion/splash/Fizz_0.jpg,https://ddragon.leagueoflegends.com/cdn/16.18.1/data/en_US/champion/Fizz.json,RIOT_DATA_DRAGON,,,,,NEEDS_FOCAL_QA,Base splash. Store per-champion focal point after visual QA.
media:portrait:galio,char:galio,CHAMPION,PORTRAIT,https://ddragon.leagueoflegends.com/cdn/16.18.1/img/champion/Galio.png,https://ddragon.leagueoflegends.com/cdn/16.18.1/data/en_US/champion/Galio.json,RIOT_DATA_DRAGON,0.5,0.5,0.5,0.5,AUTO_DEFAULT,Square portrait; validate resolution.
media:splash:galio,char:galio,CHAMPION,SPLASH,https://ddragon.leagueoflegends.com/cdn/img/champion/splash/Galio_0.jpg,https://ddragon.leagueoflegends.com/cdn/16.18.1/data/en_US/champion/Galio.json,RIOT_DATA_DRAGON,,,,,NEEDS_FOCAL_QA,Base splash. Store per-champion focal point after visual QA.
media:portrait:gangplank,char:gangplank,CHAMPION,PORTRAIT,https://ddragon.leagueoflegends.com/cdn/16.18.1/img/champion/Gangplank.png,https://ddragon.leagueoflegends.com/cdn/16.18.1/data/en_US/champion/Gangplank.json,RIOT_DATA_DRAGON,0.5,0.5,0.5,0.5,AUTO_DEFAULT,Square portrait; validate resolution.
media:splash:gangplank,char:gangplank,CHAMPION,SPLASH,https://ddragon.leagueoflegends.com/cdn/img/champion/splash/Gangplank_0.jpg,https://ddragon.leagueoflegends.com/cdn/16.18.1/data/en_US/champion/Gangplank.json,RIOT_DATA_DRAGON,,,,,NEEDS_FOCAL_QA,Base splash. Store per-champion focal point after visual QA.
media:portrait:garen,char:garen,CHAMPION,PORTRAIT,https://ddragon.leagueoflegends.com/cdn/16.18.1/img/champion/Garen.png,https://ddragon.leagueoflegends.com/cdn/16.18.1/data/en_US/champion/Garen.json,RIOT_DATA_DRAGON,0.5,0.5,0.5,0.5,AUTO_DEFAULT,Square portrait; validate resolution.
media:splash:garen,char:garen,CHAMPION,SPLASH,https://ddragon.leagueoflegends.com/cdn/img/champion/splash/Garen_0.jpg,https://ddragon.leagueoflegends.com/cdn/16.18.1/data/en_US/champion/Garen.json,RIOT_DATA_DRAGON,,,,,NEEDS_FOCAL_QA,Base splash. Store per-champion focal point after visual QA.
media:portrait:gnar,char:gnar,CHAMPION,PORTRAIT,https://ddragon.leagueoflegends.com/cdn/16.18.1/img/champion/Gnar.png,https://ddragon.leagueoflegends.com/cdn/16.18.1/data/en_US/champion/Gnar.json,RIOT_DATA_DRAGON,0.5,0.5,0.5,0.5,AUTO_DEFAULT,Square portrait; validate resolution.
media:splash:gnar,char:gnar,CHAMPION,SPLASH,https://ddragon.leagueoflegends.com/cdn/img/champion/splash/Gnar_0.jpg,https://ddragon.leagueoflegends.com/cdn/16.18.1/data/en_US/champion/Gnar.json,RIOT_DATA_DRAGON,,,,,NEEDS_FOCAL_QA,Base splash. Store per-champion focal point after visual QA.
media:portrait:gragas,char:gragas,CHAMPION,PORTRAIT,https://ddragon.leagueoflegends.com/cdn/16.18.1/img/champion/Gragas.png,https://ddragon.leagueoflegends.com/cdn/16.18.1/data/en_US/champion/Gragas.json,RIOT_DATA_DRAGON,0.5,0.5,0.5,0.5,AUTO_DEFAULT,Square portrait; validate resolution.
media:splash:gragas,char:gragas,CHAMPION,SPLASH,https://ddragon.leagueoflegends.com/cdn/img/champion/splash/Gragas_0.jpg,https://ddragon.leagueoflegends.com/cdn/16.18.1/data/en_US/champion/Gragas.json,RIOT_DATA_DRAGON,,,,,NEEDS_FOCAL_QA,Base splash. Store per-champion focal point after visual QA.
media:portrait:graves,char:graves,CHAMPION,PORTRAIT,https://ddragon.leagueoflegends.com/cdn/16.18.1/img/champion/Graves.png,https://ddragon.leagueoflegends.com/cdn/16.18.1/data/en_US/champion/Graves.json,RIOT_DATA_DRAGON,0.5,0.5,0.5,0.5,AUTO_DEFAULT,Square portrait; validate resolution.
media:splash:graves,char:graves,CHAMPION,SPLASH,https://ddragon.leagueoflegends.com/cdn/img/champion/splash/Graves_0.jpg,https://ddragon.leagueoflegends.com/cdn/16.18.1/data/en_US/champion/Graves.json,RIOT_DATA_DRAGON,,,,,NEEDS_FOCAL_QA,Base splash. Store per-champion focal point after visual QA.
media:portrait:gwen,char:gwen,CHAMPION,PORTRAIT,https://ddragon.leagueoflegends.com/cdn/16.18.1/img/champion/Gwen.png,https://ddragon.leagueoflegends.com/cdn/16.18.1/data/en_US/champion/Gwen.json,RIOT_DATA_DRAGON,0.5,0.5,0.5,0.5,AUTO_DEFAULT,Square portrait; validate resolution.
media:splash:gwen,char:gwen,CHAMPION,SPLASH,https://ddragon.leagueoflegends.com/cdn/img/champion/splash/Gwen_0.jpg,https://ddragon.leagueoflegends.com/cdn/16.18.1/data/en_US/champion/Gwen.json,RIOT_DATA_DRAGON,,,,,NEEDS_FOCAL_QA,Base splash. Store per-champion focal point after visual QA.
media:portrait:hecarim,char:hecarim,CHAMPION,PORTRAIT,https://ddragon.leagueoflegends.com/cdn/16.18.1/img/champion/Hecarim.png,https://ddragon.leagueoflegends.com/cdn/16.18.1/data/en_US/champion/Hecarim.json,RIOT_DATA_DRAGON,0.5,0.5,0.5,0.5,AUTO_DEFAULT,Square portrait; validate resolution.
media:splash:hecarim,char:hecarim,CHAMPION,SPLASH,https://ddragon.leagueoflegends.com/cdn/img/champion/splash/Hecarim_0.jpg,https://ddragon.leagueoflegends.com/cdn/16.18.1/data/en_US/champion/Hecarim.json,RIOT_DATA_DRAGON,,,,,NEEDS_FOCAL_QA,Base splash. Store per-champion focal point after visual QA.
media:portrait:heimerdinger,char:heimerdinger,CHAMPION,PORTRAIT,https://ddragon.leagueoflegends.com/cdn/16.18.1/img/champion/Heimerdinger.png,https://ddragon.leagueoflegends.com/cdn/16.18.1/data/en_US/champion/Heimerdinger.json,RIOT_DATA_DRAGON,0.5,0.5,0.5,0.5,AUTO_DEFAULT,Square portrait; validate resolution.
media:splash:heimerdinger,char:heimerdinger,CHAMPION,SPLASH,https://ddragon.leagueoflegends.com/cdn/img/champion/splash/Heimerdinger_0.jpg,https://ddragon.leagueoflegends.com/cdn/16.18.1/data/en_US/champion/Heimerdinger.json,RIOT_DATA_DRAGON,,,,,NEEDS_FOCAL_QA,Base splash. Store per-champion focal point after visual QA.
media:portrait:hwei,char:hwei,CHAMPION,PORTRAIT,https://ddragon.leagueoflegends.com/cdn/16.18.1/img/champion/Hwei.png,https://ddragon.leagueoflegends.com/cdn/16.18.1/data/en_US/champion/Hwei.json,RIOT_DATA_DRAGON,0.5,0.5,0.5,0.5,AUTO_DEFAULT,Square portrait; validate resolution.
media:splash:hwei,char:hwei,CHAMPION,SPLASH,https://ddragon.leagueoflegends.com/cdn/img/champion/splash/Hwei_0.jpg,https://ddragon.leagueoflegends.com/cdn/16.18.1/data/en_US/champion/Hwei.json,RIOT_DATA_DRAGON,,,,,NEEDS_FOCAL_QA,Base splash. Store per-champion focal point after visual QA.
media:portrait:illaoi,char:illaoi,CHAMPION,PORTRAIT,https://ddragon.leagueoflegends.com/cdn/16.18.1/img/champion/Illaoi.png,https://ddragon.leagueoflegends.com/cdn/16.18.1/data/en_US/champion/Illaoi.json,RIOT_DATA_DRAGON,0.5,0.5,0.5,0.5,AUTO_DEFAULT,Square portrait; validate resolution.
media:splash:illaoi,char:illaoi,CHAMPION,SPLASH,https://ddragon.leagueoflegends.com/cdn/img/champion/splash/Illaoi_0.jpg,https://ddragon.leagueoflegends.com/cdn/16.18.1/data/en_US/champion/Illaoi.json,RIOT_DATA_DRAGON,,,,,NEEDS_FOCAL_QA,Base splash. Store per-champion focal point after visual QA.
media:portrait:irelia,char:irelia,CHAMPION,PORTRAIT,https://ddragon.leagueoflegends.com/cdn/16.18.1/img/champion/Irelia.png,https://ddragon.leagueoflegends.com/cdn/16.18.1/data/en_US/champion/Irelia.json,RIOT_DATA_DRAGON,0.5,0.5,0.5,0.5,AUTO_DEFAULT,Square portrait; validate resolution.
media:splash:irelia,char:irelia,CHAMPION,SPLASH,https://ddragon.leagueoflegends.com/cdn/img/champion/splash/Irelia_0.jpg,https://ddragon.leagueoflegends.com/cdn/16.18.1/data/en_US/champion/Irelia.json,RIOT_DATA_DRAGON,,,,,NEEDS_FOCAL_QA,Base splash. Store per-champion focal point after visual QA.
media:portrait:ivern,char:ivern,CHAMPION,PORTRAIT,https://ddragon.leagueoflegends.com/cdn/16.18.1/img/champion/Ivern.png,https://ddragon.leagueoflegends.com/cdn/16.18.1/data/en_US/champion/Ivern.json,RIOT_DATA_DRAGON,0.5,0.5,0.5,0.5,AUTO_DEFAULT,Square portrait; validate resolution.
media:splash:ivern,char:ivern,CHAMPION,SPLASH,https://ddragon.leagueoflegends.com/cdn/img/champion/splash/Ivern_0.jpg,https://ddragon.leagueoflegends.com/cdn/16.18.1/data/en_US/champion/Ivern.json,RIOT_DATA_DRAGON,,,,,NEEDS_FOCAL_QA,Base splash. Store per-champion focal point after visual QA.
media:portrait:janna,char:janna,CHAMPION,PORTRAIT,https://ddragon.leagueoflegends.com/cdn/16.18.1/img/champion/Janna.png,https://ddragon.leagueoflegends.com/cdn/16.18.1/data/en_US/champion/Janna.json,RIOT_DATA_DRAGON,0.5,0.5,0.5,0.5,AUTO_DEFAULT,Square portrait; validate resolution.
media:splash:janna,char:janna,CHAMPION,SPLASH,https://ddragon.leagueoflegends.com/cdn/img/champion/splash/Janna_0.jpg,https://ddragon.leagueoflegends.com/cdn/16.18.1/data/en_US/champion/Janna.json,RIOT_DATA_DRAGON,,,,,NEEDS_FOCAL_QA,Base splash. Store per-champion focal point after visual QA.
media:portrait:jarvan-iv,char:jarvan-iv,CHAMPION,PORTRAIT,https://ddragon.leagueoflegends.com/cdn/16.18.1/img/champion/JarvanIV.png,https://ddragon.leagueoflegends.com/cdn/16.18.1/data/en_US/champion/JarvanIV.json,RIOT_DATA_DRAGON,0.5,0.5,0.5,0.5,AUTO_DEFAULT,Square portrait; validate resolution.
media:splash:jarvan-iv,char:jarvan-iv,CHAMPION,SPLASH,https://ddragon.leagueoflegends.com/cdn/img/champion/splash/JarvanIV_0.jpg,https://ddragon.leagueoflegends.com/cdn/16.18.1/data/en_US/champion/JarvanIV.json,RIOT_DATA_DRAGON,,,,,NEEDS_FOCAL_QA,Base splash. Store per-champion focal point after visual QA.
media:portrait:jax,char:jax,CHAMPION,PORTRAIT,https://ddragon.leagueoflegends.com/cdn/16.18.1/img/champion/Jax.png,https://ddragon.leagueoflegends.com/cdn/16.18.1/data/en_US/champion/Jax.json,RIOT_DATA_DRAGON,0.5,0.5,0.5,0.5,AUTO_DEFAULT,Square portrait; validate resolution.
media:splash:jax,char:jax,CHAMPION,SPLASH,https://ddragon.leagueoflegends.com/cdn/img/champion/splash/Jax_0.jpg,https://ddragon.leagueoflegends.com/cdn/16.18.1/data/en_US/champion/Jax.json,RIOT_DATA_DRAGON,,,,,NEEDS_FOCAL_QA,Base splash. Store per-champion focal point after visual QA.
media:portrait:jayce,char:jayce,CHAMPION,PORTRAIT,https://ddragon.leagueoflegends.com/cdn/16.18.1/img/champion/Jayce.png,https://ddragon.leagueoflegends.com/cdn/16.18.1/data/en_US/champion/Jayce.json,RIOT_DATA_DRAGON,0.5,0.5,0.5,0.5,AUTO_DEFAULT,Square portrait; validate resolution.
media:splash:jayce,char:jayce,CHAMPION,SPLASH,https://ddragon.leagueoflegends.com/cdn/img/champion/splash/Jayce_0.jpg,https://ddragon.leagueoflegends.com/cdn/16.18.1/data/en_US/champion/Jayce.json,RIOT_DATA_DRAGON,,,,,NEEDS_FOCAL_QA,Base splash. Store per-champion focal point after visual QA.
media:portrait:jhin,char:jhin,CHAMPION,PORTRAIT,https://ddragon.leagueoflegends.com/cdn/16.18.1/img/champion/Jhin.png,https://ddragon.leagueoflegends.com/cdn/16.18.1/data/en_US/champion/Jhin.json,RIOT_DATA_DRAGON,0.5,0.5,0.5,0.5,AUTO_DEFAULT,Square portrait; validate resolution.
media:splash:jhin,char:jhin,CHAMPION,SPLASH,https://ddragon.leagueoflegends.com/cdn/img/champion/splash/Jhin_0.jpg,https://ddragon.leagueoflegends.com/cdn/16.18.1/data/en_US/champion/Jhin.json,RIOT_DATA_DRAGON,,,,,NEEDS_FOCAL_QA,Base splash. Store per-champion focal point after visual QA.
media:portrait:jinx,char:jinx,CHAMPION,PORTRAIT,https://ddragon.leagueoflegends.com/cdn/16.18.1/img/champion/Jinx.png,https://ddragon.leagueoflegends.com/cdn/16.18.1/data/en_US/champion/Jinx.json,RIOT_DATA_DRAGON,0.5,0.5,0.5,0.5,AUTO_DEFAULT,Square portrait; validate resolution.
media:splash:jinx,char:jinx,CHAMPION,SPLASH,https://ddragon.leagueoflegends.com/cdn/img/champion/splash/Jinx_0.jpg,https://ddragon.leagueoflegends.com/cdn/16.18.1/data/en_US/champion/Jinx.json,RIOT_DATA_DRAGON,,,,,NEEDS_FOCAL_QA,Base splash. Store per-champion focal point after visual QA.
media:portrait:k-sante,char:k-sante,CHAMPION,PORTRAIT,https://ddragon.leagueoflegends.com/cdn/16.18.1/img/champion/KSante.png,https://ddragon.leagueoflegends.com/cdn/16.18.1/data/en_US/champion/KSante.json,RIOT_DATA_DRAGON,0.5,0.5,0.5,0.5,AUTO_DEFAULT,Square portrait; validate resolution.
media:splash:k-sante,char:k-sante,CHAMPION,SPLASH,https://ddragon.leagueoflegends.com/cdn/img/champion/splash/KSante_0.jpg,https://ddragon.leagueoflegends.com/cdn/16.18.1/data/en_US/champion/KSante.json,RIOT_DATA_DRAGON,,,,,NEEDS_FOCAL_QA,Base splash. Store per-champion focal point after visual QA.
media:portrait:kai-sa,char:kai-sa,CHAMPION,PORTRAIT,https://ddragon.leagueoflegends.com/cdn/16.18.1/img/champion/Kaisa.png,https://ddragon.leagueoflegends.com/cdn/16.18.1/data/en_US/champion/Kaisa.json,RIOT_DATA_DRAGON,0.5,0.5,0.5,0.5,AUTO_DEFAULT,Square portrait; validate resolution.
media:splash:kai-sa,char:kai-sa,CHAMPION,SPLASH,https://ddragon.leagueoflegends.com/cdn/img/champion/splash/Kaisa_0.jpg,https://ddragon.leagueoflegends.com/cdn/16.18.1/data/en_US/champion/Kaisa.json,RIOT_DATA_DRAGON,,,,,NEEDS_FOCAL_QA,Base splash. Store per-champion focal point after visual QA.
media:portrait:kalista,char:kalista,CHAMPION,PORTRAIT,https://ddragon.leagueoflegends.com/cdn/16.18.1/img/champion/Kalista.png,https://ddragon.leagueoflegends.com/cdn/16.18.1/data/en_US/champion/Kalista.json,RIOT_DATA_DRAGON,0.5,0.5,0.5,0.5,AUTO_DEFAULT,Square portrait; validate resolution.
media:splash:kalista,char:kalista,CHAMPION,SPLASH,https://ddragon.leagueoflegends.com/cdn/img/champion/splash/Kalista_0.jpg,https://ddragon.leagueoflegends.com/cdn/16.18.1/data/en_US/champion/Kalista.json,RIOT_DATA_DRAGON,,,,,NEEDS_FOCAL_QA,Base splash. Store per-champion focal point after visual QA.
media:portrait:karma,char:karma,CHAMPION,PORTRAIT,https://ddragon.leagueoflegends.com/cdn/16.18.1/img/champion/Karma.png,https://ddragon.leagueoflegends.com/cdn/16.18.1/data/en_US/champion/Karma.json,RIOT_DATA_DRAGON,0.5,0.5,0.5,0.5,AUTO_DEFAULT,Square portrait; validate resolution.
media:splash:karma,char:karma,CHAMPION,SPLASH,https://ddragon.leagueoflegends.com/cdn/img/champion/splash/Karma_0.jpg,https://ddragon.leagueoflegends.com/cdn/16.18.1/data/en_US/champion/Karma.json,RIOT_DATA_DRAGON,,,,,NEEDS_FOCAL_QA,Base splash. Store per-champion focal point after visual QA.
media:portrait:karthus,char:karthus,CHAMPION,PORTRAIT,https://ddragon.leagueoflegends.com/cdn/16.18.1/img/champion/Karthus.png,https://ddragon.leagueoflegends.com/cdn/16.18.1/data/en_US/champion/Karthus.json,RIOT_DATA_DRAGON,0.5,0.5,0.5,0.5,AUTO_DEFAULT,Square portrait; validate resolution.
media:splash:karthus,char:karthus,CHAMPION,SPLASH,https://ddragon.leagueoflegends.com/cdn/img/champion/splash/Karthus_0.jpg,https://ddragon.leagueoflegends.com/cdn/16.18.1/data/en_US/champion/Karthus.json,RIOT_DATA_DRAGON,,,,,NEEDS_FOCAL_QA,Base splash. Store per-champion focal point after visual QA.
media:portrait:kassadin,char:kassadin,CHAMPION,PORTRAIT,https://ddragon.leagueoflegends.com/cdn/16.18.1/img/champion/Kassadin.png,https://ddragon.leagueoflegends.com/cdn/16.18.1/data/en_US/champion/Kassadin.json,RIOT_DATA_DRAGON,0.5,0.5,0.5,0.5,AUTO_DEFAULT,Square portrait; validate resolution.
media:splash:kassadin,char:kassadin,CHAMPION,SPLASH,https://ddragon.leagueoflegends.com/cdn/img/champion/splash/Kassadin_0.jpg,https://ddragon.leagueoflegends.com/cdn/16.18.1/data/en_US/champion/Kassadin.json,RIOT_DATA_DRAGON,,,,,NEEDS_FOCAL_QA,Base splash. Store per-champion focal point after visual QA.
media:portrait:katarina,char:katarina,CHAMPION,PORTRAIT,https://ddragon.leagueoflegends.com/cdn/16.18.1/img/champion/Katarina.png,https://ddragon.leagueoflegends.com/cdn/16.18.1/data/en_US/champion/Katarina.json,RIOT_DATA_DRAGON,0.5,0.5,0.5,0.5,AUTO_DEFAULT,Square portrait; validate resolution.
media:splash:katarina,char:katarina,CHAMPION,SPLASH,https://ddragon.leagueoflegends.com/cdn/img/champion/splash/Katarina_0.jpg,https://ddragon.leagueoflegends.com/cdn/16.18.1/data/en_US/champion/Katarina.json,RIOT_DATA_DRAGON,,,,,NEEDS_FOCAL_QA,Base splash. Store per-champion focal point after visual QA.
media:portrait:kayle,char:kayle,CHAMPION,PORTRAIT,https://ddragon.leagueoflegends.com/cdn/16.18.1/img/champion/Kayle.png,https://ddragon.leagueoflegends.com/cdn/16.18.1/data/en_US/champion/Kayle.json,RIOT_DATA_DRAGON,0.5,0.5,0.5,0.5,AUTO_DEFAULT,Square portrait; validate resolution.
media:splash:kayle,char:kayle,CHAMPION,SPLASH,https://ddragon.leagueoflegends.com/cdn/img/champion/splash/Kayle_0.jpg,https://ddragon.leagueoflegends.com/cdn/16.18.1/data/en_US/champion/Kayle.json,RIOT_DATA_DRAGON,,,,,NEEDS_FOCAL_QA,Base splash. Store per-champion focal point after visual QA.
media:portrait:kayn,char:kayn,CHAMPION,PORTRAIT,https://ddragon.leagueoflegends.com/cdn/16.18.1/img/champion/Kayn.png,https://ddragon.leagueoflegends.com/cdn/16.18.1/data/en_US/champion/Kayn.json,RIOT_DATA_DRAGON,0.5,0.5,0.5,0.5,AUTO_DEFAULT,Square portrait; validate resolution.
media:splash:kayn,char:kayn,CHAMPION,SPLASH,https://ddragon.leagueoflegends.com/cdn/img/champion/splash/Kayn_0.jpg,https://ddragon.leagueoflegends.com/cdn/16.18.1/data/en_US/champion/Kayn.json,RIOT_DATA_DRAGON,,,,,NEEDS_FOCAL_QA,Base splash. Store per-champion focal point after visual QA.
media:portrait:kennen,char:kennen,CHAMPION,PORTRAIT,https://ddragon.leagueoflegends.com/cdn/16.18.1/img/champion/Kennen.png,https://ddragon.leagueoflegends.com/cdn/16.18.1/data/en_US/champion/Kennen.json,RIOT_DATA_DRAGON,0.5,0.5,0.5,0.5,AUTO_DEFAULT,Square portrait; validate resolution.
media:splash:kennen,char:kennen,CHAMPION,SPLASH,https://ddragon.leagueoflegends.com/cdn/img/champion/splash/Kennen_0.jpg,https://ddragon.leagueoflegends.com/cdn/16.18.1/data/en_US/champion/Kennen.json,RIOT_DATA_DRAGON,,,,,NEEDS_FOCAL_QA,Base splash. Store per-champion focal point after visual QA.
media:portrait:kha-zix,char:kha-zix,CHAMPION,PORTRAIT,https://ddragon.leagueoflegends.com/cdn/16.18.1/img/champion/Khazix.png,https://ddragon.leagueoflegends.com/cdn/16.18.1/data/en_US/champion/Khazix.json,RIOT_DATA_DRAGON,0.5,0.5,0.5,0.5,AUTO_DEFAULT,Square portrait; validate resolution.
media:splash:kha-zix,char:kha-zix,CHAMPION,SPLASH,https://ddragon.leagueoflegends.com/cdn/img/champion/splash/Khazix_0.jpg,https://ddragon.leagueoflegends.com/cdn/16.18.1/data/en_US/champion/Khazix.json,RIOT_DATA_DRAGON,,,,,NEEDS_FOCAL_QA,Base splash. Store per-champion focal point after visual QA.
media:portrait:kindred,char:kindred,CHAMPION,PORTRAIT,https://ddragon.leagueoflegends.com/cdn/16.18.1/img/champion/Kindred.png,https://ddragon.leagueoflegends.com/cdn/16.18.1/data/en_US/champion/Kindred.json,RIOT_DATA_DRAGON,0.5,0.5,0.5,0.5,AUTO_DEFAULT,Square portrait; validate resolution.
media:splash:kindred,char:kindred,CHAMPION,SPLASH,https://ddragon.leagueoflegends.com/cdn/img/champion/splash/Kindred_0.jpg,https://ddragon.leagueoflegends.com/cdn/16.18.1/data/en_US/champion/Kindred.json,RIOT_DATA_DRAGON,,,,,NEEDS_FOCAL_QA,Base splash. Store per-champion focal point after visual QA.
media:portrait:kled,char:kled,CHAMPION,PORTRAIT,https://ddragon.leagueoflegends.com/cdn/16.18.1/img/champion/Kled.png,https://ddragon.leagueoflegends.com/cdn/16.18.1/data/en_US/champion/Kled.json,RIOT_DATA_DRAGON,0.5,0.5,0.5,0.5,AUTO_DEFAULT,Square portrait; validate resolution.
media:splash:kled,char:kled,CHAMPION,SPLASH,https://ddragon.leagueoflegends.com/cdn/img/champion/splash/Kled_0.jpg,https://ddragon.leagueoflegends.com/cdn/16.18.1/data/en_US/champion/Kled.json,RIOT_DATA_DRAGON,,,,,NEEDS_FOCAL_QA,Base splash. Store per-champion focal point after visual QA.
media:portrait:kog-maw,char:kog-maw,CHAMPION,PORTRAIT,https://ddragon.leagueoflegends.com/cdn/16.18.1/img/champion/KogMaw.png,https://ddragon.leagueoflegends.com/cdn/16.18.1/data/en_US/champion/KogMaw.json,RIOT_DATA_DRAGON,0.5,0.5,0.5,0.5,AUTO_DEFAULT,Square portrait; validate resolution.
media:splash:kog-maw,char:kog-maw,CHAMPION,SPLASH,https://ddragon.leagueoflegends.com/cdn/img/champion/splash/KogMaw_0.jpg,https://ddragon.leagueoflegends.com/cdn/16.18.1/data/en_US/champion/KogMaw.json,RIOT_DATA_DRAGON,,,,,NEEDS_FOCAL_QA,Base splash. Store per-champion focal point after visual QA.
media:portrait:leblanc,char:leblanc,CHAMPION,PORTRAIT,https://ddragon.leagueoflegends.com/cdn/16.18.1/img/champion/Leblanc.png,https://ddragon.leagueoflegends.com/cdn/16.18.1/data/en_US/champion/Leblanc.json,RIOT_DATA_DRAGON,0.5,0.5,0.5,0.5,AUTO_DEFAULT,Square portrait; validate resolution.
media:splash:leblanc,char:leblanc,CHAMPION,SPLASH,https://ddragon.leagueoflegends.com/cdn/img/champion/splash/Leblanc_0.jpg,https://ddragon.leagueoflegends.com/cdn/16.18.1/data/en_US/champion/Leblanc.json,RIOT_DATA_DRAGON,,,,,NEEDS_FOCAL_QA,Base splash. Store per-champion focal point after visual QA.
media:portrait:lee-sin,char:lee-sin,CHAMPION,PORTRAIT,https://ddragon.leagueoflegends.com/cdn/16.18.1/img/champion/LeeSin.png,https://ddragon.leagueoflegends.com/cdn/16.18.1/data/en_US/champion/LeeSin.json,RIOT_DATA_DRAGON,0.5,0.5,0.5,0.5,AUTO_DEFAULT,Square portrait; validate resolution.
media:splash:lee-sin,char:lee-sin,CHAMPION,SPLASH,https://ddragon.leagueoflegends.com/cdn/img/champion/splash/LeeSin_0.jpg,https://ddragon.leagueoflegends.com/cdn/16.18.1/data/en_US/champion/LeeSin.json,RIOT_DATA_DRAGON,,,,,NEEDS_FOCAL_QA,Base splash. Store per-champion focal point after visual QA.
media:portrait:leona,char:leona,CHAMPION,PORTRAIT,https://ddragon.leagueoflegends.com/cdn/16.18.1/img/champion/Leona.png,https://ddragon.leagueoflegends.com/cdn/16.18.1/data/en_US/champion/Leona.json,RIOT_DATA_DRAGON,0.5,0.5,0.5,0.5,AUTO_DEFAULT,Square portrait; validate resolution.
media:splash:leona,char:leona,CHAMPION,SPLASH,https://ddragon.leagueoflegends.com/cdn/img/champion/splash/Leona_0.jpg,https://ddragon.leagueoflegends.com/cdn/16.18.1/data/en_US/champion/Leona.json,RIOT_DATA_DRAGON,,,,,NEEDS_FOCAL_QA,Base splash. Store per-champion focal point after visual QA.
media:portrait:lillia,char:lillia,CHAMPION,PORTRAIT,https://ddragon.leagueoflegends.com/cdn/16.18.1/img/champion/Lillia.png,https://ddragon.leagueoflegends.com/cdn/16.18.1/data/en_US/champion/Lillia.json,RIOT_DATA_DRAGON,0.5,0.5,0.5,0.5,AUTO_DEFAULT,Square portrait; validate resolution.
media:splash:lillia,char:lillia,CHAMPION,SPLASH,https://ddragon.leagueoflegends.com/cdn/img/champion/splash/Lillia_0.jpg,https://ddragon.leagueoflegends.com/cdn/16.18.1/data/en_US/champion/Lillia.json,RIOT_DATA_DRAGON,,,,,NEEDS_FOCAL_QA,Base splash. Store per-champion focal point after visual QA.
media:portrait:lissandra,char:lissandra,CHAMPION,PORTRAIT,https://ddragon.leagueoflegends.com/cdn/16.18.1/img/champion/Lissandra.png,https://ddragon.leagueoflegends.com/cdn/16.18.1/data/en_US/champion/Lissandra.json,RIOT_DATA_DRAGON,0.5,0.5,0.5,0.5,AUTO_DEFAULT,Square portrait; validate resolution.
media:splash:lissandra,char:lissandra,CHAMPION,SPLASH,https://ddragon.leagueoflegends.com/cdn/img/champion/splash/Lissandra_0.jpg,https://ddragon.leagueoflegends.com/cdn/16.18.1/data/en_US/champion/Lissandra.json,RIOT_DATA_DRAGON,,,,,NEEDS_FOCAL_QA,Base splash. Store per-champion focal point after visual QA.
media:portrait:locke,char:locke,CHAMPION,PORTRAIT,https://ddragon.leagueoflegends.com/cdn/16.18.1/img/champion/Locke.png,https://ddragon.leagueoflegends.com/cdn/16.18.1/data/en_US/champion/Locke.json,RIOT_DATA_DRAGON,0.5,0.5,0.5,0.5,AUTO_DEFAULT,Square portrait; validate resolution.
media:splash:locke,char:locke,CHAMPION,SPLASH,https://ddragon.leagueoflegends.com/cdn/img/champion/splash/Locke_0.jpg,https://ddragon.leagueoflegends.com/cdn/16.18.1/data/en_US/champion/Locke.json,RIOT_DATA_DRAGON,,,,,NEEDS_FOCAL_QA,Base splash. Store per-champion focal point after visual QA.
media:portrait:lucian,char:lucian,CHAMPION,PORTRAIT,https://ddragon.leagueoflegends.com/cdn/16.18.1/img/champion/Lucian.png,https://ddragon.leagueoflegends.com/cdn/16.18.1/data/en_US/champion/Lucian.json,RIOT_DATA_DRAGON,0.5,0.5,0.5,0.5,AUTO_DEFAULT,Square portrait; validate resolution.
media:splash:lucian,char:lucian,CHAMPION,SPLASH,https://ddragon.leagueoflegends.com/cdn/img/champion/splash/Lucian_0.jpg,https://ddragon.leagueoflegends.com/cdn/16.18.1/data/en_US/champion/Lucian.json,RIOT_DATA_DRAGON,,,,,NEEDS_FOCAL_QA,Base splash. Store per-champion focal point after visual QA.
media:portrait:lulu,char:lulu,CHAMPION,PORTRAIT,https://ddragon.leagueoflegends.com/cdn/16.18.1/img/champion/Lulu.png,https://ddragon.leagueoflegends.com/cdn/16.18.1/data/en_US/champion/Lulu.json,RIOT_DATA_DRAGON,0.5,0.5,0.5,0.5,AUTO_DEFAULT,Square portrait; validate resolution.
media:splash:lulu,char:lulu,CHAMPION,SPLASH,https://ddragon.leagueoflegends.com/cdn/img/champion/splash/Lulu_0.jpg,https://ddragon.leagueoflegends.com/cdn/16.18.1/data/en_US/champion/Lulu.json,RIOT_DATA_DRAGON,,,,,NEEDS_FOCAL_QA,Base splash. Store per-champion focal point after visual QA.
media:portrait:lux,char:lux,CHAMPION,PORTRAIT,https://ddragon.leagueoflegends.com/cdn/16.18.1/img/champion/Lux.png,https://ddragon.leagueoflegends.com/cdn/16.18.1/data/en_US/champion/Lux.json,RIOT_DATA_DRAGON,0.5,0.5,0.5,0.5,AUTO_DEFAULT,Square portrait; validate resolution.
media:splash:lux,char:lux,CHAMPION,SPLASH,https://ddragon.leagueoflegends.com/cdn/img/champion/splash/Lux_0.jpg,https://ddragon.leagueoflegends.com/cdn/16.18.1/data/en_US/champion/Lux.json,RIOT_DATA_DRAGON,,,,,NEEDS_FOCAL_QA,Base splash. Store per-champion focal point after visual QA.
media:portrait:malphite,char:malphite,CHAMPION,PORTRAIT,https://ddragon.leagueoflegends.com/cdn/16.18.1/img/champion/Malphite.png,https://ddragon.leagueoflegends.com/cdn/16.18.1/data/en_US/champion/Malphite.json,RIOT_DATA_DRAGON,0.5,0.5,0.5,0.5,AUTO_DEFAULT,Square portrait; validate resolution.
media:splash:malphite,char:malphite,CHAMPION,SPLASH,https://ddragon.leagueoflegends.com/cdn/img/champion/splash/Malphite_0.jpg,https://ddragon.leagueoflegends.com/cdn/16.18.1/data/en_US/champion/Malphite.json,RIOT_DATA_DRAGON,,,,,NEEDS_FOCAL_QA,Base splash. Store per-champion focal point after visual QA.
media:portrait:malzahar,char:malzahar,CHAMPION,PORTRAIT,https://ddragon.leagueoflegends.com/cdn/16.18.1/img/champion/Malzahar.png,https://ddragon.leagueoflegends.com/cdn/16.18.1/data/en_US/champion/Malzahar.json,RIOT_DATA_DRAGON,0.5,0.5,0.5,0.5,AUTO_DEFAULT,Square portrait; validate resolution.
media:splash:malzahar,char:malzahar,CHAMPION,SPLASH,https://ddragon.leagueoflegends.com/cdn/img/champion/splash/Malzahar_0.jpg,https://ddragon.leagueoflegends.com/cdn/16.18.1/data/en_US/champion/Malzahar.json,RIOT_DATA_DRAGON,,,,,NEEDS_FOCAL_QA,Base splash. Store per-champion focal point after visual QA.
media:portrait:maokai,char:maokai,CHAMPION,PORTRAIT,https://ddragon.leagueoflegends.com/cdn/16.18.1/img/champion/Maokai.png,https://ddragon.leagueoflegends.com/cdn/16.18.1/data/en_US/champion/Maokai.json,RIOT_DATA_DRAGON,0.5,0.5,0.5,0.5,AUTO_DEFAULT,Square portrait; validate resolution.
media:splash:maokai,char:maokai,CHAMPION,SPLASH,https://ddragon.leagueoflegends.com/cdn/img/champion/splash/Maokai_0.jpg,https://ddragon.leagueoflegends.com/cdn/16.18.1/data/en_US/champion/Maokai.json,RIOT_DATA_DRAGON,,,,,NEEDS_FOCAL_QA,Base splash. Store per-champion focal point after visual QA.
media:portrait:master-yi,char:master-yi,CHAMPION,PORTRAIT,https://ddragon.leagueoflegends.com/cdn/16.18.1/img/champion/MasterYi.png,https://ddragon.leagueoflegends.com/cdn/16.18.1/data/en_US/champion/MasterYi.json,RIOT_DATA_DRAGON,0.5,0.5,0.5,0.5,AUTO_DEFAULT,Square portrait; validate resolution.
media:splash:master-yi,char:master-yi,CHAMPION,SPLASH,https://ddragon.leagueoflegends.com/cdn/img/champion/splash/MasterYi_0.jpg,https://ddragon.leagueoflegends.com/cdn/16.18.1/data/en_US/champion/MasterYi.json,RIOT_DATA_DRAGON,,,,,NEEDS_FOCAL_QA,Base splash. Store per-champion focal point after visual QA.
media:portrait:mel,char:mel,CHAMPION,PORTRAIT,https://ddragon.leagueoflegends.com/cdn/16.18.1/img/champion/Mel.png,https://ddragon.leagueoflegends.com/cdn/16.18.1/data/en_US/champion/Mel.json,RIOT_DATA_DRAGON,0.5,0.5,0.5,0.5,AUTO_DEFAULT,Square portrait; validate resolution.
media:splash:mel,char:mel,CHAMPION,SPLASH,https://ddragon.leagueoflegends.com/cdn/img/champion/splash/Mel_0.jpg,https://ddragon.leagueoflegends.com/cdn/16.18.1/data/en_US/champion/Mel.json,RIOT_DATA_DRAGON,,,,,NEEDS_FOCAL_QA,Base splash. Store per-champion focal point after visual QA.
media:portrait:milio,char:milio,CHAMPION,PORTRAIT,https://ddragon.leagueoflegends.com/cdn/16.18.1/img/champion/Milio.png,https://ddragon.leagueoflegends.com/cdn/16.18.1/data/en_US/champion/Milio.json,RIOT_DATA_DRAGON,0.5,0.5,0.5,0.5,AUTO_DEFAULT,Square portrait; validate resolution.
media:splash:milio,char:milio,CHAMPION,SPLASH,https://ddragon.leagueoflegends.com/cdn/img/champion/splash/Milio_0.jpg,https://ddragon.leagueoflegends.com/cdn/16.18.1/data/en_US/champion/Milio.json,RIOT_DATA_DRAGON,,,,,NEEDS_FOCAL_QA,Base splash. Store per-champion focal point after visual QA.
media:portrait:miss-fortune,char:miss-fortune,CHAMPION,PORTRAIT,https://ddragon.leagueoflegends.com/cdn/16.18.1/img/champion/MissFortune.png,https://ddragon.leagueoflegends.com/cdn/16.18.1/data/en_US/champion/MissFortune.json,RIOT_DATA_DRAGON,0.5,0.5,0.5,0.5,AUTO_DEFAULT,Square portrait; validate resolution.
media:splash:miss-fortune,char:miss-fortune,CHAMPION,SPLASH,https://ddragon.leagueoflegends.com/cdn/img/champion/splash/MissFortune_0.jpg,https://ddragon.leagueoflegends.com/cdn/16.18.1/data/en_US/champion/MissFortune.json,RIOT_DATA_DRAGON,,,,,NEEDS_FOCAL_QA,Base splash. Store per-champion focal point after visual QA.
media:portrait:mordekaiser,char:mordekaiser,CHAMPION,PORTRAIT,https://ddragon.leagueoflegends.com/cdn/16.18.1/img/champion/Mordekaiser.png,https://ddragon.leagueoflegends.com/cdn/16.18.1/data/en_US/champion/Mordekaiser.json,RIOT_DATA_DRAGON,0.5,0.5,0.5,0.5,AUTO_DEFAULT,Square portrait; validate resolution.
media:splash:mordekaiser,char:mordekaiser,CHAMPION,SPLASH,https://ddragon.leagueoflegends.com/cdn/img/champion/splash/Mordekaiser_0.jpg,https://ddragon.leagueoflegends.com/cdn/16.18.1/data/en_US/champion/Mordekaiser.json,RIOT_DATA_DRAGON,,,,,NEEDS_FOCAL_QA,Base splash. Store per-champion focal point after visual QA.
media:portrait:morgana,char:morgana,CHAMPION,PORTRAIT,https://ddragon.leagueoflegends.com/cdn/16.18.1/img/champion/Morgana.png,https://ddragon.leagueoflegends.com/cdn/16.18.1/data/en_US/champion/Morgana.json,RIOT_DATA_DRAGON,0.5,0.5,0.5,0.5,AUTO_DEFAULT,Square portrait; validate resolution.
media:splash:morgana,char:morgana,CHAMPION,SPLASH,https://ddragon.leagueoflegends.com/cdn/img/champion/splash/Morgana_0.jpg,https://ddragon.leagueoflegends.com/cdn/16.18.1/data/en_US/champion/Morgana.json,RIOT_DATA_DRAGON,,,,,NEEDS_FOCAL_QA,Base splash. Store per-champion focal point after visual QA.
media:portrait:naafiri,char:naafiri,CHAMPION,PORTRAIT,https://ddragon.leagueoflegends.com/cdn/16.18.1/img/champion/Naafiri.png,https://ddragon.leagueoflegends.com/cdn/16.18.1/data/en_US/champion/Naafiri.json,RIOT_DATA_DRAGON,0.5,0.5,0.5,0.5,AUTO_DEFAULT,Square portrait; validate resolution.
media:splash:naafiri,char:naafiri,CHAMPION,SPLASH,https://ddragon.leagueoflegends.com/cdn/img/champion/splash/Naafiri_0.jpg,https://ddragon.leagueoflegends.com/cdn/16.18.1/data/en_US/champion/Naafiri.json,RIOT_DATA_DRAGON,,,,,NEEDS_FOCAL_QA,Base splash. Store per-champion focal point after visual QA.
media:portrait:nami,char:nami,CHAMPION,PORTRAIT,https://ddragon.leagueoflegends.com/cdn/16.18.1/img/champion/Nami.png,https://ddragon.leagueoflegends.com/cdn/16.18.1/data/en_US/champion/Nami.json,RIOT_DATA_DRAGON,0.5,0.5,0.5,0.5,AUTO_DEFAULT,Square portrait; validate resolution.
media:splash:nami,char:nami,CHAMPION,SPLASH,https://ddragon.leagueoflegends.com/cdn/img/champion/splash/Nami_0.jpg,https://ddragon.leagueoflegends.com/cdn/16.18.1/data/en_US/champion/Nami.json,RIOT_DATA_DRAGON,,,,,NEEDS_FOCAL_QA,Base splash. Store per-champion focal point after visual QA.
media:portrait:nasus,char:nasus,CHAMPION,PORTRAIT,https://ddragon.leagueoflegends.com/cdn/16.18.1/img/champion/Nasus.png,https://ddragon.leagueoflegends.com/cdn/16.18.1/data/en_US/champion/Nasus.json,RIOT_DATA_DRAGON,0.5,0.5,0.5,0.5,AUTO_DEFAULT,Square portrait; validate resolution.
media:splash:nasus,char:nasus,CHAMPION,SPLASH,https://ddragon.leagueoflegends.com/cdn/img/champion/splash/Nasus_0.jpg,https://ddragon.leagueoflegends.com/cdn/16.18.1/data/en_US/champion/Nasus.json,RIOT_DATA_DRAGON,,,,,NEEDS_FOCAL_QA,Base splash. Store per-champion focal point after visual QA.
media:portrait:nautilus,char:nautilus,CHAMPION,PORTRAIT,https://ddragon.leagueoflegends.com/cdn/16.18.1/img/champion/Nautilus.png,https://ddragon.leagueoflegends.com/cdn/16.18.1/data/en_US/champion/Nautilus.json,RIOT_DATA_DRAGON,0.5,0.5,0.5,0.5,AUTO_DEFAULT,Square portrait; validate resolution.
media:splash:nautilus,char:nautilus,CHAMPION,SPLASH,https://ddragon.leagueoflegends.com/cdn/img/champion/splash/Nautilus_0.jpg,https://ddragon.leagueoflegends.com/cdn/16.18.1/data/en_US/champion/Nautilus.json,RIOT_DATA_DRAGON,,,,,NEEDS_FOCAL_QA,Base splash. Store per-champion focal point after visual QA.
media:portrait:neeko,char:neeko,CHAMPION,PORTRAIT,https://ddragon.leagueoflegends.com/cdn/16.18.1/img/champion/Neeko.png,https://ddragon.leagueoflegends.com/cdn/16.18.1/data/en_US/champion/Neeko.json,RIOT_DATA_DRAGON,0.5,0.5,0.5,0.5,AUTO_DEFAULT,Square portrait; validate resolution.
media:splash:neeko,char:neeko,CHAMPION,SPLASH,https://ddragon.leagueoflegends.com/cdn/img/champion/splash/Neeko_0.jpg,https://ddragon.leagueoflegends.com/cdn/16.18.1/data/en_US/champion/Neeko.json,RIOT_DATA_DRAGON,,,,,NEEDS_FOCAL_QA,Base splash. Store per-champion focal point after visual QA.
media:portrait:nidalee,char:nidalee,CHAMPION,PORTRAIT,https://ddragon.leagueoflegends.com/cdn/16.18.1/img/champion/Nidalee.png,https://ddragon.leagueoflegends.com/cdn/16.18.1/data/en_US/champion/Nidalee.json,RIOT_DATA_DRAGON,0.5,0.5,0.5,0.5,AUTO_DEFAULT,Square portrait; validate resolution.
media:splash:nidalee,char:nidalee,CHAMPION,SPLASH,https://ddragon.leagueoflegends.com/cdn/img/champion/splash/Nidalee_0.jpg,https://ddragon.leagueoflegends.com/cdn/16.18.1/data/en_US/champion/Nidalee.json,RIOT_DATA_DRAGON,,,,,NEEDS_FOCAL_QA,Base splash. Store per-champion focal point after visual QA.
media:portrait:nilah,char:nilah,CHAMPION,PORTRAIT,https://ddragon.leagueoflegends.com/cdn/16.18.1/img/champion/Nilah.png,https://ddragon.leagueoflegends.com/cdn/16.18.1/data/en_US/champion/Nilah.json,RIOT_DATA_DRAGON,0.5,0.5,0.5,0.5,AUTO_DEFAULT,Square portrait; validate resolution.
media:splash:nilah,char:nilah,CHAMPION,SPLASH,https://ddragon.leagueoflegends.com/cdn/img/champion/splash/Nilah_0.jpg,https://ddragon.leagueoflegends.com/cdn/16.18.1/data/en_US/champion/Nilah.json,RIOT_DATA_DRAGON,,,,,NEEDS_FOCAL_QA,Base splash. Store per-champion focal point after visual QA.
media:portrait:nocturne,char:nocturne,CHAMPION,PORTRAIT,https://ddragon.leagueoflegends.com/cdn/16.18.1/img/champion/Nocturne.png,https://ddragon.leagueoflegends.com/cdn/16.18.1/data/en_US/champion/Nocturne.json,RIOT_DATA_DRAGON,0.5,0.5,0.5,0.5,AUTO_DEFAULT,Square portrait; validate resolution.
media:splash:nocturne,char:nocturne,CHAMPION,SPLASH,https://ddragon.leagueoflegends.com/cdn/img/champion/splash/Nocturne_0.jpg,https://ddragon.leagueoflegends.com/cdn/16.18.1/data/en_US/champion/Nocturne.json,RIOT_DATA_DRAGON,,,,,NEEDS_FOCAL_QA,Base splash. Store per-champion focal point after visual QA.
media:portrait:nunu,char:nunu,CHAMPION,PORTRAIT,https://ddragon.leagueoflegends.com/cdn/16.18.1/img/champion/Nunu.png,https://ddragon.leagueoflegends.com/cdn/16.18.1/data/en_US/champion/Nunu.json,RIOT_DATA_DRAGON,0.5,0.5,0.5,0.5,AUTO_DEFAULT,Square portrait; validate resolution.
media:splash:nunu,char:nunu,CHAMPION,SPLASH,https://ddragon.leagueoflegends.com/cdn/img/champion/splash/Nunu_0.jpg,https://ddragon.leagueoflegends.com/cdn/16.18.1/data/en_US/champion/Nunu.json,RIOT_DATA_DRAGON,,,,,NEEDS_FOCAL_QA,Base splash. Store per-champion focal point after visual QA.
media:portrait:olaf,char:olaf,CHAMPION,PORTRAIT,https://ddragon.leagueoflegends.com/cdn/16.18.1/img/champion/Olaf.png,https://ddragon.leagueoflegends.com/cdn/16.18.1/data/en_US/champion/Olaf.json,RIOT_DATA_DRAGON,0.5,0.5,0.5,0.5,AUTO_DEFAULT,Square portrait; validate resolution.
media:splash:olaf,char:olaf,CHAMPION,SPLASH,https://ddragon.leagueoflegends.com/cdn/img/champion/splash/Olaf_0.jpg,https://ddragon.leagueoflegends.com/cdn/16.18.1/data/en_US/champion/Olaf.json,RIOT_DATA_DRAGON,,,,,NEEDS_FOCAL_QA,Base splash. Store per-champion focal point after visual QA.
media:portrait:orianna,char:orianna,CHAMPION,PORTRAIT,https://ddragon.leagueoflegends.com/cdn/16.18.1/img/champion/Orianna.png,https://ddragon.leagueoflegends.com/cdn/16.18.1/data/en_US/champion/Orianna.json,RIOT_DATA_DRAGON,0.5,0.5,0.5,0.5,AUTO_DEFAULT,Square portrait; validate resolution.
media:splash:orianna,char:orianna,CHAMPION,SPLASH,https://ddragon.leagueoflegends.com/cdn/img/champion/splash/Orianna_0.jpg,https://ddragon.leagueoflegends.com/cdn/16.18.1/data/en_US/champion/Orianna.json,RIOT_DATA_DRAGON,,,,,NEEDS_FOCAL_QA,Base splash. Store per-champion focal point after visual QA.
media:portrait:ornn,char:ornn,CHAMPION,PORTRAIT,https://ddragon.leagueoflegends.com/cdn/16.18.1/img/champion/Ornn.png,https://ddragon.leagueoflegends.com/cdn/16.18.1/data/en_US/champion/Ornn.json,RIOT_DATA_DRAGON,0.5,0.5,0.5,0.5,AUTO_DEFAULT,Square portrait; validate resolution.
media:splash:ornn,char:ornn,CHAMPION,SPLASH,https://ddragon.leagueoflegends.com/cdn/img/champion/splash/Ornn_0.jpg,https://ddragon.leagueoflegends.com/cdn/16.18.1/data/en_US/champion/Ornn.json,RIOT_DATA_DRAGON,,,,,NEEDS_FOCAL_QA,Base splash. Store per-champion focal point after visual QA.
media:portrait:pantheon,char:pantheon,CHAMPION,PORTRAIT,https://ddragon.leagueoflegends.com/cdn/16.18.1/img/champion/Pantheon.png,https://ddragon.leagueoflegends.com/cdn/16.18.1/data/en_US/champion/Pantheon.json,RIOT_DATA_DRAGON,0.5,0.5,0.5,0.5,AUTO_DEFAULT,Square portrait; validate resolution.
media:splash:pantheon,char:pantheon,CHAMPION,SPLASH,https://ddragon.leagueoflegends.com/cdn/img/champion/splash/Pantheon_0.jpg,https://ddragon.leagueoflegends.com/cdn/16.18.1/data/en_US/champion/Pantheon.json,RIOT_DATA_DRAGON,,,,,NEEDS_FOCAL_QA,Base splash. Store per-champion focal point after visual QA.
media:portrait:poppy,char:poppy,CHAMPION,PORTRAIT,https://ddragon.leagueoflegends.com/cdn/16.18.1/img/champion/Poppy.png,https://ddragon.leagueoflegends.com/cdn/16.18.1/data/en_US/champion/Poppy.json,RIOT_DATA_DRAGON,0.5,0.5,0.5,0.5,AUTO_DEFAULT,Square portrait; validate resolution.
media:splash:poppy,char:poppy,CHAMPION,SPLASH,https://ddragon.leagueoflegends.com/cdn/img/champion/splash/Poppy_0.jpg,https://ddragon.leagueoflegends.com/cdn/16.18.1/data/en_US/champion/Poppy.json,RIOT_DATA_DRAGON,,,,,NEEDS_FOCAL_QA,Base splash. Store per-champion focal point after visual QA.
media:portrait:pyke,char:pyke,CHAMPION,PORTRAIT,https://ddragon.leagueoflegends.com/cdn/16.18.1/img/champion/Pyke.png,https://ddragon.leagueoflegends.com/cdn/16.18.1/data/en_US/champion/Pyke.json,RIOT_DATA_DRAGON,0.5,0.5,0.5,0.5,AUTO_DEFAULT,Square portrait; validate resolution.
media:splash:pyke,char:pyke,CHAMPION,SPLASH,https://ddragon.leagueoflegends.com/cdn/img/champion/splash/Pyke_0.jpg,https://ddragon.leagueoflegends.com/cdn/16.18.1/data/en_US/champion/Pyke.json,RIOT_DATA_DRAGON,,,,,NEEDS_FOCAL_QA,Base splash. Store per-champion focal point after visual QA.
media:portrait:qiyana,char:qiyana,CHAMPION,PORTRAIT,https://ddragon.leagueoflegends.com/cdn/16.18.1/img/champion/Qiyana.png,https://ddragon.leagueoflegends.com/cdn/16.18.1/data/en_US/champion/Qiyana.json,RIOT_DATA_DRAGON,0.5,0.5,0.5,0.5,AUTO_DEFAULT,Square portrait; validate resolution.
media:splash:qiyana,char:qiyana,CHAMPION,SPLASH,https://ddragon.leagueoflegends.com/cdn/img/champion/splash/Qiyana_0.jpg,https://ddragon.leagueoflegends.com/cdn/16.18.1/data/en_US/champion/Qiyana.json,RIOT_DATA_DRAGON,,,,,NEEDS_FOCAL_QA,Base splash. Store per-champion focal point after visual QA.
media:portrait:quinn,char:quinn,CHAMPION,PORTRAIT,https://ddragon.leagueoflegends.com/cdn/16.18.1/img/champion/Quinn.png,https://ddragon.leagueoflegends.com/cdn/16.18.1/data/en_US/champion/Quinn.json,RIOT_DATA_DRAGON,0.5,0.5,0.5,0.5,AUTO_DEFAULT,Square portrait; validate resolution.
media:splash:quinn,char:quinn,CHAMPION,SPLASH,https://ddragon.leagueoflegends.com/cdn/img/champion/splash/Quinn_0.jpg,https://ddragon.leagueoflegends.com/cdn/16.18.1/data/en_US/champion/Quinn.json,RIOT_DATA_DRAGON,,,,,NEEDS_FOCAL_QA,Base splash. Store per-champion focal point after visual QA.
media:portrait:rakan,char:rakan,CHAMPION,PORTRAIT,https://ddragon.leagueoflegends.com/cdn/16.18.1/img/champion/Rakan.png,https://ddragon.leagueoflegends.com/cdn/16.18.1/data/en_US/champion/Rakan.json,RIOT_DATA_DRAGON,0.5,0.5,0.5,0.5,AUTO_DEFAULT,Square portrait; validate resolution.
media:splash:rakan,char:rakan,CHAMPION,SPLASH,https://ddragon.leagueoflegends.com/cdn/img/champion/splash/Rakan_0.jpg,https://ddragon.leagueoflegends.com/cdn/16.18.1/data/en_US/champion/Rakan.json,RIOT_DATA_DRAGON,,,,,NEEDS_FOCAL_QA,Base splash. Store per-champion focal point after visual QA.
media:portrait:rammus,char:rammus,CHAMPION,PORTRAIT,https://ddragon.leagueoflegends.com/cdn/16.18.1/img/champion/Rammus.png,https://ddragon.leagueoflegends.com/cdn/16.18.1/data/en_US/champion/Rammus.json,RIOT_DATA_DRAGON,0.5,0.5,0.5,0.5,AUTO_DEFAULT,Square portrait; validate resolution.
media:splash:rammus,char:rammus,CHAMPION,SPLASH,https://ddragon.leagueoflegends.com/cdn/img/champion/splash/Rammus_0.jpg,https://ddragon.leagueoflegends.com/cdn/16.18.1/data/en_US/champion/Rammus.json,RIOT_DATA_DRAGON,,,,,NEEDS_FOCAL_QA,Base splash. Store per-champion focal point after visual QA.
media:portrait:rek-sai,char:rek-sai,CHAMPION,PORTRAIT,https://ddragon.leagueoflegends.com/cdn/16.18.1/img/champion/RekSai.png,https://ddragon.leagueoflegends.com/cdn/16.18.1/data/en_US/champion/RekSai.json,RIOT_DATA_DRAGON,0.5,0.5,0.5,0.5,AUTO_DEFAULT,Square portrait; validate resolution.
media:splash:rek-sai,char:rek-sai,CHAMPION,SPLASH,https://ddragon.leagueoflegends.com/cdn/img/champion/splash/RekSai_0.jpg,https://ddragon.leagueoflegends.com/cdn/16.18.1/data/en_US/champion/RekSai.json,RIOT_DATA_DRAGON,,,,,NEEDS_FOCAL_QA,Base splash. Store per-champion focal point after visual QA.
media:portrait:rell,char:rell,CHAMPION,PORTRAIT,https://ddragon.leagueoflegends.com/cdn/16.18.1/img/champion/Rell.png,https://ddragon.leagueoflegends.com/cdn/16.18.1/data/en_US/champion/Rell.json,RIOT_DATA_DRAGON,0.5,0.5,0.5,0.5,AUTO_DEFAULT,Square portrait; validate resolution.
media:splash:rell,char:rell,CHAMPION,SPLASH,https://ddragon.leagueoflegends.com/cdn/img/champion/splash/Rell_0.jpg,https://ddragon.leagueoflegends.com/cdn/16.18.1/data/en_US/champion/Rell.json,RIOT_DATA_DRAGON,,,,,NEEDS_FOCAL_QA,Base splash. Store per-champion focal point after visual QA.
media:portrait:renata-glasc,char:renata-glasc,CHAMPION,PORTRAIT,https://ddragon.leagueoflegends.com/cdn/16.18.1/img/champion/Renata.png,https://ddragon.leagueoflegends.com/cdn/16.18.1/data/en_US/champion/Renata.json,RIOT_DATA_DRAGON,0.5,0.5,0.5,0.5,AUTO_DEFAULT,Square portrait; validate resolution.
media:splash:renata-glasc,char:renata-glasc,CHAMPION,SPLASH,https://ddragon.leagueoflegends.com/cdn/img/champion/splash/Renata_0.jpg,https://ddragon.leagueoflegends.com/cdn/16.18.1/data/en_US/champion/Renata.json,RIOT_DATA_DRAGON,,,,,NEEDS_FOCAL_QA,Base splash. Store per-champion focal point after visual QA.
media:portrait:renekton,char:renekton,CHAMPION,PORTRAIT,https://ddragon.leagueoflegends.com/cdn/16.18.1/img/champion/Renekton.png,https://ddragon.leagueoflegends.com/cdn/16.18.1/data/en_US/champion/Renekton.json,RIOT_DATA_DRAGON,0.5,0.5,0.5,0.5,AUTO_DEFAULT,Square portrait; validate resolution.
media:splash:renekton,char:renekton,CHAMPION,SPLASH,https://ddragon.leagueoflegends.com/cdn/img/champion/splash/Renekton_0.jpg,https://ddragon.leagueoflegends.com/cdn/16.18.1/data/en_US/champion/Renekton.json,RIOT_DATA_DRAGON,,,,,NEEDS_FOCAL_QA,Base splash. Store per-champion focal point after visual QA.
media:portrait:rengar,char:rengar,CHAMPION,PORTRAIT,https://ddragon.leagueoflegends.com/cdn/16.18.1/img/champion/Rengar.png,https://ddragon.leagueoflegends.com/cdn/16.18.1/data/en_US/champion/Rengar.json,RIOT_DATA_DRAGON,0.5,0.5,0.5,0.5,AUTO_DEFAULT,Square portrait; validate resolution.
media:splash:rengar,char:rengar,CHAMPION,SPLASH,https://ddragon.leagueoflegends.com/cdn/img/champion/splash/Rengar_0.jpg,https://ddragon.leagueoflegends.com/cdn/16.18.1/data/en_US/champion/Rengar.json,RIOT_DATA_DRAGON,,,,,NEEDS_FOCAL_QA,Base splash. Store per-champion focal point after visual QA.
media:portrait:riven,char:riven,CHAMPION,PORTRAIT,https://ddragon.leagueoflegends.com/cdn/16.18.1/img/champion/Riven.png,https://ddragon.leagueoflegends.com/cdn/16.18.1/data/en_US/champion/Riven.json,RIOT_DATA_DRAGON,0.5,0.5,0.5,0.5,AUTO_DEFAULT,Square portrait; validate resolution.
media:splash:riven,char:riven,CHAMPION,SPLASH,https://ddragon.leagueoflegends.com/cdn/img/champion/splash/Riven_0.jpg,https://ddragon.leagueoflegends.com/cdn/16.18.1/data/en_US/champion/Riven.json,RIOT_DATA_DRAGON,,,,,NEEDS_FOCAL_QA,Base splash. Store per-champion focal point after visual QA.
media:portrait:rumble,char:rumble,CHAMPION,PORTRAIT,https://ddragon.leagueoflegends.com/cdn/16.18.1/img/champion/Rumble.png,https://ddragon.leagueoflegends.com/cdn/16.18.1/data/en_US/champion/Rumble.json,RIOT_DATA_DRAGON,0.5,0.5,0.5,0.5,AUTO_DEFAULT,Square portrait; validate resolution.
media:splash:rumble,char:rumble,CHAMPION,SPLASH,https://ddragon.leagueoflegends.com/cdn/img/champion/splash/Rumble_0.jpg,https://ddragon.leagueoflegends.com/cdn/16.18.1/data/en_US/champion/Rumble.json,RIOT_DATA_DRAGON,,,,,NEEDS_FOCAL_QA,Base splash. Store per-champion focal point after visual QA.
media:portrait:ryze,char:ryze,CHAMPION,PORTRAIT,https://ddragon.leagueoflegends.com/cdn/16.18.1/img/champion/Ryze.png,https://ddragon.leagueoflegends.com/cdn/16.18.1/data/en_US/champion/Ryze.json,RIOT_DATA_DRAGON,0.5,0.5,0.5,0.5,AUTO_DEFAULT,Square portrait; validate resolution.
media:splash:ryze,char:ryze,CHAMPION,SPLASH,https://ddragon.leagueoflegends.com/cdn/img/champion/splash/Ryze_0.jpg,https://ddragon.leagueoflegends.com/cdn/16.18.1/data/en_US/champion/Ryze.json,RIOT_DATA_DRAGON,,,,,NEEDS_FOCAL_QA,Base splash. Store per-champion focal point after visual QA.
media:portrait:samira,char:samira,CHAMPION,PORTRAIT,https://ddragon.leagueoflegends.com/cdn/16.18.1/img/champion/Samira.png,https://ddragon.leagueoflegends.com/cdn/16.18.1/data/en_US/champion/Samira.json,RIOT_DATA_DRAGON,0.5,0.5,0.5,0.5,AUTO_DEFAULT,Square portrait; validate resolution.
media:splash:samira,char:samira,CHAMPION,SPLASH,https://ddragon.leagueoflegends.com/cdn/img/champion/splash/Samira_0.jpg,https://ddragon.leagueoflegends.com/cdn/16.18.1/data/en_US/champion/Samira.json,RIOT_DATA_DRAGON,,,,,NEEDS_FOCAL_QA,Base splash. Store per-champion focal point after visual QA.
media:portrait:sejuani,char:sejuani,CHAMPION,PORTRAIT,https://ddragon.leagueoflegends.com/cdn/16.18.1/img/champion/Sejuani.png,https://ddragon.leagueoflegends.com/cdn/16.18.1/data/en_US/champion/Sejuani.json,RIOT_DATA_DRAGON,0.5,0.5,0.5,0.5,AUTO_DEFAULT,Square portrait; validate resolution.
media:splash:sejuani,char:sejuani,CHAMPION,SPLASH,https://ddragon.leagueoflegends.com/cdn/img/champion/splash/Sejuani_0.jpg,https://ddragon.leagueoflegends.com/cdn/16.18.1/data/en_US/champion/Sejuani.json,RIOT_DATA_DRAGON,,,,,NEEDS_FOCAL_QA,Base splash. Store per-champion focal point after visual QA.
media:portrait:senna,char:senna,CHAMPION,PORTRAIT,https://ddragon.leagueoflegends.com/cdn/16.18.1/img/champion/Senna.png,https://ddragon.leagueoflegends.com/cdn/16.18.1/data/en_US/champion/Senna.json,RIOT_DATA_DRAGON,0.5,0.5,0.5,0.5,AUTO_DEFAULT,Square portrait; validate resolution.
media:splash:senna,char:senna,CHAMPION,SPLASH,https://ddragon.leagueoflegends.com/cdn/img/champion/splash/Senna_0.jpg,https://ddragon.leagueoflegends.com/cdn/16.18.1/data/en_US/champion/Senna.json,RIOT_DATA_DRAGON,,,,,NEEDS_FOCAL_QA,Base splash. Store per-champion focal point after visual QA.
media:portrait:seraphine,char:seraphine,CHAMPION,PORTRAIT,https://ddragon.leagueoflegends.com/cdn/16.18.1/img/champion/Seraphine.png,https://ddragon.leagueoflegends.com/cdn/16.18.1/data/en_US/champion/Seraphine.json,RIOT_DATA_DRAGON,0.5,0.5,0.5,0.5,AUTO_DEFAULT,Square portrait; validate resolution.
media:splash:seraphine,char:seraphine,CHAMPION,SPLASH,https://ddragon.leagueoflegends.com/cdn/img/champion/splash/Seraphine_0.jpg,https://ddragon.leagueoflegends.com/cdn/16.18.1/data/en_US/champion/Seraphine.json,RIOT_DATA_DRAGON,,,,,NEEDS_FOCAL_QA,Base splash. Store per-champion focal point after visual QA.
media:portrait:sett,char:sett,CHAMPION,PORTRAIT,https://ddragon.leagueoflegends.com/cdn/16.18.1/img/champion/Sett.png,https://ddragon.leagueoflegends.com/cdn/16.18.1/data/en_US/champion/Sett.json,RIOT_DATA_DRAGON,0.5,0.5,0.5,0.5,AUTO_DEFAULT,Square portrait; validate resolution.
media:splash:sett,char:sett,CHAMPION,SPLASH,https://ddragon.leagueoflegends.com/cdn/img/champion/splash/Sett_0.jpg,https://ddragon.leagueoflegends.com/cdn/16.18.1/data/en_US/champion/Sett.json,RIOT_DATA_DRAGON,,,,,NEEDS_FOCAL_QA,Base splash. Store per-champion focal point after visual QA.
media:portrait:shaco,char:shaco,CHAMPION,PORTRAIT,https://ddragon.leagueoflegends.com/cdn/16.18.1/img/champion/Shaco.png,https://ddragon.leagueoflegends.com/cdn/16.18.1/data/en_US/champion/Shaco.json,RIOT_DATA_DRAGON,0.5,0.5,0.5,0.5,AUTO_DEFAULT,Square portrait; validate resolution.
media:splash:shaco,char:shaco,CHAMPION,SPLASH,https://ddragon.leagueoflegends.com/cdn/img/champion/splash/Shaco_0.jpg,https://ddragon.leagueoflegends.com/cdn/16.18.1/data/en_US/champion/Shaco.json,RIOT_DATA_DRAGON,,,,,NEEDS_FOCAL_QA,Base splash. Store per-champion focal point after visual QA.
media:portrait:shen,char:shen,CHAMPION,PORTRAIT,https://ddragon.leagueoflegends.com/cdn/16.18.1/img/champion/Shen.png,https://ddragon.leagueoflegends.com/cdn/16.18.1/data/en_US/champion/Shen.json,RIOT_DATA_DRAGON,0.5,0.5,0.5,0.5,AUTO_DEFAULT,Square portrait; validate resolution.
media:splash:shen,char:shen,CHAMPION,SPLASH,https://ddragon.leagueoflegends.com/cdn/img/champion/splash/Shen_0.jpg,https://ddragon.leagueoflegends.com/cdn/16.18.1/data/en_US/champion/Shen.json,RIOT_DATA_DRAGON,,,,,NEEDS_FOCAL_QA,Base splash. Store per-champion focal point after visual QA.
media:portrait:shyvana,char:shyvana,CHAMPION,PORTRAIT,https://ddragon.leagueoflegends.com/cdn/16.18.1/img/champion/Shyvana.png,https://ddragon.leagueoflegends.com/cdn/16.18.1/data/en_US/champion/Shyvana.json,RIOT_DATA_DRAGON,0.5,0.5,0.5,0.5,AUTO_DEFAULT,Square portrait; validate resolution.
media:splash:shyvana,char:shyvana,CHAMPION,SPLASH,https://ddragon.leagueoflegends.com/cdn/img/champion/splash/Shyvana_0.jpg,https://ddragon.leagueoflegends.com/cdn/16.18.1/data/en_US/champion/Shyvana.json,RIOT_DATA_DRAGON,,,,,NEEDS_FOCAL_QA,Base splash. Store per-champion focal point after visual QA.
media:portrait:singed,char:singed,CHAMPION,PORTRAIT,https://ddragon.leagueoflegends.com/cdn/16.18.1/img/champion/Singed.png,https://ddragon.leagueoflegends.com/cdn/16.18.1/data/en_US/champion/Singed.json,RIOT_DATA_DRAGON,0.5,0.5,0.5,0.5,AUTO_DEFAULT,Square portrait; validate resolution.
media:splash:singed,char:singed,CHAMPION,SPLASH,https://ddragon.leagueoflegends.com/cdn/img/champion/splash/Singed_0.jpg,https://ddragon.leagueoflegends.com/cdn/16.18.1/data/en_US/champion/Singed.json,RIOT_DATA_DRAGON,,,,,NEEDS_FOCAL_QA,Base splash. Store per-champion focal point after visual QA.
media:portrait:sion,char:sion,CHAMPION,PORTRAIT,https://ddragon.leagueoflegends.com/cdn/16.18.1/img/champion/Sion.png,https://ddragon.leagueoflegends.com/cdn/16.18.1/data/en_US/champion/Sion.json,RIOT_DATA_DRAGON,0.5,0.5,0.5,0.5,AUTO_DEFAULT,Square portrait; validate resolution.
media:splash:sion,char:sion,CHAMPION,SPLASH,https://ddragon.leagueoflegends.com/cdn/img/champion/splash/Sion_0.jpg,https://ddragon.leagueoflegends.com/cdn/16.18.1/data/en_US/champion/Sion.json,RIOT_DATA_DRAGON,,,,,NEEDS_FOCAL_QA,Base splash. Store per-champion focal point after visual QA.
media:portrait:sivir,char:sivir,CHAMPION,PORTRAIT,https://ddragon.leagueoflegends.com/cdn/16.18.1/img/champion/Sivir.png,https://ddragon.leagueoflegends.com/cdn/16.18.1/data/en_US/champion/Sivir.json,RIOT_DATA_DRAGON,0.5,0.5,0.5,0.5,AUTO_DEFAULT,Square portrait; validate resolution.
media:splash:sivir,char:sivir,CHAMPION,SPLASH,https://ddragon.leagueoflegends.com/cdn/img/champion/splash/Sivir_0.jpg,https://ddragon.leagueoflegends.com/cdn/16.18.1/data/en_US/champion/Sivir.json,RIOT_DATA_DRAGON,,,,,NEEDS_FOCAL_QA,Base splash. Store per-champion focal point after visual QA.
media:portrait:skarner,char:skarner,CHAMPION,PORTRAIT,https://ddragon.leagueoflegends.com/cdn/16.18.1/img/champion/Skarner.png,https://ddragon.leagueoflegends.com/cdn/16.18.1/data/en_US/champion/Skarner.json,RIOT_DATA_DRAGON,0.5,0.5,0.5,0.5,AUTO_DEFAULT,Square portrait; validate resolution.
media:splash:skarner,char:skarner,CHAMPION,SPLASH,https://ddragon.leagueoflegends.com/cdn/img/champion/splash/Skarner_0.jpg,https://ddragon.leagueoflegends.com/cdn/16.18.1/data/en_US/champion/Skarner.json,RIOT_DATA_DRAGON,,,,,NEEDS_FOCAL_QA,Base splash. Store per-champion focal point after visual QA.
media:portrait:smolder,char:smolder,CHAMPION,PORTRAIT,https://ddragon.leagueoflegends.com/cdn/16.18.1/img/champion/Smolder.png,https://ddragon.leagueoflegends.com/cdn/16.18.1/data/en_US/champion/Smolder.json,RIOT_DATA_DRAGON,0.5,0.5,0.5,0.5,AUTO_DEFAULT,Square portrait; validate resolution.
media:splash:smolder,char:smolder,CHAMPION,SPLASH,https://ddragon.leagueoflegends.com/cdn/img/champion/splash/Smolder_0.jpg,https://ddragon.leagueoflegends.com/cdn/16.18.1/data/en_US/champion/Smolder.json,RIOT_DATA_DRAGON,,,,,NEEDS_FOCAL_QA,Base splash. Store per-champion focal point after visual QA.
media:portrait:sona,char:sona,CHAMPION,PORTRAIT,https://ddragon.leagueoflegends.com/cdn/16.18.1/img/champion/Sona.png,https://ddragon.leagueoflegends.com/cdn/16.18.1/data/en_US/champion/Sona.json,RIOT_DATA_DRAGON,0.5,0.5,0.5,0.5,AUTO_DEFAULT,Square portrait; validate resolution.
media:splash:sona,char:sona,CHAMPION,SPLASH,https://ddragon.leagueoflegends.com/cdn/img/champion/splash/Sona_0.jpg,https://ddragon.leagueoflegends.com/cdn/16.18.1/data/en_US/champion/Sona.json,RIOT_DATA_DRAGON,,,,,NEEDS_FOCAL_QA,Base splash. Store per-champion focal point after visual QA.
media:portrait:soraka,char:soraka,CHAMPION,PORTRAIT,https://ddragon.leagueoflegends.com/cdn/16.18.1/img/champion/Soraka.png,https://ddragon.leagueoflegends.com/cdn/16.18.1/data/en_US/champion/Soraka.json,RIOT_DATA_DRAGON,0.5,0.5,0.5,0.5,AUTO_DEFAULT,Square portrait; validate resolution.
media:splash:soraka,char:soraka,CHAMPION,SPLASH,https://ddragon.leagueoflegends.com/cdn/img/champion/splash/Soraka_0.jpg,https://ddragon.leagueoflegends.com/cdn/16.18.1/data/en_US/champion/Soraka.json,RIOT_DATA_DRAGON,,,,,NEEDS_FOCAL_QA,Base splash. Store per-champion focal point after visual QA.
media:portrait:swain,char:swain,CHAMPION,PORTRAIT,https://ddragon.leagueoflegends.com/cdn/16.18.1/img/champion/Swain.png,https://ddragon.leagueoflegends.com/cdn/16.18.1/data/en_US/champion/Swain.json,RIOT_DATA_DRAGON,0.5,0.5,0.5,0.5,AUTO_DEFAULT,Square portrait; validate resolution.
media:splash:swain,char:swain,CHAMPION,SPLASH,https://ddragon.leagueoflegends.com/cdn/img/champion/splash/Swain_0.jpg,https://ddragon.leagueoflegends.com/cdn/16.18.1/data/en_US/champion/Swain.json,RIOT_DATA_DRAGON,,,,,NEEDS_FOCAL_QA,Base splash. Store per-champion focal point after visual QA.
media:portrait:sylas,char:sylas,CHAMPION,PORTRAIT,https://ddragon.leagueoflegends.com/cdn/16.18.1/img/champion/Sylas.png,https://ddragon.leagueoflegends.com/cdn/16.18.1/data/en_US/champion/Sylas.json,RIOT_DATA_DRAGON,0.5,0.5,0.5,0.5,AUTO_DEFAULT,Square portrait; validate resolution.
media:splash:sylas,char:sylas,CHAMPION,SPLASH,https://ddragon.leagueoflegends.com/cdn/img/champion/splash/Sylas_0.jpg,https://ddragon.leagueoflegends.com/cdn/16.18.1/data/en_US/champion/Sylas.json,RIOT_DATA_DRAGON,,,,,NEEDS_FOCAL_QA,Base splash. Store per-champion focal point after visual QA.
media:portrait:syndra,char:syndra,CHAMPION,PORTRAIT,https://ddragon.leagueoflegends.com/cdn/16.18.1/img/champion/Syndra.png,https://ddragon.leagueoflegends.com/cdn/16.18.1/data/en_US/champion/Syndra.json,RIOT_DATA_DRAGON,0.5,0.5,0.5,0.5,AUTO_DEFAULT,Square portrait; validate resolution.
media:splash:syndra,char:syndra,CHAMPION,SPLASH,https://ddragon.leagueoflegends.com/cdn/img/champion/splash/Syndra_0.jpg,https://ddragon.leagueoflegends.com/cdn/16.18.1/data/en_US/champion/Syndra.json,RIOT_DATA_DRAGON,,,,,NEEDS_FOCAL_QA,Base splash. Store per-champion focal point after visual QA.
media:portrait:tahm-kench,char:tahm-kench,CHAMPION,PORTRAIT,https://ddragon.leagueoflegends.com/cdn/16.18.1/img/champion/TahmKench.png,https://ddragon.leagueoflegends.com/cdn/16.18.1/data/en_US/champion/TahmKench.json,RIOT_DATA_DRAGON,0.5,0.5,0.5,0.5,AUTO_DEFAULT,Square portrait; validate resolution.
media:splash:tahm-kench,char:tahm-kench,CHAMPION,SPLASH,https://ddragon.leagueoflegends.com/cdn/img/champion/splash/TahmKench_0.jpg,https://ddragon.leagueoflegends.com/cdn/16.18.1/data/en_US/champion/TahmKench.json,RIOT_DATA_DRAGON,,,,,NEEDS_FOCAL_QA,Base splash. Store per-champion focal point after visual QA.
media:portrait:taliyah,char:taliyah,CHAMPION,PORTRAIT,https://ddragon.leagueoflegends.com/cdn/16.18.1/img/champion/Taliyah.png,https://ddragon.leagueoflegends.com/cdn/16.18.1/data/en_US/champion/Taliyah.json,RIOT_DATA_DRAGON,0.5,0.5,0.5,0.5,AUTO_DEFAULT,Square portrait; validate resolution.
media:splash:taliyah,char:taliyah,CHAMPION,SPLASH,https://ddragon.leagueoflegends.com/cdn/img/champion/splash/Taliyah_0.jpg,https://ddragon.leagueoflegends.com/cdn/16.18.1/data/en_US/champion/Taliyah.json,RIOT_DATA_DRAGON,,,,,NEEDS_FOCAL_QA,Base splash. Store per-champion focal point after visual QA.
media:portrait:talon,char:talon,CHAMPION,PORTRAIT,https://ddragon.leagueoflegends.com/cdn/16.18.1/img/champion/Talon.png,https://ddragon.leagueoflegends.com/cdn/16.18.1/data/en_US/champion/Talon.json,RIOT_DATA_DRAGON,0.5,0.5,0.5,0.5,AUTO_DEFAULT,Square portrait; validate resolution.
media:splash:talon,char:talon,CHAMPION,SPLASH,https://ddragon.leagueoflegends.com/cdn/img/champion/splash/Talon_0.jpg,https://ddragon.leagueoflegends.com/cdn/16.18.1/data/en_US/champion/Talon.json,RIOT_DATA_DRAGON,,,,,NEEDS_FOCAL_QA,Base splash. Store per-champion focal point after visual QA.
media:portrait:taric,char:taric,CHAMPION,PORTRAIT,https://ddragon.leagueoflegends.com/cdn/16.18.1/img/champion/Taric.png,https://ddragon.leagueoflegends.com/cdn/16.18.1/data/en_US/champion/Taric.json,RIOT_DATA_DRAGON,0.5,0.5,0.5,0.5,AUTO_DEFAULT,Square portrait; validate resolution.
media:splash:taric,char:taric,CHAMPION,SPLASH,https://ddragon.leagueoflegends.com/cdn/img/champion/splash/Taric_0.jpg,https://ddragon.leagueoflegends.com/cdn/16.18.1/data/en_US/champion/Taric.json,RIOT_DATA_DRAGON,,,,,NEEDS_FOCAL_QA,Base splash. Store per-champion focal point after visual QA.
media:portrait:teemo,char:teemo,CHAMPION,PORTRAIT,https://ddragon.leagueoflegends.com/cdn/16.18.1/img/champion/Teemo.png,https://ddragon.leagueoflegends.com/cdn/16.18.1/data/en_US/champion/Teemo.json,RIOT_DATA_DRAGON,0.5,0.5,0.5,0.5,AUTO_DEFAULT,Square portrait; validate resolution.
media:splash:teemo,char:teemo,CHAMPION,SPLASH,https://ddragon.leagueoflegends.com/cdn/img/champion/splash/Teemo_0.jpg,https://ddragon.leagueoflegends.com/cdn/16.18.1/data/en_US/champion/Teemo.json,RIOT_DATA_DRAGON,,,,,NEEDS_FOCAL_QA,Base splash. Store per-champion focal point after visual QA.
media:portrait:thresh,char:thresh,CHAMPION,PORTRAIT,https://ddragon.leagueoflegends.com/cdn/16.18.1/img/champion/Thresh.png,https://ddragon.leagueoflegends.com/cdn/16.18.1/data/en_US/champion/Thresh.json,RIOT_DATA_DRAGON,0.5,0.5,0.5,0.5,AUTO_DEFAULT,Square portrait; validate resolution.
media:splash:thresh,char:thresh,CHAMPION,SPLASH,https://ddragon.leagueoflegends.com/cdn/img/champion/splash/Thresh_0.jpg,https://ddragon.leagueoflegends.com/cdn/16.18.1/data/en_US/champion/Thresh.json,RIOT_DATA_DRAGON,,,,,NEEDS_FOCAL_QA,Base splash. Store per-champion focal point after visual QA.
media:portrait:tristana,char:tristana,CHAMPION,PORTRAIT,https://ddragon.leagueoflegends.com/cdn/16.18.1/img/champion/Tristana.png,https://ddragon.leagueoflegends.com/cdn/16.18.1/data/en_US/champion/Tristana.json,RIOT_DATA_DRAGON,0.5,0.5,0.5,0.5,AUTO_DEFAULT,Square portrait; validate resolution.
media:splash:tristana,char:tristana,CHAMPION,SPLASH,https://ddragon.leagueoflegends.com/cdn/img/champion/splash/Tristana_0.jpg,https://ddragon.leagueoflegends.com/cdn/16.18.1/data/en_US/champion/Tristana.json,RIOT_DATA_DRAGON,,,,,NEEDS_FOCAL_QA,Base splash. Store per-champion focal point after visual QA.
media:portrait:trundle,char:trundle,CHAMPION,PORTRAIT,https://ddragon.leagueoflegends.com/cdn/16.18.1/img/champion/Trundle.png,https://ddragon.leagueoflegends.com/cdn/16.18.1/data/en_US/champion/Trundle.json,RIOT_DATA_DRAGON,0.5,0.5,0.5,0.5,AUTO_DEFAULT,Square portrait; validate resolution.
media:splash:trundle,char:trundle,CHAMPION,SPLASH,https://ddragon.leagueoflegends.com/cdn/img/champion/splash/Trundle_0.jpg,https://ddragon.leagueoflegends.com/cdn/16.18.1/data/en_US/champion/Trundle.json,RIOT_DATA_DRAGON,,,,,NEEDS_FOCAL_QA,Base splash. Store per-champion focal point after visual QA.
media:portrait:tryndamere,char:tryndamere,CHAMPION,PORTRAIT,https://ddragon.leagueoflegends.com/cdn/16.18.1/img/champion/Tryndamere.png,https://ddragon.leagueoflegends.com/cdn/16.18.1/data/en_US/champion/Tryndamere.json,RIOT_DATA_DRAGON,0.5,0.5,0.5,0.5,AUTO_DEFAULT,Square portrait; validate resolution.
media:splash:tryndamere,char:tryndamere,CHAMPION,SPLASH,https://ddragon.leagueoflegends.com/cdn/img/champion/splash/Tryndamere_0.jpg,https://ddragon.leagueoflegends.com/cdn/16.18.1/data/en_US/champion/Tryndamere.json,RIOT_DATA_DRAGON,,,,,NEEDS_FOCAL_QA,Base splash. Store per-champion focal point after visual QA.
media:portrait:twisted-fate,char:twisted-fate,CHAMPION,PORTRAIT,https://ddragon.leagueoflegends.com/cdn/16.18.1/img/champion/TwistedFate.png,https://ddragon.leagueoflegends.com/cdn/16.18.1/data/en_US/champion/TwistedFate.json,RIOT_DATA_DRAGON,0.5,0.5,0.5,0.5,AUTO_DEFAULT,Square portrait; validate resolution.
media:splash:twisted-fate,char:twisted-fate,CHAMPION,SPLASH,https://ddragon.leagueoflegends.com/cdn/img/champion/splash/TwistedFate_0.jpg,https://ddragon.leagueoflegends.com/cdn/16.18.1/data/en_US/champion/TwistedFate.json,RIOT_DATA_DRAGON,,,,,NEEDS_FOCAL_QA,Base splash. Store per-champion focal point after visual QA.
media:portrait:twitch,char:twitch,CHAMPION,PORTRAIT,https://ddragon.leagueoflegends.com/cdn/16.18.1/img/champion/Twitch.png,https://ddragon.leagueoflegends.com/cdn/16.18.1/data/en_US/champion/Twitch.json,RIOT_DATA_DRAGON,0.5,0.5,0.5,0.5,AUTO_DEFAULT,Square portrait; validate resolution.
media:splash:twitch,char:twitch,CHAMPION,SPLASH,https://ddragon.leagueoflegends.com/cdn/img/champion/splash/Twitch_0.jpg,https://ddragon.leagueoflegends.com/cdn/16.18.1/data/en_US/champion/Twitch.json,RIOT_DATA_DRAGON,,,,,NEEDS_FOCAL_QA,Base splash. Store per-champion focal point after visual QA.
media:portrait:udyr,char:udyr,CHAMPION,PORTRAIT,https://ddragon.leagueoflegends.com/cdn/16.18.1/img/champion/Udyr.png,https://ddragon.leagueoflegends.com/cdn/16.18.1/data/en_US/champion/Udyr.json,RIOT_DATA_DRAGON,0.5,0.5,0.5,0.5,AUTO_DEFAULT,Square portrait; validate resolution.
media:splash:udyr,char:udyr,CHAMPION,SPLASH,https://ddragon.leagueoflegends.com/cdn/img/champion/splash/Udyr_0.jpg,https://ddragon.leagueoflegends.com/cdn/16.18.1/data/en_US/champion/Udyr.json,RIOT_DATA_DRAGON,,,,,NEEDS_FOCAL_QA,Base splash. Store per-champion focal point after visual QA.
media:portrait:urgot,char:urgot,CHAMPION,PORTRAIT,https://ddragon.leagueoflegends.com/cdn/16.18.1/img/champion/Urgot.png,https://ddragon.leagueoflegends.com/cdn/16.18.1/data/en_US/champion/Urgot.json,RIOT_DATA_DRAGON,0.5,0.5,0.5,0.5,AUTO_DEFAULT,Square portrait; validate resolution.
media:splash:urgot,char:urgot,CHAMPION,SPLASH,https://ddragon.leagueoflegends.com/cdn/img/champion/splash/Urgot_0.jpg,https://ddragon.leagueoflegends.com/cdn/16.18.1/data/en_US/champion/Urgot.json,RIOT_DATA_DRAGON,,,,,NEEDS_FOCAL_QA,Base splash. Store per-champion focal point after visual QA.
media:portrait:varus,char:varus,CHAMPION,PORTRAIT,https://ddragon.leagueoflegends.com/cdn/16.18.1/img/champion/Varus.png,https://ddragon.leagueoflegends.com/cdn/16.18.1/data/en_US/champion/Varus.json,RIOT_DATA_DRAGON,0.5,0.5,0.5,0.5,AUTO_DEFAULT,Square portrait; validate resolution.
media:splash:varus,char:varus,CHAMPION,SPLASH,https://ddragon.leagueoflegends.com/cdn/img/champion/splash/Varus_0.jpg,https://ddragon.leagueoflegends.com/cdn/16.18.1/data/en_US/champion/Varus.json,RIOT_DATA_DRAGON,,,,,NEEDS_FOCAL_QA,Base splash. Store per-champion focal point after visual QA.
media:portrait:vayne,char:vayne,CHAMPION,PORTRAIT,https://ddragon.leagueoflegends.com/cdn/16.18.1/img/champion/Vayne.png,https://ddragon.leagueoflegends.com/cdn/16.18.1/data/en_US/champion/Vayne.json,RIOT_DATA_DRAGON,0.5,0.5,0.5,0.5,AUTO_DEFAULT,Square portrait; validate resolution.
media:splash:vayne,char:vayne,CHAMPION,SPLASH,https://ddragon.leagueoflegends.com/cdn/img/champion/splash/Vayne_0.jpg,https://ddragon.leagueoflegends.com/cdn/16.18.1/data/en_US/champion/Vayne.json,RIOT_DATA_DRAGON,,,,,NEEDS_FOCAL_QA,Base splash. Store per-champion focal point after visual QA.
media:portrait:veigar,char:veigar,CHAMPION,PORTRAIT,https://ddragon.leagueoflegends.com/cdn/16.18.1/img/champion/Veigar.png,https://ddragon.leagueoflegends.com/cdn/16.18.1/data/en_US/champion/Veigar.json,RIOT_DATA_DRAGON,0.5,0.5,0.5,0.5,AUTO_DEFAULT,Square portrait; validate resolution.
media:splash:veigar,char:veigar,CHAMPION,SPLASH,https://ddragon.leagueoflegends.com/cdn/img/champion/splash/Veigar_0.jpg,https://ddragon.leagueoflegends.com/cdn/16.18.1/data/en_US/champion/Veigar.json,RIOT_DATA_DRAGON,,,,,NEEDS_FOCAL_QA,Base splash. Store per-champion focal point after visual QA.
media:portrait:vel-koz,char:vel-koz,CHAMPION,PORTRAIT,https://ddragon.leagueoflegends.com/cdn/16.18.1/img/champion/Velkoz.png,https://ddragon.leagueoflegends.com/cdn/16.18.1/data/en_US/champion/Velkoz.json,RIOT_DATA_DRAGON,0.5,0.5,0.5,0.5,AUTO_DEFAULT,Square portrait; validate resolution.
media:splash:vel-koz,char:vel-koz,CHAMPION,SPLASH,https://ddragon.leagueoflegends.com/cdn/img/champion/splash/Velkoz_0.jpg,https://ddragon.leagueoflegends.com/cdn/16.18.1/data/en_US/champion/Velkoz.json,RIOT_DATA_DRAGON,,,,,NEEDS_FOCAL_QA,Base splash. Store per-champion focal point after visual QA.
media:portrait:vex,char:vex,CHAMPION,PORTRAIT,https://ddragon.leagueoflegends.com/cdn/16.18.1/img/champion/Vex.png,https://ddragon.leagueoflegends.com/cdn/16.18.1/data/en_US/champion/Vex.json,RIOT_DATA_DRAGON,0.5,0.5,0.5,0.5,AUTO_DEFAULT,Square portrait; validate resolution.
media:splash:vex,char:vex,CHAMPION,SPLASH,https://ddragon.leagueoflegends.com/cdn/img/champion/splash/Vex_0.jpg,https://ddragon.leagueoflegends.com/cdn/16.18.1/data/en_US/champion/Vex.json,RIOT_DATA_DRAGON,,,,,NEEDS_FOCAL_QA,Base splash. Store per-champion focal point after visual QA.
media:portrait:vi,char:vi,CHAMPION,PORTRAIT,https://ddragon.leagueoflegends.com/cdn/16.18.1/img/champion/Vi.png,https://ddragon.leagueoflegends.com/cdn/16.18.1/data/en_US/champion/Vi.json,RIOT_DATA_DRAGON,0.5,0.5,0.5,0.5,AUTO_DEFAULT,Square portrait; validate resolution.
media:splash:vi,char:vi,CHAMPION,SPLASH,https://ddragon.leagueoflegends.com/cdn/img/champion/splash/Vi_0.jpg,https://ddragon.leagueoflegends.com/cdn/16.18.1/data/en_US/champion/Vi.json,RIOT_DATA_DRAGON,,,,,NEEDS_FOCAL_QA,Base splash. Store per-champion focal point after visual QA.
media:portrait:viego,char:viego,CHAMPION,PORTRAIT,https://ddragon.leagueoflegends.com/cdn/16.18.1/img/champion/Viego.png,https://ddragon.leagueoflegends.com/cdn/16.18.1/data/en_US/champion/Viego.json,RIOT_DATA_DRAGON,0.5,0.5,0.5,0.5,AUTO_DEFAULT,Square portrait; validate resolution.
media:splash:viego,char:viego,CHAMPION,SPLASH,https://ddragon.leagueoflegends.com/cdn/img/champion/splash/Viego_0.jpg,https://ddragon.leagueoflegends.com/cdn/16.18.1/data/en_US/champion/Viego.json,RIOT_DATA_DRAGON,,,,,NEEDS_FOCAL_QA,Base splash. Store per-champion focal point after visual QA.
media:portrait:viktor,char:viktor,CHAMPION,PORTRAIT,https://ddragon.leagueoflegends.com/cdn/16.18.1/img/champion/Viktor.png,https://ddragon.leagueoflegends.com/cdn/16.18.1/data/en_US/champion/Viktor.json,RIOT_DATA_DRAGON,0.5,0.5,0.5,0.5,AUTO_DEFAULT,Square portrait; validate resolution.
media:splash:viktor,char:viktor,CHAMPION,SPLASH,https://ddragon.leagueoflegends.com/cdn/img/champion/splash/Viktor_0.jpg,https://ddragon.leagueoflegends.com/cdn/16.18.1/data/en_US/champion/Viktor.json,RIOT_DATA_DRAGON,,,,,NEEDS_FOCAL_QA,Base splash. Store per-champion focal point after visual QA.
media:portrait:vladimir,char:vladimir,CHAMPION,PORTRAIT,https://ddragon.leagueoflegends.com/cdn/16.18.1/img/champion/Vladimir.png,https://ddragon.leagueoflegends.com/cdn/16.18.1/data/en_US/champion/Vladimir.json,RIOT_DATA_DRAGON,0.5,0.5,0.5,0.5,AUTO_DEFAULT,Square portrait; validate resolution.
media:splash:vladimir,char:vladimir,CHAMPION,SPLASH,https://ddragon.leagueoflegends.com/cdn/img/champion/splash/Vladimir_0.jpg,https://ddragon.leagueoflegends.com/cdn/16.18.1/data/en_US/champion/Vladimir.json,RIOT_DATA_DRAGON,,,,,NEEDS_FOCAL_QA,Base splash. Store per-champion focal point after visual QA.
media:portrait:volibear,char:volibear,CHAMPION,PORTRAIT,https://ddragon.leagueoflegends.com/cdn/16.18.1/img/champion/Volibear.png,https://ddragon.leagueoflegends.com/cdn/16.18.1/data/en_US/champion/Volibear.json,RIOT_DATA_DRAGON,0.5,0.5,0.5,0.5,AUTO_DEFAULT,Square portrait; validate resolution.
media:splash:volibear,char:volibear,CHAMPION,SPLASH,https://ddragon.leagueoflegends.com/cdn/img/champion/splash/Volibear_0.jpg,https://ddragon.leagueoflegends.com/cdn/16.18.1/data/en_US/champion/Volibear.json,RIOT_DATA_DRAGON,,,,,NEEDS_FOCAL_QA,Base splash. Store per-champion focal point after visual QA.
media:portrait:warwick,char:warwick,CHAMPION,PORTRAIT,https://ddragon.leagueoflegends.com/cdn/16.18.1/img/champion/Warwick.png,https://ddragon.leagueoflegends.com/cdn/16.18.1/data/en_US/champion/Warwick.json,RIOT_DATA_DRAGON,0.5,0.5,0.5,0.5,AUTO_DEFAULT,Square portrait; validate resolution.
media:splash:warwick,char:warwick,CHAMPION,SPLASH,https://ddragon.leagueoflegends.com/cdn/img/champion/splash/Warwick_0.jpg,https://ddragon.leagueoflegends.com/cdn/16.18.1/data/en_US/champion/Warwick.json,RIOT_DATA_DRAGON,,,,,NEEDS_FOCAL_QA,Base splash. Store per-champion focal point after visual QA.
media:portrait:wukong,char:wukong,CHAMPION,PORTRAIT,https://ddragon.leagueoflegends.com/cdn/16.18.1/img/champion/MonkeyKing.png,https://ddragon.leagueoflegends.com/cdn/16.18.1/data/en_US/champion/MonkeyKing.json,RIOT_DATA_DRAGON,0.5,0.5,0.5,0.5,AUTO_DEFAULT,Square portrait; validate resolution.
media:splash:wukong,char:wukong,CHAMPION,SPLASH,https://ddragon.leagueoflegends.com/cdn/img/champion/splash/MonkeyKing_0.jpg,https://ddragon.leagueoflegends.com/cdn/16.18.1/data/en_US/champion/MonkeyKing.json,RIOT_DATA_DRAGON,,,,,NEEDS_FOCAL_QA,Base splash. Store per-champion focal point after visual QA.
media:portrait:xayah,char:xayah,CHAMPION,PORTRAIT,https://ddragon.leagueoflegends.com/cdn/16.18.1/img/champion/Xayah.png,https://ddragon.leagueoflegends.com/cdn/16.18.1/data/en_US/champion/Xayah.json,RIOT_DATA_DRAGON,0.5,0.5,0.5,0.5,AUTO_DEFAULT,Square portrait; validate resolution.
media:splash:xayah,char:xayah,CHAMPION,SPLASH,https://ddragon.leagueoflegends.com/cdn/img/champion/splash/Xayah_0.jpg,https://ddragon.leagueoflegends.com/cdn/16.18.1/data/en_US/champion/Xayah.json,RIOT_DATA_DRAGON,,,,,NEEDS_FOCAL_QA,Base splash. Store per-champion focal point after visual QA.
media:portrait:xerath,char:xerath,CHAMPION,PORTRAIT,https://ddragon.leagueoflegends.com/cdn/16.18.1/img/champion/Xerath.png,https://ddragon.leagueoflegends.com/cdn/16.18.1/data/en_US/champion/Xerath.json,RIOT_DATA_DRAGON,0.5,0.5,0.5,0.5,AUTO_DEFAULT,Square portrait; validate resolution.
media:splash:xerath,char:xerath,CHAMPION,SPLASH,https://ddragon.leagueoflegends.com/cdn/img/champion/splash/Xerath_0.jpg,https://ddragon.leagueoflegends.com/cdn/16.18.1/data/en_US/champion/Xerath.json,RIOT_DATA_DRAGON,,,,,NEEDS_FOCAL_QA,Base splash. Store per-champion focal point after visual QA.
media:portrait:xin-zhao,char:xin-zhao,CHAMPION,PORTRAIT,https://ddragon.leagueoflegends.com/cdn/16.18.1/img/champion/XinZhao.png,https://ddragon.leagueoflegends.com/cdn/16.18.1/data/en_US/champion/XinZhao.json,RIOT_DATA_DRAGON,0.5,0.5,0.5,0.5,AUTO_DEFAULT,Square portrait; validate resolution.
media:splash:xin-zhao,char:xin-zhao,CHAMPION,SPLASH,https://ddragon.leagueoflegends.com/cdn/img/champion/splash/XinZhao_0.jpg,https://ddragon.leagueoflegends.com/cdn/16.18.1/data/en_US/champion/XinZhao.json,RIOT_DATA_DRAGON,,,,,NEEDS_FOCAL_QA,Base splash. Store per-champion focal point after visual QA.
media:portrait:yasuo,char:yasuo,CHAMPION,PORTRAIT,https://ddragon.leagueoflegends.com/cdn/16.18.1/img/champion/Yasuo.png,https://ddragon.leagueoflegends.com/cdn/16.18.1/data/en_US/champion/Yasuo.json,RIOT_DATA_DRAGON,0.5,0.5,0.5,0.5,AUTO_DEFAULT,Square portrait; validate resolution.
media:splash:yasuo,char:yasuo,CHAMPION,SPLASH,https://ddragon.leagueoflegends.com/cdn/img/champion/splash/Yasuo_0.jpg,https://ddragon.leagueoflegends.com/cdn/16.18.1/data/en_US/champion/Yasuo.json,RIOT_DATA_DRAGON,,,,,NEEDS_FOCAL_QA,Base splash. Store per-champion focal point after visual QA.
media:portrait:yone,char:yone,CHAMPION,PORTRAIT,https://ddragon.leagueoflegends.com/cdn/16.18.1/img/champion/Yone.png,https://ddragon.leagueoflegends.com/cdn/16.18.1/data/en_US/champion/Yone.json,RIOT_DATA_DRAGON,0.5,0.5,0.5,0.5,AUTO_DEFAULT,Square portrait; validate resolution.
media:splash:yone,char:yone,CHAMPION,SPLASH,https://ddragon.leagueoflegends.com/cdn/img/champion/splash/Yone_0.jpg,https://ddragon.leagueoflegends.com/cdn/16.18.1/data/en_US/champion/Yone.json,RIOT_DATA_DRAGON,,,,,NEEDS_FOCAL_QA,Base splash. Store per-champion focal point after visual QA.
media:portrait:yorick,char:yorick,CHAMPION,PORTRAIT,https://ddragon.leagueoflegends.com/cdn/16.18.1/img/champion/Yorick.png,https://ddragon.leagueoflegends.com/cdn/16.18.1/data/en_US/champion/Yorick.json,RIOT_DATA_DRAGON,0.5,0.5,0.5,0.5,AUTO_DEFAULT,Square portrait; validate resolution.
media:splash:yorick,char:yorick,CHAMPION,SPLASH,https://ddragon.leagueoflegends.com/cdn/img/champion/splash/Yorick_0.jpg,https://ddragon.leagueoflegends.com/cdn/16.18.1/data/en_US/champion/Yorick.json,RIOT_DATA_DRAGON,,,,,NEEDS_FOCAL_QA,Base splash. Store per-champion focal point after visual QA.
media:portrait:yunara,char:yunara,CHAMPION,PORTRAIT,https://ddragon.leagueoflegends.com/cdn/16.18.1/img/champion/Yunara.png,https://ddragon.leagueoflegends.com/cdn/16.18.1/data/en_US/champion/Yunara.json,RIOT_DATA_DRAGON,0.5,0.5,0.5,0.5,AUTO_DEFAULT,Square portrait; validate resolution.
media:splash:yunara,char:yunara,CHAMPION,SPLASH,https://ddragon.leagueoflegends.com/cdn/img/champion/splash/Yunara_0.jpg,https://ddragon.leagueoflegends.com/cdn/16.18.1/data/en_US/champion/Yunara.json,RIOT_DATA_DRAGON,,,,,NEEDS_FOCAL_QA,Base splash. Store per-champion focal point after visual QA.
media:portrait:yuumi,char:yuumi,CHAMPION,PORTRAIT,https://ddragon.leagueoflegends.com/cdn/16.18.1/img/champion/Yuumi.png,https://ddragon.leagueoflegends.com/cdn/16.18.1/data/en_US/champion/Yuumi.json,RIOT_DATA_DRAGON,0.5,0.5,0.5,0.5,AUTO_DEFAULT,Square portrait; validate resolution.
media:splash:yuumi,char:yuumi,CHAMPION,SPLASH,https://ddragon.leagueoflegends.com/cdn/img/champion/splash/Yuumi_0.jpg,https://ddragon.leagueoflegends.com/cdn/16.18.1/data/en_US/champion/Yuumi.json,RIOT_DATA_DRAGON,,,,,NEEDS_FOCAL_QA,Base splash. Store per-champion focal point after visual QA.
media:portrait:zaahen,char:zaahen,CHAMPION,PORTRAIT,https://ddragon.leagueoflegends.com/cdn/16.18.1/img/champion/Zaahen.png,https://ddragon.leagueoflegends.com/cdn/16.18.1/data/en_US/champion/Zaahen.json,RIOT_DATA_DRAGON,0.5,0.5,0.5,0.5,AUTO_DEFAULT,Square portrait; validate resolution.
media:splash:zaahen,char:zaahen,CHAMPION,SPLASH,https://ddragon.leagueoflegends.com/cdn/img/champion/splash/Zaahen_0.jpg,https://ddragon.leagueoflegends.com/cdn/16.18.1/data/en_US/champion/Zaahen.json,RIOT_DATA_DRAGON,,,,,NEEDS_FOCAL_QA,Base splash. Store per-champion focal point after visual QA.
media:portrait:zac,char:zac,CHAMPION,PORTRAIT,https://ddragon.leagueoflegends.com/cdn/16.18.1/img/champion/Zac.png,https://ddragon.leagueoflegends.com/cdn/16.18.1/data/en_US/champion/Zac.json,RIOT_DATA_DRAGON,0.5,0.5,0.5,0.5,AUTO_DEFAULT,Square portrait; validate resolution.
media:splash:zac,char:zac,CHAMPION,SPLASH,https://ddragon.leagueoflegends.com/cdn/img/champion/splash/Zac_0.jpg,https://ddragon.leagueoflegends.com/cdn/16.18.1/data/en_US/champion/Zac.json,RIOT_DATA_DRAGON,,,,,NEEDS_FOCAL_QA,Base splash. Store per-champion focal point after visual QA.
media:portrait:zed,char:zed,CHAMPION,PORTRAIT,https://ddragon.leagueoflegends.com/cdn/16.18.1/img/champion/Zed.png,https://ddragon.leagueoflegends.com/cdn/16.18.1/data/en_US/champion/Zed.json,RIOT_DATA_DRAGON,0.5,0.5,0.5,0.5,AUTO_DEFAULT,Square portrait; validate resolution.
media:splash:zed,char:zed,CHAMPION,SPLASH,https://ddragon.leagueoflegends.com/cdn/img/champion/splash/Zed_0.jpg,https://ddragon.leagueoflegends.com/cdn/16.18.1/data/en_US/champion/Zed.json,RIOT_DATA_DRAGON,,,,,NEEDS_FOCAL_QA,Base splash. Store per-champion focal point after visual QA.
media:portrait:zeri,char:zeri,CHAMPION,PORTRAIT,https://ddragon.leagueoflegends.com/cdn/16.18.1/img/champion/Zeri.png,https://ddragon.leagueoflegends.com/cdn/16.18.1/data/en_US/champion/Zeri.json,RIOT_DATA_DRAGON,0.5,0.5,0.5,0.5,AUTO_DEFAULT,Square portrait; validate resolution.
media:splash:zeri,char:zeri,CHAMPION,SPLASH,https://ddragon.leagueoflegends.com/cdn/img/champion/splash/Zeri_0.jpg,https://ddragon.leagueoflegends.com/cdn/16.18.1/data/en_US/champion/Zeri.json,RIOT_DATA_DRAGON,,,,,NEEDS_FOCAL_QA,Base splash. Store per-champion focal point after visual QA.
media:portrait:ziggs,char:ziggs,CHAMPION,PORTRAIT,https://ddragon.leagueoflegends.com/cdn/16.18.1/img/champion/Ziggs.png,https://ddragon.leagueoflegends.com/cdn/16.18.1/data/en_US/champion/Ziggs.json,RIOT_DATA_DRAGON,0.5,0.5,0.5,0.5,AUTO_DEFAULT,Square portrait; validate resolution.
media:splash:ziggs,char:ziggs,CHAMPION,SPLASH,https://ddragon.leagueoflegends.com/cdn/img/champion/splash/Ziggs_0.jpg,https://ddragon.leagueoflegends.com/cdn/16.18.1/data/en_US/champion/Ziggs.json,RIOT_DATA_DRAGON,,,,,NEEDS_FOCAL_QA,Base splash. Store per-champion focal point after visual QA.
media:portrait:zilean,char:zilean,CHAMPION,PORTRAIT,https://ddragon.leagueoflegends.com/cdn/16.18.1/img/champion/Zilean.png,https://ddragon.leagueoflegends.com/cdn/16.18.1/data/en_US/champion/Zilean.json,RIOT_DATA_DRAGON,0.5,0.5,0.5,0.5,AUTO_DEFAULT,Square portrait; validate resolution.
media:splash:zilean,char:zilean,CHAMPION,SPLASH,https://ddragon.leagueoflegends.com/cdn/img/champion/splash/Zilean_0.jpg,https://ddragon.leagueoflegends.com/cdn/16.18.1/data/en_US/champion/Zilean.json,RIOT_DATA_DRAGON,,,,,NEEDS_FOCAL_QA,Base splash. Store per-champion focal point after visual QA.
media:portrait:zoe,char:zoe,CHAMPION,PORTRAIT,https://ddragon.leagueoflegends.com/cdn/16.18.1/img/champion/Zoe.png,https://ddragon.leagueoflegends.com/cdn/16.18.1/data/en_US/champion/Zoe.json,RIOT_DATA_DRAGON,0.5,0.5,0.5,0.5,AUTO_DEFAULT,Square portrait; validate resolution.
media:splash:zoe,char:zoe,CHAMPION,SPLASH,https://ddragon.leagueoflegends.com/cdn/img/champion/splash/Zoe_0.jpg,https://ddragon.leagueoflegends.com/cdn/16.18.1/data/en_US/champion/Zoe.json,RIOT_DATA_DRAGON,,,,,NEEDS_FOCAL_QA,Base splash. Store per-champion focal point after visual QA.
media:portrait:zyra,char:zyra,CHAMPION,PORTRAIT,https://ddragon.leagueoflegends.com/cdn/16.18.1/img/champion/Zyra.png,https://ddragon.leagueoflegends.com/cdn/16.18.1/data/en_US/champion/Zyra.json,RIOT_DATA_DRAGON,0.5,0.5,0.5,0.5,AUTO_DEFAULT,Square portrait; validate resolution.
media:splash:zyra,char:zyra,CHAMPION,SPLASH,https://ddragon.leagueoflegends.com/cdn/img/champion/splash/Zyra_0.jpg,https://ddragon.leagueoflegends.com/cdn/16.18.1/data/en_US/champion/Zyra.json,RIOT_DATA_DRAGON,,,,,NEEDS_FOCAL_QA,Base splash. Store per-champion focal point after visual QA.
media:event:creation-universe,event:creation-universe,EVENT,EVENT_HERO,,https://wiki.leagueoflegends.com/en-us/Universe%3ACreation_of_the_Universe,NEEDS_PRIMARY_RIOT_ASSET,,,,,NEEDS_ASSET_DISCOVERY,"Riot Games ""Creation of the Universe"" Runeterra lore official artwork"
media:event:formation-runeterra,event:formation-runeterra,EVENT,EVENT_HERO,,https://wiki.leagueoflegends.com/en-us/Universe%3AFormation_of_Runeterra,NEEDS_PRIMARY_RIOT_ASSET,,,,,NEEDS_ASSET_DISCOVERY,"Riot Games ""Formation of Runeterra"" Runeterra lore official artwork"
media:event:titan-war,event:titan-war,EVENT,EVENT_HERO,,https://wiki.leagueoflegends.com/en-us/Universe%3ATitan_War,NEEDS_PRIMARY_RIOT_ASSET,,,,,NEEDS_ASSET_DISCOVERY,"Riot Games ""Titan War"" Runeterra lore official artwork"
media:event:founding-freljord,event:founding-freljord,EVENT,EVENT_HERO,,https://wiki.leagueoflegends.com/en-us/Universe%3AFounding_of_the_Freljord,NEEDS_PRIMARY_RIOT_ASSET,,,,,NEEDS_ASSET_DISCOVERY,"Riot Games ""Founding of the Freljord"" Runeterra lore official artwork"
media:event:war-three-sisters,event:war-three-sisters,EVENT,EVENT_HERO,,https://wiki.leagueoflegends.com/en-us/Universe%3AWar_of_the_Three_Sisters,NEEDS_PRIMARY_RIOT_ASSET,,,,,NEEDS_ASSET_DISCOVERY,"Riot Games ""War of the Three Sisters"" Runeterra lore official artwork"
media:event:westward-migration,event:westward-migration,EVENT,EVENT_HERO,,https://wiki.leagueoflegends.com/en-us/Universe%3AWestward_Migration,NEEDS_PRIMARY_RIOT_ASSET,,,,,NEEDS_ASSET_DISCOVERY,"Riot Games ""Westward Migration"" Runeterra lore official artwork"
media:event:golden-age-shurima,event:golden-age-shurima,EVENT,EVENT_HERO,,https://wiki.leagueoflegends.com/en-us/Universe%3AGolden_Age_of_Shurima,NEEDS_PRIMARY_RIOT_ASSET,,,,,NEEDS_ASSET_DISCOVERY,"Riot Games ""Golden Age of Shurima"" Runeterra lore official artwork"
media:event:void-war,event:void-war,EVENT,EVENT_HERO,,https://wiki.leagueoflegends.com/en-us/Universe%3AVoid_War,NEEDS_PRIMARY_RIOT_ASSET,,,,,NEEDS_ASSET_DISCOVERY,"Riot Games ""Void War"" Runeterra lore official artwork"
media:event:fall-shurima,event:fall-shurima,EVENT,EVENT_HERO,,https://wiki.leagueoflegends.com/en-us/Universe%3AFall_of_Shurima,NEEDS_PRIMARY_RIOT_ASSET,,,,,NEEDS_ASSET_DISCOVERY,"Riot Games ""Fall of Shurima"" Runeterra lore official artwork"
media:event:great-darkin-war,event:great-darkin-war,EVENT,EVENT_HERO,,https://wiki.leagueoflegends.com/en-us/Universe%3AGreat_Darkin_War,NEEDS_PRIMARY_RIOT_ASSET,,,,,NEEDS_ASSET_DISCOVERY,"Riot Games ""Great Darkin War"" Runeterra lore official artwork"
media:event:ruination-helia,event:ruination-helia,EVENT,EVENT_HERO,,https://wiki.leagueoflegends.com/en-us/Universe%3ARuination,NEEDS_PRIMARY_RIOT_ASSET,,,,,NEEDS_ASSET_DISCOVERY,"Riot Games ""Ruination of Helia"" Runeterra lore official artwork"
media:event:rune-wars,event:rune-wars,EVENT,EVENT_HERO,,https://wiki.leagueoflegends.com/en-us/Universe%3ARune_Wars,NEEDS_PRIMARY_RIOT_ASSET,,,,,NEEDS_ASSET_DISCOVERY,"Riot Games ""Rune Wars"" Runeterra lore official artwork"
media:event:resurgence-civilizations,event:resurgence-civilizations,EVENT,EVENT_HERO,,https://wiki.leagueoflegends.com/en-us/Universe%3AResurgence_of_Civilizations,NEEDS_PRIMARY_RIOT_ASSET,,,,,NEEDS_ASSET_DISCOVERY,"Riot Games ""Resurgence of Civilizations"" Runeterra lore official artwork"
media:event:first-demacia-noxus-war,event:first-demacia-noxus-war,EVENT,EVENT_HERO,,https://wiki.leagueoflegends.com/en-us/Universe%3AFirst_Demacian-Noxian_War,NEEDS_PRIMARY_RIOT_ASSET,,,,,NEEDS_ASSET_DISCOVERY,"Riot Games ""First Demacian-Noxian War"" Runeterra lore official artwork"
media:event:medarda-succession-war,event:medarda-succession-war,EVENT,EVENT_HERO,,https://wiki.leagueoflegends.com/en-us/Universe%3AMedardan_Succession_War,NEEDS_PRIMARY_RIOT_ASSET,,,,,NEEDS_ASSET_DISCOVERY,"Riot Games ""Medardan Succession War"" Runeterra lore official artwork"
media:event:era-hextech,event:era-hextech,EVENT,EVENT_HERO,,https://wiki.leagueoflegends.com/en-us/Universe%3AEra_of_Hextech,NEEDS_PRIMARY_RIOT_ASSET,,,,,NEEDS_ASSET_DISCOVERY,"Riot Games ""Era of Hextech"" Runeterra lore official artwork"
media:event:noxian-invasion-ionia,event:noxian-invasion-ionia,EVENT,EVENT_HERO,,https://wiki.leagueoflegends.com/en-us/Universe%3ANoxian_Invasion_of_Ionia,NEEDS_PRIMARY_RIOT_ASSET,,,,,NEEDS_ASSET_DISCOVERY,"Riot Games ""Noxian Invasion of Ionia"" Runeterra lore official artwork"
media:event:rebirth-sun-disc,event:rebirth-sun-disc,EVENT,EVENT_HERO,,https://wiki.leagueoflegends.com/en-us/Universe%3ARebirth_of_the_Sun_Disc,NEEDS_PRIMARY_RIOT_ASSET,,,,,NEEDS_ASSET_DISCOVERY,"Riot Games ""Rebirth of the Sun Disc"" Runeterra lore official artwork"
media:event:return-ruined-king,event:return-ruined-king,EVENT,EVENT_HERO,,https://wiki.leagueoflegends.com/en-us/Universe%3AReturn_of_the_Ruined_King,NEEDS_PRIMARY_RIOT_ASSET,,,,,NEEDS_ASSET_DISCOVERY,"Riot Games ""Return of the Ruined King"" Runeterra lore official artwork"
media:event:great-mage-rebellion,event:great-mage-rebellion,EVENT,EVENT_HERO,,https://wiki.leagueoflegends.com/en-us/Universe%3AGreat_Mage_Rebellion,NEEDS_PRIMARY_RIOT_ASSET,,,,,NEEDS_ASSET_DISCOVERY,"Riot Games ""Great Mage Rebellion"" Runeterra lore official artwork"
media:event:harrowing,event:harrowing,EVENT,EVENT_HERO,,https://wiki.leagueoflegends.com/en-us/Universe%3AHarrowing,NEEDS_PRIMARY_RIOT_ASSET,,,,,NEEDS_ASSET_DISCOVERY,"Riot Games ""The Harrowing"" Runeterra lore official artwork"
media:event:swain-coup,event:swain-coup,EVENT,EVENT_HERO,,https://wiki.leagueoflegends.com/en-us/Universe%3ASwain,NEEDS_PRIMARY_RIOT_ASSET,,,,,NEEDS_ASSET_DISCOVERY,"Riot Games ""Swain's Coup"" Runeterra lore official artwork"
media:event:yasuo-yone-duel,event:yasuo-yone-duel,EVENT,EVENT_HERO,,https://wiki.leagueoflegends.com/en-us/Universe%3AYasuo,NEEDS_PRIMARY_RIOT_ASSET,,,,,NEEDS_ASSET_DISCOVERY,"Riot Games ""Yasuo and Yone's Duel"" Runeterra lore official artwork"
media:event:kayle-morgana-conflict,event:kayle-morgana-conflict,EVENT,EVENT_HERO,,https://wiki.leagueoflegends.com/en-us/Universe%3AKayle,NEEDS_PRIMARY_RIOT_ASSET,,,,,NEEDS_ASSET_DISCOVERY,"Riot Games ""Kayle and Morgana Conflict"" Runeterra lore official artwork"
media:event:aatrox-atreus-duel,event:aatrox-atreus-duel,EVENT,EVENT_HERO,,https://wiki.leagueoflegends.com/en-us/Universe%3APantheon,NEEDS_PRIMARY_RIOT_ASSET,,,,,NEEDS_ASSET_DISCOVERY,"Riot Games ""Aatrox and Atreus"" Runeterra lore official artwork"
