source_id,entity_id,entity_type,url,source_type,authority_tier,fetch_priority,fetch_status,parser_hint,respect_robots,rate_limit_hint,last_checked_at,notes
src:riot-bio:aatrox,char:aatrox,CHAMPION,https://www.leagueoflegends.com/en-us/champions/aatrox/,CHAMPION_BIO,PRIMARY_OFFICIAL,P0,UNFETCHED,RIOT_CHAMPION,TRUE,1-2 req/sec max; cache responses,,Use primary Riot text as highest-priority evidence; Wiki should point back to underlying Riot sources.
src:wiki-universe:aatrox,char:aatrox,CHAMPION,https://wiki.leagueoflegends.com/en-us/Universe%3AAatrox,WIKI_UNIVERSE,OFFICIAL_COMMUNITY_REFERENCE,P1,UNFETCHED,WIKI_UNIVERSE,TRUE,1-2 req/sec max; cache responses,,Use primary Riot text as highest-priority evidence; Wiki should point back to underlying Riot sources.
src:wiki-data:aatrox,char:aatrox,CHAMPION,https://wiki.leagueoflegends.com/en-us/Template%3AData_Aatrox,WIKI_REFERENCE,OFFICIAL_COMMUNITY_REFERENCE,P2,UNFETCHED,WIKI_UNIVERSE,TRUE,1-2 req/sec max; cache responses,,Use primary Riot text as highest-priority evidence; Wiki should point back to underlying Riot sources.
src:ddragon:aatrox,char:aatrox,CHAMPION,https://ddragon.leagueoflegends.com/cdn/16.18.1/data/en_US/champion/Aatrox.json,DATA_DRAGON,PRIMARY_OFFICIAL_STATIC,P0,UNFETCHED,GENERIC,TRUE,1-2 req/sec max; cache responses,,Use primary Riot text as highest-priority evidence; Wiki should point back to underlying Riot sources.
src:riot-bio:ahri,char:ahri,CHAMPION,https://www.leagueoflegends.com/en-us/champions/ahri/,CHAMPION_BIO,PRIMARY_OFFICIAL,P0,UNFETCHED,RIOT_CHAMPION,TRUE,1-2 req/sec max; cache responses,,Use primary Riot text as highest-priority evidence; Wiki should point back to underlying Riot sources.
src:wiki-universe:ahri,char:ahri,CHAMPION,https://wiki.leagueoflegends.com/en-us/Universe%3AAhri,WIKI_UNIVERSE,OFFICIAL_COMMUNITY_REFERENCE,P1,UNFETCHED,WIKI_UNIVERSE,TRUE,1-2 req/sec max; cache responses,,Use primary Riot text as highest-priority evidence; Wiki should point back to underlying Riot sources.
src:wiki-data:ahri,char:ahri,CHAMPION,https://wiki.leagueoflegends.com/en-us/Template%3AData_Ahri,WIKI_REFERENCE,OFFICIAL_COMMUNITY_REFERENCE,P2,UNFETCHED,WIKI_UNIVERSE,TRUE,1-2 req/sec max; cache responses,,Use primary Riot text as highest-priority evidence; Wiki should point back to underlying Riot sources.
src:ddragon:ahri,char:ahri,CHAMPION,https://ddragon.leagueoflegends.com/cdn/16.18.1/data/en_US/champion/Ahri.json,DATA_DRAGON,PRIMARY_OFFICIAL_STATIC,P0,UNFETCHED,GENERIC,TRUE,1-2 req/sec max; cache responses,,Use primary Riot text as highest-priority evidence; Wiki should point back to underlying Riot sources.
src:riot-bio:akali,char:akali,CHAMPION,https://www.leagueoflegends.com/en-us/champions/akali/,CHAMPION_BIO,PRIMARY_OFFICIAL,P0,UNFETCHED,RIOT_CHAMPION,TRUE,1-2 req/sec max; cache responses,,Use primary Riot text as highest-priority evidence; Wiki should point back to underlying Riot sources.
src:wiki-universe:akali,char:akali,CHAMPION,https://wiki.leagueoflegends.com/en-us/Universe%3AAkali,WIKI_UNIVERSE,OFFICIAL_COMMUNITY_REFERENCE,P1,UNFETCHED,WIKI_UNIVERSE,TRUE,1-2 req/sec max; cache responses,,Use primary Riot text as highest-priority evidence; Wiki should point back to underlying Riot sources.
src:wiki-data:akali,char:akali,CHAMPION,https://wiki.leagueoflegends.com/en-us/Template%3AData_Akali,WIKI_REFERENCE,OFFICIAL_COMMUNITY_REFERENCE,P2,UNFETCHED,WIKI_UNIVERSE,TRUE,1-2 req/sec max; cache responses,,Use primary Riot text as highest-priority evidence; Wiki should point back to underlying Riot sources.
src:ddragon:akali,char:akali,CHAMPION,https://ddragon.leagueoflegends.com/cdn/16.18.1/data/en_US/champion/Akali.json,DATA_DRAGON,PRIMARY_OFFICIAL_STATIC,P0,UNFETCHED,GENERIC,TRUE,1-2 req/sec max; cache responses,,Use primary Riot text as highest-priority evidence; Wiki should point back to underlying Riot sources.
src:riot-bio:akshan,char:akshan,CHAMPION,https://www.leagueoflegends.com/en-us/champions/akshan/,CHAMPION_BIO,PRIMARY_OFFICIAL,P0,UNFETCHED,RIOT_CHAMPION,TRUE,1-2 req/sec max; cache responses,,Use primary Riot text as highest-priority evidence; Wiki should point back to underlying Riot sources.
src:wiki-universe:akshan,char:akshan,CHAMPION,https://wiki.leagueoflegends.com/en-us/Universe%3AAkshan,WIKI_UNIVERSE,OFFICIAL_COMMUNITY_REFERENCE,P1,UNFETCHED,WIKI_UNIVERSE,TRUE,1-2 req/sec max; cache responses,,Use primary Riot text as highest-priority evidence; Wiki should point back to underlying Riot sources.
src:wiki-data:akshan,char:akshan,CHAMPION,https://wiki.leagueoflegends.com/en-us/Template%3AData_Akshan,WIKI_REFERENCE,OFFICIAL_COMMUNITY_REFERENCE,P2,UNFETCHED,WIKI_UNIVERSE,TRUE,1-2 req/sec max; cache responses,,Use primary Riot text as highest-priority evidence; Wiki should point back to underlying Riot sources.
src:ddragon:akshan,char:akshan,CHAMPION,https://ddragon.leagueoflegends.com/cdn/16.18.1/data/en_US/champion/Akshan.json,DATA_DRAGON,PRIMARY_OFFICIAL_STATIC,P0,UNFETCHED,GENERIC,TRUE,1-2 req/sec max; cache responses,,Use primary Riot text as highest-priority evidence; Wiki should point back to underlying Riot sources.
src:riot-bio:alistar,char:alistar,CHAMPION,https://www.leagueoflegends.com/en-us/champions/alistar/,CHAMPION_BIO,PRIMARY_OFFICIAL,P0,UNFETCHED,RIOT_CHAMPION,TRUE,1-2 req/sec max; cache responses,,Use primary Riot text as highest-priority evidence; Wiki should point back to underlying Riot sources.
src:wiki-universe:alistar,char:alistar,CHAMPION,https://wiki.leagueoflegends.com/en-us/Universe%3AAlistar,WIKI_UNIVERSE,OFFICIAL_COMMUNITY_REFERENCE,P1,UNFETCHED,WIKI_UNIVERSE,TRUE,1-2 req/sec max; cache responses,,Use primary Riot text as highest-priority evidence; Wiki should point back to underlying Riot sources.
src:wiki-data:alistar,char:alistar,CHAMPION,https://wiki.leagueoflegends.com/en-us/Template%3AData_Alistar,WIKI_REFERENCE,OFFICIAL_COMMUNITY_REFERENCE,P2,UNFETCHED,WIKI_UNIVERSE,TRUE,1-2 req/sec max; cache responses,,Use primary Riot text as highest-priority evidence; Wiki should point back to underlying Riot sources.
src:ddragon:alistar,char:alistar,CHAMPION,https://ddragon.leagueoflegends.com/cdn/16.18.1/data/en_US/champion/Alistar.json,DATA_DRAGON,PRIMARY_OFFICIAL_STATIC,P0,UNFETCHED,GENERIC,TRUE,1-2 req/sec max; cache responses,,Use primary Riot text as highest-priority evidence; Wiki should point back to underlying Riot sources.
src:riot-bio:ambessa,char:ambessa,CHAMPION,https://www.leagueoflegends.com/en-us/champions/ambessa/,CHAMPION_BIO,PRIMARY_OFFICIAL,P0,UNFETCHED,RIOT_CHAMPION,TRUE,1-2 req/sec max; cache responses,,Use primary Riot text as highest-priority evidence; Wiki should point back to underlying Riot sources.
src:wiki-universe:ambessa,char:ambessa,CHAMPION,https://wiki.leagueoflegends.com/en-us/Universe%3AAmbessa,WIKI_UNIVERSE,OFFICIAL_COMMUNITY_REFERENCE,P1,UNFETCHED,WIKI_UNIVERSE,TRUE,1-2 req/sec max; cache responses,,Use primary Riot text as highest-priority evidence; Wiki should point back to underlying Riot sources.
src:wiki-data:ambessa,char:ambessa,CHAMPION,https://wiki.leagueoflegends.com/en-us/Template%3AData_Ambessa,WIKI_REFERENCE,OFFICIAL_COMMUNITY_REFERENCE,P2,UNFETCHED,WIKI_UNIVERSE,TRUE,1-2 req/sec max; cache responses,,Use primary Riot text as highest-priority evidence; Wiki should point back to underlying Riot sources.
src:ddragon:ambessa,char:ambessa,CHAMPION,https://ddragon.leagueoflegends.com/cdn/16.18.1/data/en_US/champion/Ambessa.json,DATA_DRAGON,PRIMARY_OFFICIAL_STATIC,P0,UNFETCHED,GENERIC,TRUE,1-2 req/sec max; cache responses,,Use primary Riot text as highest-priority evidence; Wiki should point back to underlying Riot sources.
src:riot-bio:amumu,char:amumu,CHAMPION,https://www.leagueoflegends.com/en-us/champions/amumu/,CHAMPION_BIO,PRIMARY_OFFICIAL,P0,UNFETCHED,RIOT_CHAMPION,TRUE,1-2 req/sec max; cache responses,,Use primary Riot text as highest-priority evidence; Wiki should point back to underlying Riot sources.
src:wiki-universe:amumu,char:amumu,CHAMPION,https://wiki.leagueoflegends.com/en-us/Universe%3AAmumu,WIKI_UNIVERSE,OFFICIAL_COMMUNITY_REFERENCE,P1,UNFETCHED,WIKI_UNIVERSE,TRUE,1-2 req/sec max; cache responses,,Use primary Riot text as highest-priority evidence; Wiki should point back to underlying Riot sources.
src:wiki-data:amumu,char:amumu,CHAMPION,https://wiki.leagueoflegends.com/en-us/Template%3AData_Amumu,WIKI_REFERENCE,OFFICIAL_COMMUNITY_REFERENCE,P2,UNFETCHED,WIKI_UNIVERSE,TRUE,1-2 req/sec max; cache responses,,Use primary Riot text as highest-priority evidence; Wiki should point back to underlying Riot sources.
src:ddragon:amumu,char:amumu,CHAMPION,https://ddragon.leagueoflegends.com/cdn/16.18.1/data/en_US/champion/Amumu.json,DATA_DRAGON,PRIMARY_OFFICIAL_STATIC,P0,UNFETCHED,GENERIC,TRUE,1-2 req/sec max; cache responses,,Use primary Riot text as highest-priority evidence; Wiki should point back to underlying Riot sources.
src:riot-bio:anivia,char:anivia,CHAMPION,https://www.leagueoflegends.com/en-us/champions/anivia/,CHAMPION_BIO,PRIMARY_OFFICIAL,P0,UNFETCHED,RIOT_CHAMPION,TRUE,1-2 req/sec max; cache responses,,Use primary Riot text as highest-priority evidence; Wiki should point back to underlying Riot sources.
src:wiki-universe:anivia,char:anivia,CHAMPION,https://wiki.leagueoflegends.com/en-us/Universe%3AAnivia,WIKI_UNIVERSE,OFFICIAL_COMMUNITY_REFERENCE,P1,UNFETCHED,WIKI_UNIVERSE,TRUE,1-2 req/sec max; cache responses,,Use primary Riot text as highest-priority evidence; Wiki should point back to underlying Riot sources.
src:wiki-data:anivia,char:anivia,CHAMPION,https://wiki.leagueoflegends.com/en-us/Template%3AData_Anivia,WIKI_REFERENCE,OFFICIAL_COMMUNITY_REFERENCE,P2,UNFETCHED,WIKI_UNIVERSE,TRUE,1-2 req/sec max; cache responses,,Use primary Riot text as highest-priority evidence; Wiki should point back to underlying Riot sources.
src:ddragon:anivia,char:anivia,CHAMPION,https://ddragon.leagueoflegends.com/cdn/16.18.1/data/en_US/champion/Anivia.json,DATA_DRAGON,PRIMARY_OFFICIAL_STATIC,P0,UNFETCHED,GENERIC,TRUE,1-2 req/sec max; cache responses,,Use primary Riot text as highest-priority evidence; Wiki should point back to underlying Riot sources.
src:riot-bio:annie,char:annie,CHAMPION,https://www.leagueoflegends.com/en-us/champions/annie/,CHAMPION_BIO,PRIMARY_OFFICIAL,P0,UNFETCHED,RIOT_CHAMPION,TRUE,1-2 req/sec max; cache responses,,Use primary Riot text as highest-priority evidence; Wiki should point back to underlying Riot sources.
src:wiki-universe:annie,char:annie,CHAMPION,https://wiki.leagueoflegends.com/en-us/Universe%3AAnnie,WIKI_UNIVERSE,OFFICIAL_COMMUNITY_REFERENCE,P1,UNFETCHED,WIKI_UNIVERSE,TRUE,1-2 req/sec max; cache responses,,Use primary Riot text as highest-priority evidence; Wiki should point back to underlying Riot sources.
src:wiki-data:annie,char:annie,CHAMPION,https://wiki.leagueoflegends.com/en-us/Template%3AData_Annie,WIKI_REFERENCE,OFFICIAL_COMMUNITY_REFERENCE,P2,UNFETCHED,WIKI_UNIVERSE,TRUE,1-2 req/sec max; cache responses,,Use primary Riot text as highest-priority evidence; Wiki should point back to underlying Riot sources.
src:ddragon:annie,char:annie,CHAMPION,https://ddragon.leagueoflegends.com/cdn/16.18.1/data/en_US/champion/Annie.json,DATA_DRAGON,PRIMARY_OFFICIAL_STATIC,P0,UNFETCHED,GENERIC,TRUE,1-2 req/sec max; cache responses,,Use primary Riot text as highest-priority evidence; Wiki should point back to underlying Riot sources.
src:riot-bio:aphelios,char:aphelios,CHAMPION,https://www.leagueoflegends.com/en-us/champions/aphelios/,CHAMPION_BIO,PRIMARY_OFFICIAL,P0,UNFETCHED,RIOT_CHAMPION,TRUE,1-2 req/sec max; cache responses,,Use primary Riot text as highest-priority evidence; Wiki should point back to underlying Riot sources.
src:wiki-universe:aphelios,char:aphelios,CHAMPION,https://wiki.leagueoflegends.com/en-us/Universe%3AAphelios,WIKI_UNIVERSE,OFFICIAL_COMMUNITY_REFERENCE,P1,UNFETCHED,WIKI_UNIVERSE,TRUE,1-2 req/sec max; cache responses,,Use primary Riot text as highest-priority evidence; Wiki should point back to underlying Riot sources.
src:wiki-data:aphelios,char:aphelios,CHAMPION,https://wiki.leagueoflegends.com/en-us/Template%3AData_Aphelios,WIKI_REFERENCE,OFFICIAL_COMMUNITY_REFERENCE,P2,UNFETCHED,WIKI_UNIVERSE,TRUE,1-2 req/sec max; cache responses,,Use primary Riot text as highest-priority evidence; Wiki should point back to underlying Riot sources.
src:ddragon:aphelios,char:aphelios,CHAMPION,https://ddragon.leagueoflegends.com/cdn/16.18.1/data/en_US/champion/Aphelios.json,DATA_DRAGON,PRIMARY_OFFICIAL_STATIC,P0,UNFETCHED,GENERIC,TRUE,1-2 req/sec max; cache responses,,Use primary Riot text as highest-priority evidence; Wiki should point back to underlying Riot sources.
src:riot-bio:ashe,char:ashe,CHAMPION,https://www.leagueoflegends.com/en-us/champions/ashe/,CHAMPION_BIO,PRIMARY_OFFICIAL,P0,UNFETCHED,RIOT_CHAMPION,TRUE,1-2 req/sec max; cache responses,,Use primary Riot text as highest-priority evidence; Wiki should point back to underlying Riot sources.
src:wiki-universe:ashe,char:ashe,CHAMPION,https://wiki.leagueoflegends.com/en-us/Universe%3AAshe,WIKI_UNIVERSE,OFFICIAL_COMMUNITY_REFERENCE,P1,UNFETCHED,WIKI_UNIVERSE,TRUE,1-2 req/sec max; cache responses,,Use primary Riot text as highest-priority evidence; Wiki should point back to underlying Riot sources.
src:wiki-data:ashe,char:ashe,CHAMPION,https://wiki.leagueoflegends.com/en-us/Template%3AData_Ashe,WIKI_REFERENCE,OFFICIAL_COMMUNITY_REFERENCE,P2,UNFETCHED,WIKI_UNIVERSE,TRUE,1-2 req/sec max; cache responses,,Use primary Riot text as highest-priority evidence; Wiki should point back to underlying Riot sources.
src:ddragon:ashe,char:ashe,CHAMPION,https://ddragon.leagueoflegends.com/cdn/16.18.1/data/en_US/champion/Ashe.json,DATA_DRAGON,PRIMARY_OFFICIAL_STATIC,P0,UNFETCHED,GENERIC,TRUE,1-2 req/sec max; cache responses,,Use primary Riot text as highest-priority evidence; Wiki should point back to underlying Riot sources.
src:riot-bio:aurelion-sol,char:aurelion-sol,CHAMPION,https://www.leagueoflegends.com/en-us/champions/aurelion-sol/,CHAMPION_BIO,PRIMARY_OFFICIAL,P0,UNFETCHED,RIOT_CHAMPION,TRUE,1-2 req/sec max; cache responses,,Use primary Riot text as highest-priority evidence; Wiki should point back to underlying Riot sources.
src:wiki-universe:aurelion-sol,char:aurelion-sol,CHAMPION,https://wiki.leagueoflegends.com/en-us/Universe%3AAurelion_Sol,WIKI_UNIVERSE,OFFICIAL_COMMUNITY_REFERENCE,P1,UNFETCHED,WIKI_UNIVERSE,TRUE,1-2 req/sec max; cache responses,,Use primary Riot text as highest-priority evidence; Wiki should point back to underlying Riot sources.
src:wiki-data:aurelion-sol,char:aurelion-sol,CHAMPION,https://wiki.leagueoflegends.com/en-us/Template%3AData_Aurelion_Sol,WIKI_REFERENCE,OFFICIAL_COMMUNITY_REFERENCE,P2,UNFETCHED,WIKI_UNIVERSE,TRUE,1-2 req/sec max; cache responses,,Use primary Riot text as highest-priority evidence; Wiki should point back to underlying Riot sources.
src:ddragon:aurelion-sol,char:aurelion-sol,CHAMPION,https://ddragon.leagueoflegends.com/cdn/16.18.1/data/en_US/champion/AurelionSol.json,DATA_DRAGON,PRIMARY_OFFICIAL_STATIC,P0,UNFETCHED,GENERIC,TRUE,1-2 req/sec max; cache responses,,Use primary Riot text as highest-priority evidence; Wiki should point back to underlying Riot sources.
src:riot-bio:aurora,char:aurora,CHAMPION,https://www.leagueoflegends.com/en-us/champions/aurora/,CHAMPION_BIO,PRIMARY_OFFICIAL,P0,UNFETCHED,RIOT_CHAMPION,TRUE,1-2 req/sec max; cache responses,,Use primary Riot text as highest-priority evidence; Wiki should point back to underlying Riot sources.
src:wiki-universe:aurora,char:aurora,CHAMPION,https://wiki.leagueoflegends.com/en-us/Universe%3AAurora,WIKI_UNIVERSE,OFFICIAL_COMMUNITY_REFERENCE,P1,UNFETCHED,WIKI_UNIVERSE,TRUE,1-2 req/sec max; cache responses,,Use primary Riot text as highest-priority evidence; Wiki should point back to underlying Riot sources.
src:wiki-data:aurora,char:aurora,CHAMPION,https://wiki.leagueoflegends.com/en-us/Template%3AData_Aurora,WIKI_REFERENCE,OFFICIAL_COMMUNITY_REFERENCE,P2,UNFETCHED,WIKI_UNIVERSE,TRUE,1-2 req/sec max; cache responses,,Use primary Riot text as highest-priority evidence; Wiki should point back to underlying Riot sources.
src:ddragon:aurora,char:aurora,CHAMPION,https://ddragon.leagueoflegends.com/cdn/16.18.1/data/en_US/champion/Aurora.json,DATA_DRAGON,PRIMARY_OFFICIAL_STATIC,P0,UNFETCHED,GENERIC,TRUE,1-2 req/sec max; cache responses,,Use primary Riot text as highest-priority evidence; Wiki should point back to underlying Riot sources.
src:riot-bio:azir,char:azir,CHAMPION,https://www.leagueoflegends.com/en-us/champions/azir/,CHAMPION_BIO,PRIMARY_OFFICIAL,P0,UNFETCHED,RIOT_CHAMPION,TRUE,1-2 req/sec max; cache responses,,Use primary Riot text as highest-priority evidence; Wiki should point back to underlying Riot sources.
src:wiki-universe:azir,char:azir,CHAMPION,https://wiki.leagueoflegends.com/en-us/Universe%3AAzir,WIKI_UNIVERSE,OFFICIAL_COMMUNITY_REFERENCE,P1,UNFETCHED,WIKI_UNIVERSE,TRUE,1-2 req/sec max; cache responses,,Use primary Riot text as highest-priority evidence; Wiki should point back to underlying Riot sources.
src:wiki-data:azir,char:azir,CHAMPION,https://wiki.leagueoflegends.com/en-us/Template%3AData_Azir,WIKI_REFERENCE,OFFICIAL_COMMUNITY_REFERENCE,P2,UNFETCHED,WIKI_UNIVERSE,TRUE,1-2 req/sec max; cache responses,,Use primary Riot text as highest-priority evidence; Wiki should point back to underlying Riot sources.
src:ddragon:azir,char:azir,CHAMPION,https://ddragon.leagueoflegends.com/cdn/16.18.1/data/en_US/champion/Azir.json,DATA_DRAGON,PRIMARY_OFFICIAL_STATIC,P0,UNFETCHED,GENERIC,TRUE,1-2 req/sec max; cache responses,,Use primary Riot text as highest-priority evidence; Wiki should point back to underlying Riot sources.
src:riot-bio:bard,char:bard,CHAMPION,https://www.leagueoflegends.com/en-us/champions/bard/,CHAMPION_BIO,PRIMARY_OFFICIAL,P0,UNFETCHED,RIOT_CHAMPION,TRUE,1-2 req/sec max; cache responses,,Use primary Riot text as highest-priority evidence; Wiki should point back to underlying Riot sources.
src:wiki-universe:bard,char:bard,CHAMPION,https://wiki.leagueoflegends.com/en-us/Universe%3ABard,WIKI_UNIVERSE,OFFICIAL_COMMUNITY_REFERENCE,P1,UNFETCHED,WIKI_UNIVERSE,TRUE,1-2 req/sec max; cache responses,,Use primary Riot text as highest-priority evidence; Wiki should point back to underlying Riot sources.
src:wiki-data:bard,char:bard,CHAMPION,https://wiki.leagueoflegends.com/en-us/Template%3AData_Bard,WIKI_REFERENCE,OFFICIAL_COMMUNITY_REFERENCE,P2,UNFETCHED,WIKI_UNIVERSE,TRUE,1-2 req/sec max; cache responses,,Use primary Riot text as highest-priority evidence; Wiki should point back to underlying Riot sources.
src:ddragon:bard,char:bard,CHAMPION,https://ddragon.leagueoflegends.com/cdn/16.18.1/data/en_US/champion/Bard.json,DATA_DRAGON,PRIMARY_OFFICIAL_STATIC,P0,UNFETCHED,GENERIC,TRUE,1-2 req/sec max; cache responses,,Use primary Riot text as highest-priority evidence; Wiki should point back to underlying Riot sources.
src:riot-bio:bel-veth,char:bel-veth,CHAMPION,https://www.leagueoflegends.com/en-us/champions/bel-veth/,CHAMPION_BIO,PRIMARY_OFFICIAL,P0,UNFETCHED,RIOT_CHAMPION,TRUE,1-2 req/sec max; cache responses,,Use primary Riot text as highest-priority evidence; Wiki should point back to underlying Riot sources.
src:wiki-universe:bel-veth,char:bel-veth,CHAMPION,https://wiki.leagueoflegends.com/en-us/Universe%3ABel'Veth,WIKI_UNIVERSE,OFFICIAL_COMMUNITY_REFERENCE,P1,UNFETCHED,WIKI_UNIVERSE,TRUE,1-2 req/sec max; cache responses,,Use primary Riot text as highest-priority evidence; Wiki should point back to underlying Riot sources.
src:wiki-data:bel-veth,char:bel-veth,CHAMPION,https://wiki.leagueoflegends.com/en-us/Template%3AData_Bel'Veth,WIKI_REFERENCE,OFFICIAL_COMMUNITY_REFERENCE,P2,UNFETCHED,WIKI_UNIVERSE,TRUE,1-2 req/sec max; cache responses,,Use primary Riot text as highest-priority evidence; Wiki should point back to underlying Riot sources.
src:ddragon:bel-veth,char:bel-veth,CHAMPION,https://ddragon.leagueoflegends.com/cdn/16.18.1/data/en_US/champion/Belveth.json,DATA_DRAGON,PRIMARY_OFFICIAL_STATIC,P0,UNFETCHED,GENERIC,TRUE,1-2 req/sec max; cache responses,,Use primary Riot text as highest-priority evidence; Wiki should point back to underlying Riot sources.
src:riot-bio:blitzcrank,char:blitzcrank,CHAMPION,https://www.leagueoflegends.com/en-us/champions/blitzcrank/,CHAMPION_BIO,PRIMARY_OFFICIAL,P0,UNFETCHED,RIOT_CHAMPION,TRUE,1-2 req/sec max; cache responses,,Use primary Riot text as highest-priority evidence; Wiki should point back to underlying Riot sources.
src:wiki-universe:blitzcrank,char:blitzcrank,CHAMPION,https://wiki.leagueoflegends.com/en-us/Universe%3ABlitzcrank,WIKI_UNIVERSE,OFFICIAL_COMMUNITY_REFERENCE,P1,UNFETCHED,WIKI_UNIVERSE,TRUE,1-2 req/sec max; cache responses,,Use primary Riot text as highest-priority evidence; Wiki should point back to underlying Riot sources.
src:wiki-data:blitzcrank,char:blitzcrank,CHAMPION,https://wiki.leagueoflegends.com/en-us/Template%3AData_Blitzcrank,WIKI_REFERENCE,OFFICIAL_COMMUNITY_REFERENCE,P2,UNFETCHED,WIKI_UNIVERSE,TRUE,1-2 req/sec max; cache responses,,Use primary Riot text as highest-priority evidence; Wiki should point back to underlying Riot sources.
src:ddragon:blitzcrank,char:blitzcrank,CHAMPION,https://ddragon.leagueoflegends.com/cdn/16.18.1/data/en_US/champion/Blitzcrank.json,DATA_DRAGON,PRIMARY_OFFICIAL_STATIC,P0,UNFETCHED,GENERIC,TRUE,1-2 req/sec max; cache responses,,Use primary Riot text as highest-priority evidence; Wiki should point back to underlying Riot sources.
src:riot-bio:brand,char:brand,CHAMPION,https://www.leagueoflegends.com/en-us/champions/brand/,CHAMPION_BIO,PRIMARY_OFFICIAL,P0,UNFETCHED,RIOT_CHAMPION,TRUE,1-2 req/sec max; cache responses,,Use primary Riot text as highest-priority evidence; Wiki should point back to underlying Riot sources.
src:wiki-universe:brand,char:brand,CHAMPION,https://wiki.leagueoflegends.com/en-us/Universe%3ABrand,WIKI_UNIVERSE,OFFICIAL_COMMUNITY_REFERENCE,P1,UNFETCHED,WIKI_UNIVERSE,TRUE,1-2 req/sec max; cache responses,,Use primary Riot text as highest-priority evidence; Wiki should point back to underlying Riot sources.
src:wiki-data:brand,char:brand,CHAMPION,https://wiki.leagueoflegends.com/en-us/Template%3AData_Brand,WIKI_REFERENCE,OFFICIAL_COMMUNITY_REFERENCE,P2,UNFETCHED,WIKI_UNIVERSE,TRUE,1-2 req/sec max; cache responses,,Use primary Riot text as highest-priority evidence; Wiki should point back to underlying Riot sources.
src:ddragon:brand,char:brand,CHAMPION,https://ddragon.leagueoflegends.com/cdn/16.18.1/data/en_US/champion/Brand.json,DATA_DRAGON,PRIMARY_OFFICIAL_STATIC,P0,UNFETCHED,GENERIC,TRUE,1-2 req/sec max; cache responses,,Use primary Riot text as highest-priority evidence; Wiki should point back to underlying Riot sources.
src:riot-bio:braum,char:braum,CHAMPION,https://www.leagueoflegends.com/en-us/champions/braum/,CHAMPION_BIO,PRIMARY_OFFICIAL,P0,UNFETCHED,RIOT_CHAMPION,TRUE,1-2 req/sec max; cache responses,,Use primary Riot text as highest-priority evidence; Wiki should point back to underlying Riot sources.
src:wiki-universe:braum,char:braum,CHAMPION,https://wiki.leagueoflegends.com/en-us/Universe%3ABraum,WIKI_UNIVERSE,OFFICIAL_COMMUNITY_REFERENCE,P1,UNFETCHED,WIKI_UNIVERSE,TRUE,1-2 req/sec max; cache responses,,Use primary Riot text as highest-priority evidence; Wiki should point back to underlying Riot sources.
src:wiki-data:braum,char:braum,CHAMPION,https://wiki.leagueoflegends.com/en-us/Template%3AData_Braum,WIKI_REFERENCE,OFFICIAL_COMMUNITY_REFERENCE,P2,UNFETCHED,WIKI_UNIVERSE,TRUE,1-2 req/sec max; cache responses,,Use primary Riot text as highest-priority evidence; Wiki should point back to underlying Riot sources.
src:ddragon:braum,char:braum,CHAMPION,https://ddragon.leagueoflegends.com/cdn/16.18.1/data/en_US/champion/Braum.json,DATA_DRAGON,PRIMARY_OFFICIAL_STATIC,P0,UNFETCHED,GENERIC,TRUE,1-2 req/sec max; cache responses,,Use primary Riot text as highest-priority evidence; Wiki should point back to underlying Riot sources.
src:riot-bio:briar,char:briar,CHAMPION,https://www.leagueoflegends.com/en-us/champions/briar/,CHAMPION_BIO,PRIMARY_OFFICIAL,P0,UNFETCHED,RIOT_CHAMPION,TRUE,1-2 req/sec max; cache responses,,Use primary Riot text as highest-priority evidence; Wiki should point back to underlying Riot sources.
src:wiki-universe:briar,char:briar,CHAMPION,https://wiki.leagueoflegends.com/en-us/Universe%3ABriar,WIKI_UNIVERSE,OFFICIAL_COMMUNITY_REFERENCE,P1,UNFETCHED,WIKI_UNIVERSE,TRUE,1-2 req/sec max; cache responses,,Use primary Riot text as highest-priority evidence; Wiki should point back to underlying Riot sources.
src:wiki-data:briar,char:briar,CHAMPION,https://wiki.leagueoflegends.com/en-us/Template%3AData_Briar,WIKI_REFERENCE,OFFICIAL_COMMUNITY_REFERENCE,P2,UNFETCHED,WIKI_UNIVERSE,TRUE,1-2 req/sec max; cache responses,,Use primary Riot text as highest-priority evidence; Wiki should point back to underlying Riot sources.
src:ddragon:briar,char:briar,CHAMPION,https://ddragon.leagueoflegends.com/cdn/16.18.1/data/en_US/champion/Briar.json,DATA_DRAGON,PRIMARY_OFFICIAL_STATIC,P0,UNFETCHED,GENERIC,TRUE,1-2 req/sec max; cache responses,,Use primary Riot text as highest-priority evidence; Wiki should point back to underlying Riot sources.
src:riot-bio:caitlyn,char:caitlyn,CHAMPION,https://www.leagueoflegends.com/en-us/champions/caitlyn/,CHAMPION_BIO,PRIMARY_OFFICIAL,P0,UNFETCHED,RIOT_CHAMPION,TRUE,1-2 req/sec max; cache responses,,Use primary Riot text as highest-priority evidence; Wiki should point back to underlying Riot sources.
src:wiki-universe:caitlyn,char:caitlyn,CHAMPION,https://wiki.leagueoflegends.com/en-us/Universe%3ACaitlyn,WIKI_UNIVERSE,OFFICIAL_COMMUNITY_REFERENCE,P1,UNFETCHED,WIKI_UNIVERSE,TRUE,1-2 req/sec max; cache responses,,Use primary Riot text as highest-priority evidence; Wiki should point back to underlying Riot sources.
src:wiki-data:caitlyn,char:caitlyn,CHAMPION,https://wiki.leagueoflegends.com/en-us/Template%3AData_Caitlyn,WIKI_REFERENCE,OFFICIAL_COMMUNITY_REFERENCE,P2,UNFETCHED,WIKI_UNIVERSE,TRUE,1-2 req/sec max; cache responses,,Use primary Riot text as highest-priority evidence; Wiki should point back to underlying Riot sources.
src:ddragon:caitlyn,char:caitlyn,CHAMPION,https://ddragon.leagueoflegends.com/cdn/16.18.1/data/en_US/champion/Caitlyn.json,DATA_DRAGON,PRIMARY_OFFICIAL_STATIC,P0,UNFETCHED,GENERIC,TRUE,1-2 req/sec max; cache responses,,Use primary Riot text as highest-priority evidence; Wiki should point back to underlying Riot sources.
src:riot-bio:camille,char:camille,CHAMPION,https://www.leagueoflegends.com/en-us/champions/camille/,CHAMPION_BIO,PRIMARY_OFFICIAL,P0,UNFETCHED,RIOT_CHAMPION,TRUE,1-2 req/sec max; cache responses,,Use primary Riot text as highest-priority evidence; Wiki should point back to underlying Riot sources.
src:wiki-universe:camille,char:camille,CHAMPION,https://wiki.leagueoflegends.com/en-us/Universe%3ACamille,WIKI_UNIVERSE,OFFICIAL_COMMUNITY_REFERENCE,P1,UNFETCHED,WIKI_UNIVERSE,TRUE,1-2 req/sec max; cache responses,,Use primary Riot text as highest-priority evidence; Wiki should point back to underlying Riot sources.
src:wiki-data:camille,char:camille,CHAMPION,https://wiki.leagueoflegends.com/en-us/Template%3AData_Camille,WIKI_REFERENCE,OFFICIAL_COMMUNITY_REFERENCE,P2,UNFETCHED,WIKI_UNIVERSE,TRUE,1-2 req/sec max; cache responses,,Use primary Riot text as highest-priority evidence; Wiki should point back to underlying Riot sources.
src:ddragon:camille,char:camille,CHAMPION,https://ddragon.leagueoflegends.com/cdn/16.18.1/data/en_US/champion/Camille.json,DATA_DRAGON,PRIMARY_OFFICIAL_STATIC,P0,UNFETCHED,GENERIC,TRUE,1-2 req/sec max; cache responses,,Use primary Riot text as highest-priority evidence; Wiki should point back to underlying Riot sources.
src:riot-bio:cassiopeia,char:cassiopeia,CHAMPION,https://www.leagueoflegends.com/en-us/champions/cassiopeia/,CHAMPION_BIO,PRIMARY_OFFICIAL,P0,UNFETCHED,RIOT_CHAMPION,TRUE,1-2 req/sec max; cache responses,,Use primary Riot text as highest-priority evidence; Wiki should point back to underlying Riot sources.
src:wiki-universe:cassiopeia,char:cassiopeia,CHAMPION,https://wiki.leagueoflegends.com/en-us/Universe%3ACassiopeia,WIKI_UNIVERSE,OFFICIAL_COMMUNITY_REFERENCE,P1,UNFETCHED,WIKI_UNIVERSE,TRUE,1-2 req/sec max; cache responses,,Use primary Riot text as highest-priority evidence; Wiki should point back to underlying Riot sources.
src:wiki-data:cassiopeia,char:cassiopeia,CHAMPION,https://wiki.leagueoflegends.com/en-us/Template%3AData_Cassiopeia,WIKI_REFERENCE,OFFICIAL_COMMUNITY_REFERENCE,P2,UNFETCHED,WIKI_UNIVERSE,TRUE,1-2 req/sec max; cache responses,,Use primary Riot text as highest-priority evidence; Wiki should point back to underlying Riot sources.
src:ddragon:cassiopeia,char:cassiopeia,CHAMPION,https://ddragon.leagueoflegends.com/cdn/16.18.1/data/en_US/champion/Cassiopeia.json,DATA_DRAGON,PRIMARY_OFFICIAL_STATIC,P0,UNFETCHED,GENERIC,TRUE,1-2 req/sec max; cache responses,,Use primary Riot text as highest-priority evidence; Wiki should point back to underlying Riot sources.
src:riot-bio:cho-gath,char:cho-gath,CHAMPION,https://www.leagueoflegends.com/en-us/champions/cho-gath/,CHAMPION_BIO,PRIMARY_OFFICIAL,P0,UNFETCHED,RIOT_CHAMPION,TRUE,1-2 req/sec max; cache responses,,Use primary Riot text as highest-priority evidence; Wiki should point back to underlying Riot sources.
src:wiki-universe:cho-gath,char:cho-gath,CHAMPION,https://wiki.leagueoflegends.com/en-us/Universe%3ACho'Gath,WIKI_UNIVERSE,OFFICIAL_COMMUNITY_REFERENCE,P1,UNFETCHED,WIKI_UNIVERSE,TRUE,1-2 req/sec max; cache responses,,Use primary Riot text as highest-priority evidence; Wiki should point back to underlying Riot sources.
src:wiki-data:cho-gath,char:cho-gath,CHAMPION,https://wiki.leagueoflegends.com/en-us/Template%3AData_Cho'Gath,WIKI_REFERENCE,OFFICIAL_COMMUNITY_REFERENCE,P2,UNFETCHED,WIKI_UNIVERSE,TRUE,1-2 req/sec max; cache responses,,Use primary Riot text as highest-priority evidence; Wiki should point back to underlying Riot sources.
src:ddragon:cho-gath,char:cho-gath,CHAMPION,https://ddragon.leagueoflegends.com/cdn/16.18.1/data/en_US/champion/Chogath.json,DATA_DRAGON,PRIMARY_OFFICIAL_STATIC,P0,UNFETCHED,GENERIC,TRUE,1-2 req/sec max; cache responses,,Use primary Riot text as highest-priority evidence; Wiki should point back to underlying Riot sources.
src:riot-bio:corki,char:corki,CHAMPION,https://www.leagueoflegends.com/en-us/champions/corki/,CHAMPION_BIO,PRIMARY_OFFICIAL,P0,UNFETCHED,RIOT_CHAMPION,TRUE,1-2 req/sec max; cache responses,,Use primary Riot text as highest-priority evidence; Wiki should point back to underlying Riot sources.
src:wiki-universe:corki,char:corki,CHAMPION,https://wiki.leagueoflegends.com/en-us/Universe%3ACorki,WIKI_UNIVERSE,OFFICIAL_COMMUNITY_REFERENCE,P1,UNFETCHED,WIKI_UNIVERSE,TRUE,1-2 req/sec max; cache responses,,Use primary Riot text as highest-priority evidence; Wiki should point back to underlying Riot sources.
src:wiki-data:corki,char:corki,CHAMPION,https://wiki.leagueoflegends.com/en-us/Template%3AData_Corki,WIKI_REFERENCE,OFFICIAL_COMMUNITY_REFERENCE,P2,UNFETCHED,WIKI_UNIVERSE,TRUE,1-2 req/sec max; cache responses,,Use primary Riot text as highest-priority evidence; Wiki should point back to underlying Riot sources.
src:ddragon:corki,char:corki,CHAMPION,https://ddragon.leagueoflegends.com/cdn/16.18.1/data/en_US/champion/Corki.json,DATA_DRAGON,PRIMARY_OFFICIAL_STATIC,P0,UNFETCHED,GENERIC,TRUE,1-2 req/sec max; cache responses,,Use primary Riot text as highest-priority evidence; Wiki should point back to underlying Riot sources.
src:riot-bio:darius,char:darius,CHAMPION,https://www.leagueoflegends.com/en-us/champions/darius/,CHAMPION_BIO,PRIMARY_OFFICIAL,P0,UNFETCHED,RIOT_CHAMPION,TRUE,1-2 req/sec max; cache responses,,Use primary Riot text as highest-priority evidence; Wiki should point back to underlying Riot sources.
src:wiki-universe:darius,char:darius,CHAMPION,https://wiki.leagueoflegends.com/en-us/Universe%3ADarius,WIKI_UNIVERSE,OFFICIAL_COMMUNITY_REFERENCE,P1,UNFETCHED,WIKI_UNIVERSE,TRUE,1-2 req/sec max; cache responses,,Use primary Riot text as highest-priority evidence; Wiki should point back to underlying Riot sources.
src:wiki-data:darius,char:darius,CHAMPION,https://wiki.leagueoflegends.com/en-us/Template%3AData_Darius,WIKI_REFERENCE,OFFICIAL_COMMUNITY_REFERENCE,P2,UNFETCHED,WIKI_UNIVERSE,TRUE,1-2 req/sec max; cache responses,,Use primary Riot text as highest-priority evidence; Wiki should point back to underlying Riot sources.
src:ddragon:darius,char:darius,CHAMPION,https://ddragon.leagueoflegends.com/cdn/16.18.1/data/en_US/champion/Darius.json,DATA_DRAGON,PRIMARY_OFFICIAL_STATIC,P0,UNFETCHED,GENERIC,TRUE,1-2 req/sec max; cache responses,,Use primary Riot text as highest-priority evidence; Wiki should point back to underlying Riot sources.
src:riot-bio:diana,char:diana,CHAMPION,https://www.leagueoflegends.com/en-us/champions/diana/,CHAMPION_BIO,PRIMARY_OFFICIAL,P0,UNFETCHED,RIOT_CHAMPION,TRUE,1-2 req/sec max; cache responses,,Use primary Riot text as highest-priority evidence; Wiki should point back to underlying Riot sources.
src:wiki-universe:diana,char:diana,CHAMPION,https://wiki.leagueoflegends.com/en-us/Universe%3ADiana,WIKI_UNIVERSE,OFFICIAL_COMMUNITY_REFERENCE,P1,UNFETCHED,WIKI_UNIVERSE,TRUE,1-2 req/sec max; cache responses,,Use primary Riot text as highest-priority evidence; Wiki should point back to underlying Riot sources.
src:wiki-data:diana,char:diana,CHAMPION,https://wiki.leagueoflegends.com/en-us/Template%3AData_Diana,WIKI_REFERENCE,OFFICIAL_COMMUNITY_REFERENCE,P2,UNFETCHED,WIKI_UNIVERSE,TRUE,1-2 req/sec max; cache responses,,Use primary Riot text as highest-priority evidence; Wiki should point back to underlying Riot sources.
src:ddragon:diana,char:diana,CHAMPION,https://ddragon.leagueoflegends.com/cdn/16.18.1/data/en_US/champion/Diana.json,DATA_DRAGON,PRIMARY_OFFICIAL_STATIC,P0,UNFETCHED,GENERIC,TRUE,1-2 req/sec max; cache responses,,Use primary Riot text as highest-priority evidence; Wiki should point back to underlying Riot sources.
src:riot-bio:dr-mundo,char:dr-mundo,CHAMPION,https://www.leagueoflegends.com/en-us/champions/dr-mundo/,CHAMPION_BIO,PRIMARY_OFFICIAL,P0,UNFETCHED,RIOT_CHAMPION,TRUE,1-2 req/sec max; cache responses,,Use primary Riot text as highest-priority evidence; Wiki should point back to underlying Riot sources.
src:wiki-universe:dr-mundo,char:dr-mundo,CHAMPION,https://wiki.leagueoflegends.com/en-us/Universe%3ADr._Mundo,WIKI_UNIVERSE,OFFICIAL_COMMUNITY_REFERENCE,P1,UNFETCHED,WIKI_UNIVERSE,TRUE,1-2 req/sec max; cache responses,,Use primary Riot text as highest-priority evidence; Wiki should point back to underlying Riot sources.
src:wiki-data:dr-mundo,char:dr-mundo,CHAMPION,https://wiki.leagueoflegends.com/en-us/Template%3AData_Dr._Mundo,WIKI_REFERENCE,OFFICIAL_COMMUNITY_REFERENCE,P2,UNFETCHED,WIKI_UNIVERSE,TRUE,1-2 req/sec max; cache responses,,Use primary Riot text as highest-priority evidence; Wiki should point back to underlying Riot sources.
src:ddragon:dr-mundo,char:dr-mundo,CHAMPION,https://ddragon.leagueoflegends.com/cdn/16.18.1/data/en_US/champion/DrMundo.json,DATA_DRAGON,PRIMARY_OFFICIAL_STATIC,P0,UNFETCHED,GENERIC,TRUE,1-2 req/sec max; cache responses,,Use primary Riot text as highest-priority evidence; Wiki should point back to underlying Riot sources.
src:riot-bio:draven,char:draven,CHAMPION,https://www.leagueoflegends.com/en-us/champions/draven/,CHAMPION_BIO,PRIMARY_OFFICIAL,P0,UNFETCHED,RIOT_CHAMPION,TRUE,1-2 req/sec max; cache responses,,Use primary Riot text as highest-priority evidence; Wiki should point back to underlying Riot sources.
src:wiki-universe:draven,char:draven,CHAMPION,https://wiki.leagueoflegends.com/en-us/Universe%3ADraven,WIKI_UNIVERSE,OFFICIAL_COMMUNITY_REFERENCE,P1,UNFETCHED,WIKI_UNIVERSE,TRUE,1-2 req/sec max; cache responses,,Use primary Riot text as highest-priority evidence; Wiki should point back to underlying Riot sources.
src:wiki-data:draven,char:draven,CHAMPION,https://wiki.leagueoflegends.com/en-us/Template%3AData_Draven,WIKI_REFERENCE,OFFICIAL_COMMUNITY_REFERENCE,P2,UNFETCHED,WIKI_UNIVERSE,TRUE,1-2 req/sec max; cache responses,,Use primary Riot text as highest-priority evidence; Wiki should point back to underlying Riot sources.
src:ddragon:draven,char:draven,CHAMPION,https://ddragon.leagueoflegends.com/cdn/16.18.1/data/en_US/champion/Draven.json,DATA_DRAGON,PRIMARY_OFFICIAL_STATIC,P0,UNFETCHED,GENERIC,TRUE,1-2 req/sec max; cache responses,,Use primary Riot text as highest-priority evidence; Wiki should point back to underlying Riot sources.
src:riot-bio:ekko,char:ekko,CHAMPION,https://www.leagueoflegends.com/en-us/champions/ekko/,CHAMPION_BIO,PRIMARY_OFFICIAL,P0,UNFETCHED,RIOT_CHAMPION,TRUE,1-2 req/sec max; cache responses,,Use primary Riot text as highest-priority evidence; Wiki should point back to underlying Riot sources.
src:wiki-universe:ekko,char:ekko,CHAMPION,https://wiki.leagueoflegends.com/en-us/Universe%3AEkko,WIKI_UNIVERSE,OFFICIAL_COMMUNITY_REFERENCE,P1,UNFETCHED,WIKI_UNIVERSE,TRUE,1-2 req/sec max; cache responses,,Use primary Riot text as highest-priority evidence; Wiki should point back to underlying Riot sources.
src:wiki-data:ekko,char:ekko,CHAMPION,https://wiki.leagueoflegends.com/en-us/Template%3AData_Ekko,WIKI_REFERENCE,OFFICIAL_COMMUNITY_REFERENCE,P2,UNFETCHED,WIKI_UNIVERSE,TRUE,1-2 req/sec max; cache responses,,Use primary Riot text as highest-priority evidence; Wiki should point back to underlying Riot sources.
src:ddragon:ekko,char:ekko,CHAMPION,https://ddragon.leagueoflegends.com/cdn/16.18.1/data/en_US/champion/Ekko.json,DATA_DRAGON,PRIMARY_OFFICIAL_STATIC,P0,UNFETCHED,GENERIC,TRUE,1-2 req/sec max; cache responses,,Use primary Riot text as highest-priority evidence; Wiki should point back to underlying Riot sources.
src:riot-bio:elise,char:elise,CHAMPION,https://www.leagueoflegends.com/en-us/champions/elise/,CHAMPION_BIO,PRIMARY_OFFICIAL,P0,UNFETCHED,RIOT_CHAMPION,TRUE,1-2 req/sec max; cache responses,,Use primary Riot text as highest-priority evidence; Wiki should point back to underlying Riot sources.
src:wiki-universe:elise,char:elise,CHAMPION,https://wiki.leagueoflegends.com/en-us/Universe%3AElise,WIKI_UNIVERSE,OFFICIAL_COMMUNITY_REFERENCE,P1,UNFETCHED,WIKI_UNIVERSE,TRUE,1-2 req/sec max; cache responses,,Use primary Riot text as highest-priority evidence; Wiki should point back to underlying Riot sources.
src:wiki-data:elise,char:elise,CHAMPION,https://wiki.leagueoflegends.com/en-us/Template%3AData_Elise,WIKI_REFERENCE,OFFICIAL_COMMUNITY_REFERENCE,P2,UNFETCHED,WIKI_UNIVERSE,TRUE,1-2 req/sec max; cache responses,,Use primary Riot text as highest-priority evidence; Wiki should point back to underlying Riot sources.
src:ddragon:elise,char:elise,CHAMPION,https://ddragon.leagueoflegends.com/cdn/16.18.1/data/en_US/champion/Elise.json,DATA_DRAGON,PRIMARY_OFFICIAL_STATIC,P0,UNFETCHED,GENERIC,TRUE,1-2 req/sec max; cache responses,,Use primary Riot text as highest-priority evidence; Wiki should point back to underlying Riot sources.
src:riot-bio:evelynn,char:evelynn,CHAMPION,https://www.leagueoflegends.com/en-us/champions/evelynn/,CHAMPION_BIO,PRIMARY_OFFICIAL,P0,UNFETCHED,RIOT_CHAMPION,TRUE,1-2 req/sec max; cache responses,,Use primary Riot text as highest-priority evidence; Wiki should point back to underlying Riot sources.
src:wiki-universe:evelynn,char:evelynn,CHAMPION,https://wiki.leagueoflegends.com/en-us/Universe%3AEvelynn,WIKI_UNIVERSE,OFFICIAL_COMMUNITY_REFERENCE,P1,UNFETCHED,WIKI_UNIVERSE,TRUE,1-2 req/sec max; cache responses,,Use primary Riot text as highest-priority evidence; Wiki should point back to underlying Riot sources.
src:wiki-data:evelynn,char:evelynn,CHAMPION,https://wiki.leagueoflegends.com/en-us/Template%3AData_Evelynn,WIKI_REFERENCE,OFFICIAL_COMMUNITY_REFERENCE,P2,UNFETCHED,WIKI_UNIVERSE,TRUE,1-2 req/sec max; cache responses,,Use primary Riot text as highest-priority evidence; Wiki should point back to underlying Riot sources.
src:ddragon:evelynn,char:evelynn,CHAMPION,https://ddragon.leagueoflegends.com/cdn/16.18.1/data/en_US/champion/Evelynn.json,DATA_DRAGON,PRIMARY_OFFICIAL_STATIC,P0,UNFETCHED,GENERIC,TRUE,1-2 req/sec max; cache responses,,Use primary Riot text as highest-priority evidence; Wiki should point back to underlying Riot sources.
src:riot-bio:ezreal,char:ezreal,CHAMPION,https://www.leagueoflegends.com/en-us/champions/ezreal/,CHAMPION_BIO,PRIMARY_OFFICIAL,P0,UNFETCHED,RIOT_CHAMPION,TRUE,1-2 req/sec max; cache responses,,Use primary Riot text as highest-priority evidence; Wiki should point back to underlying Riot sources.
src:wiki-universe:ezreal,char:ezreal,CHAMPION,https://wiki.leagueoflegends.com/en-us/Universe%3AEzreal,WIKI_UNIVERSE,OFFICIAL_COMMUNITY_REFERENCE,P1,UNFETCHED,WIKI_UNIVERSE,TRUE,1-2 req/sec max; cache responses,,Use primary Riot text as highest-priority evidence; Wiki should point back to underlying Riot sources.
src:wiki-data:ezreal,char:ezreal,CHAMPION,https://wiki.leagueoflegends.com/en-us/Template%3AData_Ezreal,WIKI_REFERENCE,OFFICIAL_COMMUNITY_REFERENCE,P2,UNFETCHED,WIKI_UNIVERSE,TRUE,1-2 req/sec max; cache responses,,Use primary Riot text as highest-priority evidence; Wiki should point back to underlying Riot sources.
src:ddragon:ezreal,char:ezreal,CHAMPION,https://ddragon.leagueoflegends.com/cdn/16.18.1/data/en_US/champion/Ezreal.json,DATA_DRAGON,PRIMARY_OFFICIAL_STATIC,P0,UNFETCHED,GENERIC,TRUE,1-2 req/sec max; cache responses,,Use primary Riot text as highest-priority evidence; Wiki should point back to underlying Riot sources.
src:riot-bio:fiddlesticks,char:fiddlesticks,CHAMPION,https://www.leagueoflegends.com/en-us/champions/fiddlesticks/,CHAMPION_BIO,PRIMARY_OFFICIAL,P0,UNFETCHED,RIOT_CHAMPION,TRUE,1-2 req/sec max; cache responses,,Use primary Riot text as highest-priority evidence; Wiki should point back to underlying Riot sources.
src:wiki-universe:fiddlesticks,char:fiddlesticks,CHAMPION,https://wiki.leagueoflegends.com/en-us/Universe%3AFiddlesticks,WIKI_UNIVERSE,OFFICIAL_COMMUNITY_REFERENCE,P1,UNFETCHED,WIKI_UNIVERSE,TRUE,1-2 req/sec max; cache responses,,Use primary Riot text as highest-priority evidence; Wiki should point back to underlying Riot sources.
src:wiki-data:fiddlesticks,char:fiddlesticks,CHAMPION,https://wiki.leagueoflegends.com/en-us/Template%3AData_Fiddlesticks,WIKI_REFERENCE,OFFICIAL_COMMUNITY_REFERENCE,P2,UNFETCHED,WIKI_UNIVERSE,TRUE,1-2 req/sec max; cache responses,,Use primary Riot text as highest-priority evidence; Wiki should point back to underlying Riot sources.
src:ddragon:fiddlesticks,char:fiddlesticks,CHAMPION,https://ddragon.leagueoflegends.com/cdn/16.18.1/data/en_US/champion/Fiddlesticks.json,DATA_DRAGON,PRIMARY_OFFICIAL_STATIC,P0,UNFETCHED,GENERIC,TRUE,1-2 req/sec max; cache responses,,Use primary Riot text as highest-priority evidence; Wiki should point back to underlying Riot sources.
src:riot-bio:fiora,char:fiora,CHAMPION,https://www.leagueoflegends.com/en-us/champions/fiora/,CHAMPION_BIO,PRIMARY_OFFICIAL,P0,UNFETCHED,RIOT_CHAMPION,TRUE,1-2 req/sec max; cache responses,,Use primary Riot text as highest-priority evidence; Wiki should point back to underlying Riot sources.
src:wiki-universe:fiora,char:fiora,CHAMPION,https://wiki.leagueoflegends.com/en-us/Universe%3AFiora,WIKI_UNIVERSE,OFFICIAL_COMMUNITY_REFERENCE,P1,UNFETCHED,WIKI_UNIVERSE,TRUE,1-2 req/sec max; cache responses,,Use primary Riot text as highest-priority evidence; Wiki should point back to underlying Riot sources.
src:wiki-data:fiora,char:fiora,CHAMPION,https://wiki.leagueoflegends.com/en-us/Template%3AData_Fiora,WIKI_REFERENCE,OFFICIAL_COMMUNITY_REFERENCE,P2,UNFETCHED,WIKI_UNIVERSE,TRUE,1-2 req/sec max; cache responses,,Use primary Riot text as highest-priority evidence; Wiki should point back to underlying Riot sources.
src:ddragon:fiora,char:fiora,CHAMPION,https://ddragon.leagueoflegends.com/cdn/16.18.1/data/en_US/champion/Fiora.json,DATA_DRAGON,PRIMARY_OFFICIAL_STATIC,P0,UNFETCHED,GENERIC,TRUE,1-2 req/sec max; cache responses,,Use primary Riot text as highest-priority evidence; Wiki should point back to underlying Riot sources.
src:riot-bio:fizz,char:fizz,CHAMPION,https://www.leagueoflegends.com/en-us/champions/fizz/,CHAMPION_BIO,PRIMARY_OFFICIAL,P0,UNFETCHED,RIOT_CHAMPION,TRUE,1-2 req/sec max; cache responses,,Use primary Riot text as highest-priority evidence; Wiki should point back to underlying Riot sources.
src:wiki-universe:fizz,char:fizz,CHAMPION,https://wiki.leagueoflegends.com/en-us/Universe%3AFizz,WIKI_UNIVERSE,OFFICIAL_COMMUNITY_REFERENCE,P1,UNFETCHED,WIKI_UNIVERSE,TRUE,1-2 req/sec max; cache responses,,Use primary Riot text as highest-priority evidence; Wiki should point back to underlying Riot sources.
src:wiki-data:fizz,char:fizz,CHAMPION,https://wiki.leagueoflegends.com/en-us/Template%3AData_Fizz,WIKI_REFERENCE,OFFICIAL_COMMUNITY_REFERENCE,P2,UNFETCHED,WIKI_UNIVERSE,TRUE,1-2 req/sec max; cache responses,,Use primary Riot text as highest-priority evidence; Wiki should point back to underlying Riot sources.
src:ddragon:fizz,char:fizz,CHAMPION,https://ddragon.leagueoflegends.com/cdn/16.18.1/data/en_US/champion/Fizz.json,DATA_DRAGON,PRIMARY_OFFICIAL_STATIC,P0,UNFETCHED,GENERIC,TRUE,1-2 req/sec max; cache responses,,Use primary Riot text as highest-priority evidence; Wiki should point back to underlying Riot sources.
src:riot-bio:galio,char:galio,CHAMPION,https://www.leagueoflegends.com/en-us/champions/galio/,CHAMPION_BIO,PRIMARY_OFFICIAL,P0,UNFETCHED,RIOT_CHAMPION,TRUE,1-2 req/sec max; cache responses,,Use primary Riot text as highest-priority evidence; Wiki should point back to underlying Riot sources.
src:wiki-universe:galio,char:galio,CHAMPION,https://wiki.leagueoflegends.com/en-us/Universe%3AGalio,WIKI_UNIVERSE,OFFICIAL_COMMUNITY_REFERENCE,P1,UNFETCHED,WIKI_UNIVERSE,TRUE,1-2 req/sec max; cache responses,,Use primary Riot text as highest-priority evidence; Wiki should point back to underlying Riot sources.
src:wiki-data:galio,char:galio,CHAMPION,https://wiki.leagueoflegends.com/en-us/Template%3AData_Galio,WIKI_REFERENCE,OFFICIAL_COMMUNITY_REFERENCE,P2,UNFETCHED,WIKI_UNIVERSE,TRUE,1-2 req/sec max; cache responses,,Use primary Riot text as highest-priority evidence; Wiki should point back to underlying Riot sources.
src:ddragon:galio,char:galio,CHAMPION,https://ddragon.leagueoflegends.com/cdn/16.18.1/data/en_US/champion/Galio.json,DATA_DRAGON,PRIMARY_OFFICIAL_STATIC,P0,UNFETCHED,GENERIC,TRUE,1-2 req/sec max; cache responses,,Use primary Riot text as highest-priority evidence; Wiki should point back to underlying Riot sources.
src:riot-bio:gangplank,char:gangplank,CHAMPION,https://www.leagueoflegends.com/en-us/champions/gangplank/,CHAMPION_BIO,PRIMARY_OFFICIAL,P0,UNFETCHED,RIOT_CHAMPION,TRUE,1-2 req/sec max; cache responses,,Use primary Riot text as highest-priority evidence; Wiki should point back to underlying Riot sources.
src:wiki-universe:gangplank,char:gangplank,CHAMPION,https://wiki.leagueoflegends.com/en-us/Universe%3AGangplank,WIKI_UNIVERSE,OFFICIAL_COMMUNITY_REFERENCE,P1,UNFETCHED,WIKI_UNIVERSE,TRUE,1-2 req/sec max; cache responses,,Use primary Riot text as highest-priority evidence; Wiki should point back to underlying Riot sources.
src:wiki-data:gangplank,char:gangplank,CHAMPION,https://wiki.leagueoflegends.com/en-us/Template%3AData_Gangplank,WIKI_REFERENCE,OFFICIAL_COMMUNITY_REFERENCE,P2,UNFETCHED,WIKI_UNIVERSE,TRUE,1-2 req/sec max; cache responses,,Use primary Riot text as highest-priority evidence; Wiki should point back to underlying Riot sources.
src:ddragon:gangplank,char:gangplank,CHAMPION,https://ddragon.leagueoflegends.com/cdn/16.18.1/data/en_US/champion/Gangplank.json,DATA_DRAGON,PRIMARY_OFFICIAL_STATIC,P0,UNFETCHED,GENERIC,TRUE,1-2 req/sec max; cache responses,,Use primary Riot text as highest-priority evidence; Wiki should point back to underlying Riot sources.
src:riot-bio:garen,char:garen,CHAMPION,https://www.leagueoflegends.com/en-us/champions/garen/,CHAMPION_BIO,PRIMARY_OFFICIAL,P0,UNFETCHED,RIOT_CHAMPION,TRUE,1-2 req/sec max; cache responses,,Use primary Riot text as highest-priority evidence; Wiki should point back to underlying Riot sources.
src:wiki-universe:garen,char:garen,CHAMPION,https://wiki.leagueoflegends.com/en-us/Universe%3AGaren,WIKI_UNIVERSE,OFFICIAL_COMMUNITY_REFERENCE,P1,UNFETCHED,WIKI_UNIVERSE,TRUE,1-2 req/sec max; cache responses,,Use primary Riot text as highest-priority evidence; Wiki should point back to underlying Riot sources.
src:wiki-data:garen,char:garen,CHAMPION,https://wiki.leagueoflegends.com/en-us/Template%3AData_Garen,WIKI_REFERENCE,OFFICIAL_COMMUNITY_REFERENCE,P2,UNFETCHED,WIKI_UNIVERSE,TRUE,1-2 req/sec max; cache responses,,Use primary Riot text as highest-priority evidence; Wiki should point back to underlying Riot sources.
src:ddragon:garen,char:garen,CHAMPION,https://ddragon.leagueoflegends.com/cdn/16.18.1/data/en_US/champion/Garen.json,DATA_DRAGON,PRIMARY_OFFICIAL_STATIC,P0,UNFETCHED,GENERIC,TRUE,1-2 req/sec max; cache responses,,Use primary Riot text as highest-priority evidence; Wiki should point back to underlying Riot sources.
src:riot-bio:gnar,char:gnar,CHAMPION,https://www.leagueoflegends.com/en-us/champions/gnar/,CHAMPION_BIO,PRIMARY_OFFICIAL,P0,UNFETCHED,RIOT_CHAMPION,TRUE,1-2 req/sec max; cache responses,,Use primary Riot text as highest-priority evidence; Wiki should point back to underlying Riot sources.
src:wiki-universe:gnar,char:gnar,CHAMPION,https://wiki.leagueoflegends.com/en-us/Universe%3AGnar,WIKI_UNIVERSE,OFFICIAL_COMMUNITY_REFERENCE,P1,UNFETCHED,WIKI_UNIVERSE,TRUE,1-2 req/sec max; cache responses,,Use primary Riot text as highest-priority evidence; Wiki should point back to underlying Riot sources.
src:wiki-data:gnar,char:gnar,CHAMPION,https://wiki.leagueoflegends.com/en-us/Template%3AData_Gnar,WIKI_REFERENCE,OFFICIAL_COMMUNITY_REFERENCE,P2,UNFETCHED,WIKI_UNIVERSE,TRUE,1-2 req/sec max; cache responses,,Use primary Riot text as highest-priority evidence; Wiki should point back to underlying Riot sources.
src:ddragon:gnar,char:gnar,CHAMPION,https://ddragon.leagueoflegends.com/cdn/16.18.1/data/en_US/champion/Gnar.json,DATA_DRAGON,PRIMARY_OFFICIAL_STATIC,P0,UNFETCHED,GENERIC,TRUE,1-2 req/sec max; cache responses,,Use primary Riot text as highest-priority evidence; Wiki should point back to underlying Riot sources.
src:riot-bio:gragas,char:gragas,CHAMPION,https://www.leagueoflegends.com/en-us/champions/gragas/,CHAMPION_BIO,PRIMARY_OFFICIAL,P0,UNFETCHED,RIOT_CHAMPION,TRUE,1-2 req/sec max; cache responses,,Use primary Riot text as highest-priority evidence; Wiki should point back to underlying Riot sources.
src:wiki-universe:gragas,char:gragas,CHAMPION,https://wiki.leagueoflegends.com/en-us/Universe%3AGragas,WIKI_UNIVERSE,OFFICIAL_COMMUNITY_REFERENCE,P1,UNFETCHED,WIKI_UNIVERSE,TRUE,1-2 req/sec max; cache responses,,Use primary Riot text as highest-priority evidence; Wiki should point back to underlying Riot sources.
src:wiki-data:gragas,char:gragas,CHAMPION,https://wiki.leagueoflegends.com/en-us/Template%3AData_Gragas,WIKI_REFERENCE,OFFICIAL_COMMUNITY_REFERENCE,P2,UNFETCHED,WIKI_UNIVERSE,TRUE,1-2 req/sec max; cache responses,,Use primary Riot text as highest-priority evidence; Wiki should point back to underlying Riot sources.
src:ddragon:gragas,char:gragas,CHAMPION,https://ddragon.leagueoflegends.com/cdn/16.18.1/data/en_US/champion/Gragas.json,DATA_DRAGON,PRIMARY_OFFICIAL_STATIC,P0,UNFETCHED,GENERIC,TRUE,1-2 req/sec max; cache responses,,Use primary Riot text as highest-priority evidence; Wiki should point back to underlying Riot sources.
src:riot-bio:graves,char:graves,CHAMPION,https://www.leagueoflegends.com/en-us/champions/graves/,CHAMPION_BIO,PRIMARY_OFFICIAL,P0,UNFETCHED,RIOT_CHAMPION,TRUE,1-2 req/sec max; cache responses,,Use primary Riot text as highest-priority evidence; Wiki should point back to underlying Riot sources.
src:wiki-universe:graves,char:graves,CHAMPION,https://wiki.leagueoflegends.com/en-us/Universe%3AGraves,WIKI_UNIVERSE,OFFICIAL_COMMUNITY_REFERENCE,P1,UNFETCHED,WIKI_UNIVERSE,TRUE,1-2 req/sec max; cache responses,,Use primary Riot text as highest-priority evidence; Wiki should point back to underlying Riot sources.
src:wiki-data:graves,char:graves,CHAMPION,https://wiki.leagueoflegends.com/en-us/Template%3AData_Graves,WIKI_REFERENCE,OFFICIAL_COMMUNITY_REFERENCE,P2,UNFETCHED,WIKI_UNIVERSE,TRUE,1-2 req/sec max; cache responses,,Use primary Riot text as highest-priority evidence; Wiki should point back to underlying Riot sources.
src:ddragon:graves,char:graves,CHAMPION,https://ddragon.leagueoflegends.com/cdn/16.18.1/data/en_US/champion/Graves.json,DATA_DRAGON,PRIMARY_OFFICIAL_STATIC,P0,UNFETCHED,GENERIC,TRUE,1-2 req/sec max; cache responses,,Use primary Riot text as highest-priority evidence; Wiki should point back to underlying Riot sources.
src:riot-bio:gwen,char:gwen,CHAMPION,https://www.leagueoflegends.com/en-us/champions/gwen/,CHAMPION_BIO,PRIMARY_OFFICIAL,P0,UNFETCHED,RIOT_CHAMPION,TRUE,1-2 req/sec max; cache responses,,Use primary Riot text as highest-priority evidence; Wiki should point back to underlying Riot sources.
src:wiki-universe:gwen,char:gwen,CHAMPION,https://wiki.leagueoflegends.com/en-us/Universe%3AGwen,WIKI_UNIVERSE,OFFICIAL_COMMUNITY_REFERENCE,P1,UNFETCHED,WIKI_UNIVERSE,TRUE,1-2 req/sec max; cache responses,,Use primary Riot text as highest-priority evidence; Wiki should point back to underlying Riot sources.
src:wiki-data:gwen,char:gwen,CHAMPION,https://wiki.leagueoflegends.com/en-us/Template%3AData_Gwen,WIKI_REFERENCE,OFFICIAL_COMMUNITY_REFERENCE,P2,UNFETCHED,WIKI_UNIVERSE,TRUE,1-2 req/sec max; cache responses,,Use primary Riot text as highest-priority evidence; Wiki should point back to underlying Riot sources.
src:ddragon:gwen,char:gwen,CHAMPION,https://ddragon.leagueoflegends.com/cdn/16.18.1/data/en_US/champion/Gwen.json,DATA_DRAGON,PRIMARY_OFFICIAL_STATIC,P0,UNFETCHED,GENERIC,TRUE,1-2 req/sec max; cache responses,,Use primary Riot text as highest-priority evidence; Wiki should point back to underlying Riot sources.
src:riot-bio:hecarim,char:hecarim,CHAMPION,https://www.leagueoflegends.com/en-us/champions/hecarim/,CHAMPION_BIO,PRIMARY_OFFICIAL,P0,UNFETCHED,RIOT_CHAMPION,TRUE,1-2 req/sec max; cache responses,,Use primary Riot text as highest-priority evidence; Wiki should point back to underlying Riot sources.
src:wiki-universe:hecarim,char:hecarim,CHAMPION,https://wiki.leagueoflegends.com/en-us/Universe%3AHecarim,WIKI_UNIVERSE,OFFICIAL_COMMUNITY_REFERENCE,P1,UNFETCHED,WIKI_UNIVERSE,TRUE,1-2 req/sec max; cache responses,,Use primary Riot text as highest-priority evidence; Wiki should point back to underlying Riot sources.
src:wiki-data:hecarim,char:hecarim,CHAMPION,https://wiki.leagueoflegends.com/en-us/Template%3AData_Hecarim,WIKI_REFERENCE,OFFICIAL_COMMUNITY_REFERENCE,P2,UNFETCHED,WIKI_UNIVERSE,TRUE,1-2 req/sec max; cache responses,,Use primary Riot text as highest-priority evidence; Wiki should point back to underlying Riot sources.
src:ddragon:hecarim,char:hecarim,CHAMPION,https://ddragon.leagueoflegends.com/cdn/16.18.1/data/en_US/champion/Hecarim.json,DATA_DRAGON,PRIMARY_OFFICIAL_STATIC,P0,UNFETCHED,GENERIC,TRUE,1-2 req/sec max; cache responses,,Use primary Riot text as highest-priority evidence; Wiki should point back to underlying Riot sources.
src:riot-bio:heimerdinger,char:heimerdinger,CHAMPION,https://www.leagueoflegends.com/en-us/champions/heimerdinger/,CHAMPION_BIO,PRIMARY_OFFICIAL,P0,UNFETCHED,RIOT_CHAMPION,TRUE,1-2 req/sec max; cache responses,,Use primary Riot text as highest-priority evidence; Wiki should point back to underlying Riot sources.
src:wiki-universe:heimerdinger,char:heimerdinger,CHAMPION,https://wiki.leagueoflegends.com/en-us/Universe%3AHeimerdinger,WIKI_UNIVERSE,OFFICIAL_COMMUNITY_REFERENCE,P1,UNFETCHED,WIKI_UNIVERSE,TRUE,1-2 req/sec max; cache responses,,Use primary Riot text as highest-priority evidence; Wiki should point back to underlying Riot sources.
src:wiki-data:heimerdinger,char:heimerdinger,CHAMPION,https://wiki.leagueoflegends.com/en-us/Template%3AData_Heimerdinger,WIKI_REFERENCE,OFFICIAL_COMMUNITY_REFERENCE,P2,UNFETCHED,WIKI_UNIVERSE,TRUE,1-2 req/sec max; cache responses,,Use primary Riot text as highest-priority evidence; Wiki should point back to underlying Riot sources.
src:ddragon:heimerdinger,char:heimerdinger,CHAMPION,https://ddragon.leagueoflegends.com/cdn/16.18.1/data/en_US/champion/Heimerdinger.json,DATA_DRAGON,PRIMARY_OFFICIAL_STATIC,P0,UNFETCHED,GENERIC,TRUE,1-2 req/sec max; cache responses,,Use primary Riot text as highest-priority evidence; Wiki should point back to underlying Riot sources.
src:riot-bio:hwei,char:hwei,CHAMPION,https://www.leagueoflegends.com/en-us/champions/hwei/,CHAMPION_BIO,PRIMARY_OFFICIAL,P0,UNFETCHED,RIOT_CHAMPION,TRUE,1-2 req/sec max; cache responses,,Use primary Riot text as highest-priority evidence; Wiki should point back to underlying Riot sources.
src:wiki-universe:hwei,char:hwei,CHAMPION,https://wiki.leagueoflegends.com/en-us/Universe%3AHwei,WIKI_UNIVERSE,OFFICIAL_COMMUNITY_REFERENCE,P1,UNFETCHED,WIKI_UNIVERSE,TRUE,1-2 req/sec max; cache responses,,Use primary Riot text as highest-priority evidence; Wiki should point back to underlying Riot sources.
src:wiki-data:hwei,char:hwei,CHAMPION,https://wiki.leagueoflegends.com/en-us/Template%3AData_Hwei,WIKI_REFERENCE,OFFICIAL_COMMUNITY_REFERENCE,P2,UNFETCHED,WIKI_UNIVERSE,TRUE,1-2 req/sec max; cache responses,,Use primary Riot text as highest-priority evidence; Wiki should point back to underlying Riot sources.
src:ddragon:hwei,char:hwei,CHAMPION,https://ddragon.leagueoflegends.com/cdn/16.18.1/data/en_US/champion/Hwei.json,DATA_DRAGON,PRIMARY_OFFICIAL_STATIC,P0,UNFETCHED,GENERIC,TRUE,1-2 req/sec max; cache responses,,Use primary Riot text as highest-priority evidence; Wiki should point back to underlying Riot sources.
src:riot-bio:illaoi,char:illaoi,CHAMPION,https://www.leagueoflegends.com/en-us/champions/illaoi/,CHAMPION_BIO,PRIMARY_OFFICIAL,P0,UNFETCHED,RIOT_CHAMPION,TRUE,1-2 req/sec max; cache responses,,Use primary Riot text as highest-priority evidence; Wiki should point back to underlying Riot sources.
src:wiki-universe:illaoi,char:illaoi,CHAMPION,https://wiki.leagueoflegends.com/en-us/Universe%3AIllaoi,WIKI_UNIVERSE,OFFICIAL_COMMUNITY_REFERENCE,P1,UNFETCHED,WIKI_UNIVERSE,TRUE,1-2 req/sec max; cache responses,,Use primary Riot text as highest-priority evidence; Wiki should point back to underlying Riot sources.
src:wiki-data:illaoi,char:illaoi,CHAMPION,https://wiki.leagueoflegends.com/en-us/Template%3AData_Illaoi,WIKI_REFERENCE,OFFICIAL_COMMUNITY_REFERENCE,P2,UNFETCHED,WIKI_UNIVERSE,TRUE,1-2 req/sec max; cache responses,,Use primary Riot text as highest-priority evidence; Wiki should point back to underlying Riot sources.
src:ddragon:illaoi,char:illaoi,CHAMPION,https://ddragon.leagueoflegends.com/cdn/16.18.1/data/en_US/champion/Illaoi.json,DATA_DRAGON,PRIMARY_OFFICIAL_STATIC,P0,UNFETCHED,GENERIC,TRUE,1-2 req/sec max; cache responses,,Use primary Riot text as highest-priority evidence; Wiki should point back to underlying Riot sources.
src:riot-bio:irelia,char:irelia,CHAMPION,https://www.leagueoflegends.com/en-us/champions/irelia/,CHAMPION_BIO,PRIMARY_OFFICIAL,P0,UNFETCHED,RIOT_CHAMPION,TRUE,1-2 req/sec max; cache responses,,Use primary Riot text as highest-priority evidence; Wiki should point back to underlying Riot sources.
src:wiki-universe:irelia,char:irelia,CHAMPION,https://wiki.leagueoflegends.com/en-us/Universe%3AIrelia,WIKI_UNIVERSE,OFFICIAL_COMMUNITY_REFERENCE,P1,UNFETCHED,WIKI_UNIVERSE,TRUE,1-2 req/sec max; cache responses,,Use primary Riot text as highest-priority evidence; Wiki should point back to underlying Riot sources.
src:wiki-data:irelia,char:irelia,CHAMPION,https://wiki.leagueoflegends.com/en-us/Template%3AData_Irelia,WIKI_REFERENCE,OFFICIAL_COMMUNITY_REFERENCE,P2,UNFETCHED,WIKI_UNIVERSE,TRUE,1-2 req/sec max; cache responses,,Use primary Riot text as highest-priority evidence; Wiki should point back to underlying Riot sources.
src:ddragon:irelia,char:irelia,CHAMPION,https://ddragon.leagueoflegends.com/cdn/16.18.1/data/en_US/champion/Irelia.json,DATA_DRAGON,PRIMARY_OFFICIAL_STATIC,P0,UNFETCHED,GENERIC,TRUE,1-2 req/sec max; cache responses,,Use primary Riot text as highest-priority evidence; Wiki should point back to underlying Riot sources.
src:riot-bio:ivern,char:ivern,CHAMPION,https://www.leagueoflegends.com/en-us/champions/ivern/,CHAMPION_BIO,PRIMARY_OFFICIAL,P0,UNFETCHED,RIOT_CHAMPION,TRUE,1-2 req/sec max; cache responses,,Use primary Riot text as highest-priority evidence; Wiki should point back to underlying Riot sources.
src:wiki-universe:ivern,char:ivern,CHAMPION,https://wiki.leagueoflegends.com/en-us/Universe%3AIvern,WIKI_UNIVERSE,OFFICIAL_COMMUNITY_REFERENCE,P1,UNFETCHED,WIKI_UNIVERSE,TRUE,1-2 req/sec max; cache responses,,Use primary Riot text as highest-priority evidence; Wiki should point back to underlying Riot sources.
src:wiki-data:ivern,char:ivern,CHAMPION,https://wiki.leagueoflegends.com/en-us/Template%3AData_Ivern,WIKI_REFERENCE,OFFICIAL_COMMUNITY_REFERENCE,P2,UNFETCHED,WIKI_UNIVERSE,TRUE,1-2 req/sec max; cache responses,,Use primary Riot text as highest-priority evidence; Wiki should point back to underlying Riot sources.
src:ddragon:ivern,char:ivern,CHAMPION,https://ddragon.leagueoflegends.com/cdn/16.18.1/data/en_US/champion/Ivern.json,DATA_DRAGON,PRIMARY_OFFICIAL_STATIC,P0,UNFETCHED,GENERIC,TRUE,1-2 req/sec max; cache responses,,Use primary Riot text as highest-priority evidence; Wiki should point back to underlying Riot sources.
src:riot-bio:janna,char:janna,CHAMPION,https://www.leagueoflegends.com/en-us/champions/janna/,CHAMPION_BIO,PRIMARY_OFFICIAL,P0,UNFETCHED,RIOT_CHAMPION,TRUE,1-2 req/sec max; cache responses,,Use primary Riot text as highest-priority evidence; Wiki should point back to underlying Riot sources.
src:wiki-universe:janna,char:janna,CHAMPION,https://wiki.leagueoflegends.com/en-us/Universe%3AJanna,WIKI_UNIVERSE,OFFICIAL_COMMUNITY_REFERENCE,P1,UNFETCHED,WIKI_UNIVERSE,TRUE,1-2 req/sec max; cache responses,,Use primary Riot text as highest-priority evidence; Wiki should point back to underlying Riot sources.
src:wiki-data:janna,char:janna,CHAMPION,https://wiki.leagueoflegends.com/en-us/Template%3AData_Janna,WIKI_REFERENCE,OFFICIAL_COMMUNITY_REFERENCE,P2,UNFETCHED,WIKI_UNIVERSE,TRUE,1-2 req/sec max; cache responses,,Use primary Riot text as highest-priority evidence; Wiki should point back to underlying Riot sources.
src:ddragon:janna,char:janna,CHAMPION,https://ddragon.leagueoflegends.com/cdn/16.18.1/data/en_US/champion/Janna.json,DATA_DRAGON,PRIMARY_OFFICIAL_STATIC,P0,UNFETCHED,GENERIC,TRUE,1-2 req/sec max; cache responses,,Use primary Riot text as highest-priority evidence; Wiki should point back to underlying Riot sources.
src:riot-bio:jarvan-iv,char:jarvan-iv,CHAMPION,https://www.leagueoflegends.com/en-us/champions/jarvan-iv/,CHAMPION_BIO,PRIMARY_OFFICIAL,P0,UNFETCHED,RIOT_CHAMPION,TRUE,1-2 req/sec max; cache responses,,Use primary Riot text as highest-priority evidence; Wiki should point back to underlying Riot sources.
src:wiki-universe:jarvan-iv,char:jarvan-iv,CHAMPION,https://wiki.leagueoflegends.com/en-us/Universe%3AJarvan_IV,WIKI_UNIVERSE,OFFICIAL_COMMUNITY_REFERENCE,P1,UNFETCHED,WIKI_UNIVERSE,TRUE,1-2 req/sec max; cache responses,,Use primary Riot text as highest-priority evidence; Wiki should point back to underlying Riot sources.
src:wiki-data:jarvan-iv,char:jarvan-iv,CHAMPION,https://wiki.leagueoflegends.com/en-us/Template%3AData_Jarvan_IV,WIKI_REFERENCE,OFFICIAL_COMMUNITY_REFERENCE,P2,UNFETCHED,WIKI_UNIVERSE,TRUE,1-2 req/sec max; cache responses,,Use primary Riot text as highest-priority evidence; Wiki should point back to underlying Riot sources.
src:ddragon:jarvan-iv,char:jarvan-iv,CHAMPION,https://ddragon.leagueoflegends.com/cdn/16.18.1/data/en_US/champion/JarvanIV.json,DATA_DRAGON,PRIMARY_OFFICIAL_STATIC,P0,UNFETCHED,GENERIC,TRUE,1-2 req/sec max; cache responses,,Use primary Riot text as highest-priority evidence; Wiki should point back to underlying Riot sources.
src:riot-bio:jax,char:jax,CHAMPION,https://www.leagueoflegends.com/en-us/champions/jax/,CHAMPION_BIO,PRIMARY_OFFICIAL,P0,UNFETCHED,RIOT_CHAMPION,TRUE,1-2 req/sec max; cache responses,,Use primary Riot text as highest-priority evidence; Wiki should point back to underlying Riot sources.
src:wiki-universe:jax,char:jax,CHAMPION,https://wiki.leagueoflegends.com/en-us/Universe%3AJax,WIKI_UNIVERSE,OFFICIAL_COMMUNITY_REFERENCE,P1,UNFETCHED,WIKI_UNIVERSE,TRUE,1-2 req/sec max; cache responses,,Use primary Riot text as highest-priority evidence; Wiki should point back to underlying Riot sources.
src:wiki-data:jax,char:jax,CHAMPION,https://wiki.leagueoflegends.com/en-us/Template%3AData_Jax,WIKI_REFERENCE,OFFICIAL_COMMUNITY_REFERENCE,P2,UNFETCHED,WIKI_UNIVERSE,TRUE,1-2 req/sec max; cache responses,,Use primary Riot text as highest-priority evidence; Wiki should point back to underlying Riot sources.
src:ddragon:jax,char:jax,CHAMPION,https://ddragon.leagueoflegends.com/cdn/16.18.1/data/en_US/champion/Jax.json,DATA_DRAGON,PRIMARY_OFFICIAL_STATIC,P0,UNFETCHED,GENERIC,TRUE,1-2 req/sec max; cache responses,,Use primary Riot text as highest-priority evidence; Wiki should point back to underlying Riot sources.
src:riot-bio:jayce,char:jayce,CHAMPION,https://www.leagueoflegends.com/en-us/champions/jayce/,CHAMPION_BIO,PRIMARY_OFFICIAL,P0,UNFETCHED,RIOT_CHAMPION,TRUE,1-2 req/sec max; cache responses,,Use primary Riot text as highest-priority evidence; Wiki should point back to underlying Riot sources.
src:wiki-universe:jayce,char:jayce,CHAMPION,https://wiki.leagueoflegends.com/en-us/Universe%3AJayce,WIKI_UNIVERSE,OFFICIAL_COMMUNITY_REFERENCE,P1,UNFETCHED,WIKI_UNIVERSE,TRUE,1-2 req/sec max; cache responses,,Use primary Riot text as highest-priority evidence; Wiki should point back to underlying Riot sources.
src:wiki-data:jayce,char:jayce,CHAMPION,https://wiki.leagueoflegends.com/en-us/Template%3AData_Jayce,WIKI_REFERENCE,OFFICIAL_COMMUNITY_REFERENCE,P2,UNFETCHED,WIKI_UNIVERSE,TRUE,1-2 req/sec max; cache responses,,Use primary Riot text as highest-priority evidence; Wiki should point back to underlying Riot sources.
src:ddragon:jayce,char:jayce,CHAMPION,https://ddragon.leagueoflegends.com/cdn/16.18.1/data/en_US/champion/Jayce.json,DATA_DRAGON,PRIMARY_OFFICIAL_STATIC,P0,UNFETCHED,GENERIC,TRUE,1-2 req/sec max; cache responses,,Use primary Riot text as highest-priority evidence; Wiki should point back to underlying Riot sources.
src:riot-bio:jhin,char:jhin,CHAMPION,https://www.leagueoflegends.com/en-us/champions/jhin/,CHAMPION_BIO,PRIMARY_OFFICIAL,P0,UNFETCHED,RIOT_CHAMPION,TRUE,1-2 req/sec max; cache responses,,Use primary Riot text as highest-priority evidence; Wiki should point back to underlying Riot sources.
src:wiki-universe:jhin,char:jhin,CHAMPION,https://wiki.leagueoflegends.com/en-us/Universe%3AJhin,WIKI_UNIVERSE,OFFICIAL_COMMUNITY_REFERENCE,P1,UNFETCHED,WIKI_UNIVERSE,TRUE,1-2 req/sec max; cache responses,,Use primary Riot text as highest-priority evidence; Wiki should point back to underlying Riot sources.
src:wiki-data:jhin,char:jhin,CHAMPION,https://wiki.leagueoflegends.com/en-us/Template%3AData_Jhin,WIKI_REFERENCE,OFFICIAL_COMMUNITY_REFERENCE,P2,UNFETCHED,WIKI_UNIVERSE,TRUE,1-2 req/sec max; cache responses,,Use primary Riot text as highest-priority evidence; Wiki should point back to underlying Riot sources.
src:ddragon:jhin,char:jhin,CHAMPION,https://ddragon.leagueoflegends.com/cdn/16.18.1/data/en_US/champion/Jhin.json,DATA_DRAGON,PRIMARY_OFFICIAL_STATIC,P0,UNFETCHED,GENERIC,TRUE,1-2 req/sec max; cache responses,,Use primary Riot text as highest-priority evidence; Wiki should point back to underlying Riot sources.
src:riot-bio:jinx,char:jinx,CHAMPION,https://www.leagueoflegends.com/en-us/champions/jinx/,CHAMPION_BIO,PRIMARY_OFFICIAL,P0,UNFETCHED,RIOT_CHAMPION,TRUE,1-2 req/sec max; cache responses,,Use primary Riot text as highest-priority evidence; Wiki should point back to underlying Riot sources.
src:wiki-universe:jinx,char:jinx,CHAMPION,https://wiki.leagueoflegends.com/en-us/Universe%3AJinx,WIKI_UNIVERSE,OFFICIAL_COMMUNITY_REFERENCE,P1,UNFETCHED,WIKI_UNIVERSE,TRUE,1-2 req/sec max; cache responses,,Use primary Riot text as highest-priority evidence; Wiki should point back to underlying Riot sources.
src:wiki-data:jinx,char:jinx,CHAMPION,https://wiki.leagueoflegends.com/en-us/Template%3AData_Jinx,WIKI_REFERENCE,OFFICIAL_COMMUNITY_REFERENCE,P2,UNFETCHED,WIKI_UNIVERSE,TRUE,1-2 req/sec max; cache responses,,Use primary Riot text as highest-priority evidence; Wiki should point back to underlying Riot sources.
src:ddragon:jinx,char:jinx,CHAMPION,https://ddragon.leagueoflegends.com/cdn/16.18.1/data/en_US/champion/Jinx.json,DATA_DRAGON,PRIMARY_OFFICIAL_STATIC,P0,UNFETCHED,GENERIC,TRUE,1-2 req/sec max; cache responses,,Use primary Riot text as highest-priority evidence; Wiki should point back to underlying Riot sources.
src:riot-bio:k-sante,char:k-sante,CHAMPION,https://www.leagueoflegends.com/en-us/champions/k-sante/,CHAMPION_BIO,PRIMARY_OFFICIAL,P0,UNFETCHED,RIOT_CHAMPION,TRUE,1-2 req/sec max; cache responses,,Use primary Riot text as highest-priority evidence; Wiki should point back to underlying Riot sources.
src:wiki-universe:k-sante,char:k-sante,CHAMPION,https://wiki.leagueoflegends.com/en-us/Universe%3AK'Sante,WIKI_UNIVERSE,OFFICIAL_COMMUNITY_REFERENCE,P1,UNFETCHED,WIKI_UNIVERSE,TRUE,1-2 req/sec max; cache responses,,Use primary Riot text as highest-priority evidence; Wiki should point back to underlying Riot sources.
src:wiki-data:k-sante,char:k-sante,CHAMPION,https://wiki.leagueoflegends.com/en-us/Template%3AData_K'Sante,WIKI_REFERENCE,OFFICIAL_COMMUNITY_REFERENCE,P2,UNFETCHED,WIKI_UNIVERSE,TRUE,1-2 req/sec max; cache responses,,Use primary Riot text as highest-priority evidence; Wiki should point back to underlying Riot sources.
src:ddragon:k-sante,char:k-sante,CHAMPION,https://ddragon.leagueoflegends.com/cdn/16.18.1/data/en_US/champion/KSante.json,DATA_DRAGON,PRIMARY_OFFICIAL_STATIC,P0,UNFETCHED,GENERIC,TRUE,1-2 req/sec max; cache responses,,Use primary Riot text as highest-priority evidence; Wiki should point back to underlying Riot sources.
src:riot-bio:kai-sa,char:kai-sa,CHAMPION,https://www.leagueoflegends.com/en-us/champions/kai-sa/,CHAMPION_BIO,PRIMARY_OFFICIAL,P0,UNFETCHED,RIOT_CHAMPION,TRUE,1-2 req/sec max; cache responses,,Use primary Riot text as highest-priority evidence; Wiki should point back to underlying Riot sources.
src:wiki-universe:kai-sa,char:kai-sa,CHAMPION,https://wiki.leagueoflegends.com/en-us/Universe%3AKai'Sa,WIKI_UNIVERSE,OFFICIAL_COMMUNITY_REFERENCE,P1,UNFETCHED,WIKI_UNIVERSE,TRUE,1-2 req/sec max; cache responses,,Use primary Riot text as highest-priority evidence; Wiki should point back to underlying Riot sources.
src:wiki-data:kai-sa,char:kai-sa,CHAMPION,https://wiki.leagueoflegends.com/en-us/Template%3AData_Kai'Sa,WIKI_REFERENCE,OFFICIAL_COMMUNITY_REFERENCE,P2,UNFETCHED,WIKI_UNIVERSE,TRUE,1-2 req/sec max; cache responses,,Use primary Riot text as highest-priority evidence; Wiki should point back to underlying Riot sources.
src:ddragon:kai-sa,char:kai-sa,CHAMPION,https://ddragon.leagueoflegends.com/cdn/16.18.1/data/en_US/champion/Kaisa.json,DATA_DRAGON,PRIMARY_OFFICIAL_STATIC,P0,UNFETCHED,GENERIC,TRUE,1-2 req/sec max; cache responses,,Use primary Riot text as highest-priority evidence; Wiki should point back to underlying Riot sources.
src:riot-bio:kalista,char:kalista,CHAMPION,https://www.leagueoflegends.com/en-us/champions/kalista/,CHAMPION_BIO,PRIMARY_OFFICIAL,P0,UNFETCHED,RIOT_CHAMPION,TRUE,1-2 req/sec max; cache responses,,Use primary Riot text as highest-priority evidence; Wiki should point back to underlying Riot sources.
src:wiki-universe:kalista,char:kalista,CHAMPION,https://wiki.leagueoflegends.com/en-us/Universe%3AKalista,WIKI_UNIVERSE,OFFICIAL_COMMUNITY_REFERENCE,P1,UNFETCHED,WIKI_UNIVERSE,TRUE,1-2 req/sec max; cache responses,,Use primary Riot text as highest-priority evidence; Wiki should point back to underlying Riot sources.
src:wiki-data:kalista,char:kalista,CHAMPION,https://wiki.leagueoflegends.com/en-us/Template%3AData_Kalista,WIKI_REFERENCE,OFFICIAL_COMMUNITY_REFERENCE,P2,UNFETCHED,WIKI_UNIVERSE,TRUE,1-2 req/sec max; cache responses,,Use primary Riot text as highest-priority evidence; Wiki should point back to underlying Riot sources.
src:ddragon:kalista,char:kalista,CHAMPION,https://ddragon.leagueoflegends.com/cdn/16.18.1/data/en_US/champion/Kalista.json,DATA_DRAGON,PRIMARY_OFFICIAL_STATIC,P0,UNFETCHED,GENERIC,TRUE,1-2 req/sec max; cache responses,,Use primary Riot text as highest-priority evidence; Wiki should point back to underlying Riot sources.
src:riot-bio:karma,char:karma,CHAMPION,https://www.leagueoflegends.com/en-us/champions/karma/,CHAMPION_BIO,PRIMARY_OFFICIAL,P0,UNFETCHED,RIOT_CHAMPION,TRUE,1-2 req/sec max; cache responses,,Use primary Riot text as highest-priority evidence; Wiki should point back to underlying Riot sources.
src:wiki-universe:karma,char:karma,CHAMPION,https://wiki.leagueoflegends.com/en-us/Universe%3AKarma,WIKI_UNIVERSE,OFFICIAL_COMMUNITY_REFERENCE,P1,UNFETCHED,WIKI_UNIVERSE,TRUE,1-2 req/sec max; cache responses,,Use primary Riot text as highest-priority evidence; Wiki should point back to underlying Riot sources.
src:wiki-data:karma,char:karma,CHAMPION,https://wiki.leagueoflegends.com/en-us/Template%3AData_Karma,WIKI_REFERENCE,OFFICIAL_COMMUNITY_REFERENCE,P2,UNFETCHED,WIKI_UNIVERSE,TRUE,1-2 req/sec max; cache responses,,Use primary Riot text as highest-priority evidence; Wiki should point back to underlying Riot sources.
src:ddragon:karma,char:karma,CHAMPION,https://ddragon.leagueoflegends.com/cdn/16.18.1/data/en_US/champion/Karma.json,DATA_DRAGON,PRIMARY_OFFICIAL_STATIC,P0,UNFETCHED,GENERIC,TRUE,1-2 req/sec max; cache responses,,Use primary Riot text as highest-priority evidence; Wiki should point back to underlying Riot sources.
src:riot-bio:karthus,char:karthus,CHAMPION,https://www.leagueoflegends.com/en-us/champions/karthus/,CHAMPION_BIO,PRIMARY_OFFICIAL,P0,UNFETCHED,RIOT_CHAMPION,TRUE,1-2 req/sec max; cache responses,,Use primary Riot text as highest-priority evidence; Wiki should point back to underlying Riot sources.
src:wiki-universe:karthus,char:karthus,CHAMPION,https://wiki.leagueoflegends.com/en-us/Universe%3AKarthus,WIKI_UNIVERSE,OFFICIAL_COMMUNITY_REFERENCE,P1,UNFETCHED,WIKI_UNIVERSE,TRUE,1-2 req/sec max; cache responses,,Use primary Riot text as highest-priority evidence; Wiki should point back to underlying Riot sources.
src:wiki-data:karthus,char:karthus,CHAMPION,https://wiki.leagueoflegends.com/en-us/Template%3AData_Karthus,WIKI_REFERENCE,OFFICIAL_COMMUNITY_REFERENCE,P2,UNFETCHED,WIKI_UNIVERSE,TRUE,1-2 req/sec max; cache responses,,Use primary Riot text as highest-priority evidence; Wiki should point back to underlying Riot sources.
src:ddragon:karthus,char:karthus,CHAMPION,https://ddragon.leagueoflegends.com/cdn/16.18.1/data/en_US/champion/Karthus.json,DATA_DRAGON,PRIMARY_OFFICIAL_STATIC,P0,UNFETCHED,GENERIC,TRUE,1-2 req/sec max; cache responses,,Use primary Riot text as highest-priority evidence; Wiki should point back to underlying Riot sources.
src:riot-bio:kassadin,char:kassadin,CHAMPION,https://www.leagueoflegends.com/en-us/champions/kassadin/,CHAMPION_BIO,PRIMARY_OFFICIAL,P0,UNFETCHED,RIOT_CHAMPION,TRUE,1-2 req/sec max; cache responses,,Use primary Riot text as highest-priority evidence; Wiki should point back to underlying Riot sources.
src:wiki-universe:kassadin,char:kassadin,CHAMPION,https://wiki.leagueoflegends.com/en-us/Universe%3AKassadin,WIKI_UNIVERSE,OFFICIAL_COMMUNITY_REFERENCE,P1,UNFETCHED,WIKI_UNIVERSE,TRUE,1-2 req/sec max; cache responses,,Use primary Riot text as highest-priority evidence; Wiki should point back to underlying Riot sources.
src:wiki-data:kassadin,char:kassadin,CHAMPION,https://wiki.leagueoflegends.com/en-us/Template%3AData_Kassadin,WIKI_REFERENCE,OFFICIAL_COMMUNITY_REFERENCE,P2,UNFETCHED,WIKI_UNIVERSE,TRUE,1-2 req/sec max; cache responses,,Use primary Riot text as highest-priority evidence; Wiki should point back to underlying Riot sources.
src:ddragon:kassadin,char:kassadin,CHAMPION,https://ddragon.leagueoflegends.com/cdn/16.18.1/data/en_US/champion/Kassadin.json,DATA_DRAGON,PRIMARY_OFFICIAL_STATIC,P0,UNFETCHED,GENERIC,TRUE,1-2 req/sec max; cache responses,,Use primary Riot text as highest-priority evidence; Wiki should point back to underlying Riot sources.
src:riot-bio:katarina,char:katarina,CHAMPION,https://www.leagueoflegends.com/en-us/champions/katarina/,CHAMPION_BIO,PRIMARY_OFFICIAL,P0,UNFETCHED,RIOT_CHAMPION,TRUE,1-2 req/sec max; cache responses,,Use primary Riot text as highest-priority evidence; Wiki should point back to underlying Riot sources.
src:wiki-universe:katarina,char:katarina,CHAMPION,https://wiki.leagueoflegends.com/en-us/Universe%3AKatarina,WIKI_UNIVERSE,OFFICIAL_COMMUNITY_REFERENCE,P1,UNFETCHED,WIKI_UNIVERSE,TRUE,1-2 req/sec max; cache responses,,Use primary Riot text as highest-priority evidence; Wiki should point back to underlying Riot sources.
src:wiki-data:katarina,char:katarina,CHAMPION,https://wiki.leagueoflegends.com/en-us/Template%3AData_Katarina,WIKI_REFERENCE,OFFICIAL_COMMUNITY_REFERENCE,P2,UNFETCHED,WIKI_UNIVERSE,TRUE,1-2 req/sec max; cache responses,,Use primary Riot text as highest-priority evidence; Wiki should point back to underlying Riot sources.
src:ddragon:katarina,char:katarina,CHAMPION,https://ddragon.leagueoflegends.com/cdn/16.18.1/data/en_US/champion/Katarina.json,DATA_DRAGON,PRIMARY_OFFICIAL_STATIC,P0,UNFETCHED,GENERIC,TRUE,1-2 req/sec max; cache responses,,Use primary Riot text as highest-priority evidence; Wiki should point back to underlying Riot sources.
src:riot-bio:kayle,char:kayle,CHAMPION,https://www.leagueoflegends.com/en-us/champions/kayle/,CHAMPION_BIO,PRIMARY_OFFICIAL,P0,UNFETCHED,RIOT_CHAMPION,TRUE,1-2 req/sec max; cache responses,,Use primary Riot text as highest-priority evidence; Wiki should point back to underlying Riot sources.
src:wiki-universe:kayle,char:kayle,CHAMPION,https://wiki.leagueoflegends.com/en-us/Universe%3AKayle,WIKI_UNIVERSE,OFFICIAL_COMMUNITY_REFERENCE,P1,UNFETCHED,WIKI_UNIVERSE,TRUE,1-2 req/sec max; cache responses,,Use primary Riot text as highest-priority evidence; Wiki should point back to underlying Riot sources.
src:wiki-data:kayle,char:kayle,CHAMPION,https://wiki.leagueoflegends.com/en-us/Template%3AData_Kayle,WIKI_REFERENCE,OFFICIAL_COMMUNITY_REFERENCE,P2,UNFETCHED,WIKI_UNIVERSE,TRUE,1-2 req/sec max; cache responses,,Use primary Riot text as highest-priority evidence; Wiki should point back to underlying Riot sources.
src:ddragon:kayle,char:kayle,CHAMPION,https://ddragon.leagueoflegends.com/cdn/16.18.1/data/en_US/champion/Kayle.json,DATA_DRAGON,PRIMARY_OFFICIAL_STATIC,P0,UNFETCHED,GENERIC,TRUE,1-2 req/sec max; cache responses,,Use primary Riot text as highest-priority evidence; Wiki should point back to underlying Riot sources.
src:riot-bio:kayn,char:kayn,CHAMPION,https://www.leagueoflegends.com/en-us/champions/kayn/,CHAMPION_BIO,PRIMARY_OFFICIAL,P0,UNFETCHED,RIOT_CHAMPION,TRUE,1-2 req/sec max; cache responses,,Use primary Riot text as highest-priority evidence; Wiki should point back to underlying Riot sources.
src:wiki-universe:kayn,char:kayn,CHAMPION,https://wiki.leagueoflegends.com/en-us/Universe%3AKayn,WIKI_UNIVERSE,OFFICIAL_COMMUNITY_REFERENCE,P1,UNFETCHED,WIKI_UNIVERSE,TRUE,1-2 req/sec max; cache responses,,Use primary Riot text as highest-priority evidence; Wiki should point back to underlying Riot sources.
src:wiki-data:kayn,char:kayn,CHAMPION,https://wiki.leagueoflegends.com/en-us/Template%3AData_Kayn,WIKI_REFERENCE,OFFICIAL_COMMUNITY_REFERENCE,P2,UNFETCHED,WIKI_UNIVERSE,TRUE,1-2 req/sec max; cache responses,,Use primary Riot text as highest-priority evidence; Wiki should point back to underlying Riot sources.
src:ddragon:kayn,char:kayn,CHAMPION,https://ddragon.leagueoflegends.com/cdn/16.18.1/data/en_US/champion/Kayn.json,DATA_DRAGON,PRIMARY_OFFICIAL_STATIC,P0,UNFETCHED,GENERIC,TRUE,1-2 req/sec max; cache responses,,Use primary Riot text as highest-priority evidence; Wiki should point back to underlying Riot sources.
src:riot-bio:kennen,char:kennen,CHAMPION,https://www.leagueoflegends.com/en-us/champions/kennen/,CHAMPION_BIO,PRIMARY_OFFICIAL,P0,UNFETCHED,RIOT_CHAMPION,TRUE,1-2 req/sec max; cache responses,,Use primary Riot text as highest-priority evidence; Wiki should point back to underlying Riot sources.
src:wiki-universe:kennen,char:kennen,CHAMPION,https://wiki.leagueoflegends.com/en-us/Universe%3AKennen,WIKI_UNIVERSE,OFFICIAL_COMMUNITY_REFERENCE,P1,UNFETCHED,WIKI_UNIVERSE,TRUE,1-2 req/sec max; cache responses,,Use primary Riot text as highest-priority evidence; Wiki should point back to underlying Riot sources.
src:wiki-data:kennen,char:kennen,CHAMPION,https://wiki.leagueoflegends.com/en-us/Template%3AData_Kennen,WIKI_REFERENCE,OFFICIAL_COMMUNITY_REFERENCE,P2,UNFETCHED,WIKI_UNIVERSE,TRUE,1-2 req/sec max; cache responses,,Use primary Riot text as highest-priority evidence; Wiki should point back to underlying Riot sources.
src:ddragon:kennen,char:kennen,CHAMPION,https://ddragon.leagueoflegends.com/cdn/16.18.1/data/en_US/champion/Kennen.json,DATA_DRAGON,PRIMARY_OFFICIAL_STATIC,P0,UNFETCHED,GENERIC,TRUE,1-2 req/sec max; cache responses,,Use primary Riot text as highest-priority evidence; Wiki should point back to underlying Riot sources.
src:riot-bio:kha-zix,char:kha-zix,CHAMPION,https://www.leagueoflegends.com/en-us/champions/kha-zix/,CHAMPION_BIO,PRIMARY_OFFICIAL,P0,UNFETCHED,RIOT_CHAMPION,TRUE,1-2 req/sec max; cache responses,,Use primary Riot text as highest-priority evidence; Wiki should point back to underlying Riot sources.
src:wiki-universe:kha-zix,char:kha-zix,CHAMPION,https://wiki.leagueoflegends.com/en-us/Universe%3AKha'Zix,WIKI_UNIVERSE,OFFICIAL_COMMUNITY_REFERENCE,P1,UNFETCHED,WIKI_UNIVERSE,TRUE,1-2 req/sec max; cache responses,,Use primary Riot text as highest-priority evidence; Wiki should point back to underlying Riot sources.
src:wiki-data:kha-zix,char:kha-zix,CHAMPION,https://wiki.leagueoflegends.com/en-us/Template%3AData_Kha'Zix,WIKI_REFERENCE,OFFICIAL_COMMUNITY_REFERENCE,P2,UNFETCHED,WIKI_UNIVERSE,TRUE,1-2 req/sec max; cache responses,,Use primary Riot text as highest-priority evidence; Wiki should point back to underlying Riot sources.
src:ddragon:kha-zix,char:kha-zix,CHAMPION,https://ddragon.leagueoflegends.com/cdn/16.18.1/data/en_US/champion/Khazix.json,DATA_DRAGON,PRIMARY_OFFICIAL_STATIC,P0,UNFETCHED,GENERIC,TRUE,1-2 req/sec max; cache responses,,Use primary Riot text as highest-priority evidence; Wiki should point back to underlying Riot sources.
src:riot-bio:kindred,char:kindred,CHAMPION,https://www.leagueoflegends.com/en-us/champions/kindred/,CHAMPION_BIO,PRIMARY_OFFICIAL,P0,UNFETCHED,RIOT_CHAMPION,TRUE,1-2 req/sec max; cache responses,,Use primary Riot text as highest-priority evidence; Wiki should point back to underlying Riot sources.
src:wiki-universe:kindred,char:kindred,CHAMPION,https://wiki.leagueoflegends.com/en-us/Universe%3AKindred,WIKI_UNIVERSE,OFFICIAL_COMMUNITY_REFERENCE,P1,UNFETCHED,WIKI_UNIVERSE,TRUE,1-2 req/sec max; cache responses,,Use primary Riot text as highest-priority evidence; Wiki should point back to underlying Riot sources.
src:wiki-data:kindred,char:kindred,CHAMPION,https://wiki.leagueoflegends.com/en-us/Template%3AData_Kindred,WIKI_REFERENCE,OFFICIAL_COMMUNITY_REFERENCE,P2,UNFETCHED,WIKI_UNIVERSE,TRUE,1-2 req/sec max; cache responses,,Use primary Riot text as highest-priority evidence; Wiki should point back to underlying Riot sources.
src:ddragon:kindred,char:kindred,CHAMPION,https://ddragon.leagueoflegends.com/cdn/16.18.1/data/en_US/champion/Kindred.json,DATA_DRAGON,PRIMARY_OFFICIAL_STATIC,P0,UNFETCHED,GENERIC,TRUE,1-2 req/sec max; cache responses,,Use primary Riot text as highest-priority evidence; Wiki should point back to underlying Riot sources.
src:riot-bio:kled,char:kled,CHAMPION,https://www.leagueoflegends.com/en-us/champions/kled/,CHAMPION_BIO,PRIMARY_OFFICIAL,P0,UNFETCHED,RIOT_CHAMPION,TRUE,1-2 req/sec max; cache responses,,Use primary Riot text as highest-priority evidence; Wiki should point back to underlying Riot sources.
src:wiki-universe:kled,char:kled,CHAMPION,https://wiki.leagueoflegends.com/en-us/Universe%3AKled,WIKI_UNIVERSE,OFFICIAL_COMMUNITY_REFERENCE,P1,UNFETCHED,WIKI_UNIVERSE,TRUE,1-2 req/sec max; cache responses,,Use primary Riot text as highest-priority evidence; Wiki should point back to underlying Riot sources.
src:wiki-data:kled,char:kled,CHAMPION,https://wiki.leagueoflegends.com/en-us/Template%3AData_Kled,WIKI_REFERENCE,OFFICIAL_COMMUNITY_REFERENCE,P2,UNFETCHED,WIKI_UNIVERSE,TRUE,1-2 req/sec max; cache responses,,Use primary Riot text as highest-priority evidence; Wiki should point back to underlying Riot sources.
src:ddragon:kled,char:kled,CHAMPION,https://ddragon.leagueoflegends.com/cdn/16.18.1/data/en_US/champion/Kled.json,DATA_DRAGON,PRIMARY_OFFICIAL_STATIC,P0,UNFETCHED,GENERIC,TRUE,1-2 req/sec max; cache responses,,Use primary Riot text as highest-priority evidence; Wiki should point back to underlying Riot sources.
src:riot-bio:kog-maw,char:kog-maw,CHAMPION,https://www.leagueoflegends.com/en-us/champions/kog-maw/,CHAMPION_BIO,PRIMARY_OFFICIAL,P0,UNFETCHED,RIOT_CHAMPION,TRUE,1-2 req/sec max; cache responses,,Use primary Riot text as highest-priority evidence; Wiki should point back to underlying Riot sources.
src:wiki-universe:kog-maw,char:kog-maw,CHAMPION,https://wiki.leagueoflegends.com/en-us/Universe%3AKog'Maw,WIKI_UNIVERSE,OFFICIAL_COMMUNITY_REFERENCE,P1,UNFETCHED,WIKI_UNIVERSE,TRUE,1-2 req/sec max; cache responses,,Use primary Riot text as highest-priority evidence; Wiki should point back to underlying Riot sources.
src:wiki-data:kog-maw,char:kog-maw,CHAMPION,https://wiki.leagueoflegends.com/en-us/Template%3AData_Kog'Maw,WIKI_REFERENCE,OFFICIAL_COMMUNITY_REFERENCE,P2,UNFETCHED,WIKI_UNIVERSE,TRUE,1-2 req/sec max; cache responses,,Use primary Riot text as highest-priority evidence; Wiki should point back to underlying Riot sources.
src:ddragon:kog-maw,char:kog-maw,CHAMPION,https://ddragon.leagueoflegends.com/cdn/16.18.1/data/en_US/champion/KogMaw.json,DATA_DRAGON,PRIMARY_OFFICIAL_STATIC,P0,UNFETCHED,GENERIC,TRUE,1-2 req/sec max; cache responses,,Use primary Riot text as highest-priority evidence; Wiki should point back to underlying Riot sources.
src:riot-bio:leblanc,char:leblanc,CHAMPION,https://www.leagueoflegends.com/en-us/champions/leblanc/,CHAMPION_BIO,PRIMARY_OFFICIAL,P0,UNFETCHED,RIOT_CHAMPION,TRUE,1-2 req/sec max; cache responses,,Use primary Riot text as highest-priority evidence; Wiki should point back to underlying Riot sources.
src:wiki-universe:leblanc,char:leblanc,CHAMPION,https://wiki.leagueoflegends.com/en-us/Universe%3ALeBlanc,WIKI_UNIVERSE,OFFICIAL_COMMUNITY_REFERENCE,P1,UNFETCHED,WIKI_UNIVERSE,TRUE,1-2 req/sec max; cache responses,,Use primary Riot text as highest-priority evidence; Wiki should point back to underlying Riot sources.
src:wiki-data:leblanc,char:leblanc,CHAMPION,https://wiki.leagueoflegends.com/en-us/Template%3AData_LeBlanc,WIKI_REFERENCE,OFFICIAL_COMMUNITY_REFERENCE,P2,UNFETCHED,WIKI_UNIVERSE,TRUE,1-2 req/sec max; cache responses,,Use primary Riot text as highest-priority evidence; Wiki should point back to underlying Riot sources.
src:ddragon:leblanc,char:leblanc,CHAMPION,https://ddragon.leagueoflegends.com/cdn/16.18.1/data/en_US/champion/Leblanc.json,DATA_DRAGON,PRIMARY_OFFICIAL_STATIC,P0,UNFETCHED,GENERIC,TRUE,1-2 req/sec max; cache responses,,Use primary Riot text as highest-priority evidence; Wiki should point back to underlying Riot sources.
src:riot-bio:lee-sin,char:lee-sin,CHAMPION,https://www.leagueoflegends.com/en-us/champions/lee-sin/,CHAMPION_BIO,PRIMARY_OFFICIAL,P0,UNFETCHED,RIOT_CHAMPION,TRUE,1-2 req/sec max; cache responses,,Use primary Riot text as highest-priority evidence; Wiki should point back to underlying Riot sources.
src:wiki-universe:lee-sin,char:lee-sin,CHAMPION,https://wiki.leagueoflegends.com/en-us/Universe%3ALee_Sin,WIKI_UNIVERSE,OFFICIAL_COMMUNITY_REFERENCE,P1,UNFETCHED,WIKI_UNIVERSE,TRUE,1-2 req/sec max; cache responses,,Use primary Riot text as highest-priority evidence; Wiki should point back to underlying Riot sources.
src:wiki-data:lee-sin,char:lee-sin,CHAMPION,https://wiki.leagueoflegends.com/en-us/Template%3AData_Lee_Sin,WIKI_REFERENCE,OFFICIAL_COMMUNITY_REFERENCE,P2,UNFETCHED,WIKI_UNIVERSE,TRUE,1-2 req/sec max; cache responses,,Use primary Riot text as highest-priority evidence; Wiki should point back to underlying Riot sources.
src:ddragon:lee-sin,char:lee-sin,CHAMPION,https://ddragon.leagueoflegends.com/cdn/16.18.1/data/en_US/champion/LeeSin.json,DATA_DRAGON,PRIMARY_OFFICIAL_STATIC,P0,UNFETCHED,GENERIC,TRUE,1-2 req/sec max; cache responses,,Use primary Riot text as highest-priority evidence; Wiki should point back to underlying Riot sources.
src:riot-bio:leona,char:leona,CHAMPION,https://www.leagueoflegends.com/en-us/champions/leona/,CHAMPION_BIO,PRIMARY_OFFICIAL,P0,UNFETCHED,RIOT_CHAMPION,TRUE,1-2 req/sec max; cache responses,,Use primary Riot text as highest-priority evidence; Wiki should point back to underlying Riot sources.
src:wiki-universe:leona,char:leona,CHAMPION,https://wiki.leagueoflegends.com/en-us/Universe%3ALeona,WIKI_UNIVERSE,OFFICIAL_COMMUNITY_REFERENCE,P1,UNFETCHED,WIKI_UNIVERSE,TRUE,1-2 req/sec max; cache responses,,Use primary Riot text as highest-priority evidence; Wiki should point back to underlying Riot sources.
src:wiki-data:leona,char:leona,CHAMPION,https://wiki.leagueoflegends.com/en-us/Template%3AData_Leona,WIKI_REFERENCE,OFFICIAL_COMMUNITY_REFERENCE,P2,UNFETCHED,WIKI_UNIVERSE,TRUE,1-2 req/sec max; cache responses,,Use primary Riot text as highest-priority evidence; Wiki should point back to underlying Riot sources.
src:ddragon:leona,char:leona,CHAMPION,https://ddragon.leagueoflegends.com/cdn/16.18.1/data/en_US/champion/Leona.json,DATA_DRAGON,PRIMARY_OFFICIAL_STATIC,P0,UNFETCHED,GENERIC,TRUE,1-2 req/sec max; cache responses,,Use primary Riot text as highest-priority evidence; Wiki should point back to underlying Riot sources.
src:riot-bio:lillia,char:lillia,CHAMPION,https://www.leagueoflegends.com/en-us/champions/lillia/,CHAMPION_BIO,PRIMARY_OFFICIAL,P0,UNFETCHED,RIOT_CHAMPION,TRUE,1-2 req/sec max; cache responses,,Use primary Riot text as highest-priority evidence; Wiki should point back to underlying Riot sources.
src:wiki-universe:lillia,char:lillia,CHAMPION,https://wiki.leagueoflegends.com/en-us/Universe%3ALillia,WIKI_UNIVERSE,OFFICIAL_COMMUNITY_REFERENCE,P1,UNFETCHED,WIKI_UNIVERSE,TRUE,1-2 req/sec max; cache responses,,Use primary Riot text as highest-priority evidence; Wiki should point back to underlying Riot sources.
src:wiki-data:lillia,char:lillia,CHAMPION,https://wiki.leagueoflegends.com/en-us/Template%3AData_Lillia,WIKI_REFERENCE,OFFICIAL_COMMUNITY_REFERENCE,P2,UNFETCHED,WIKI_UNIVERSE,TRUE,1-2 req/sec max; cache responses,,Use primary Riot text as highest-priority evidence; Wiki should point back to underlying Riot sources.
src:ddragon:lillia,char:lillia,CHAMPION,https://ddragon.leagueoflegends.com/cdn/16.18.1/data/en_US/champion/Lillia.json,DATA_DRAGON,PRIMARY_OFFICIAL_STATIC,P0,UNFETCHED,GENERIC,TRUE,1-2 req/sec max; cache responses,,Use primary Riot text as highest-priority evidence; Wiki should point back to underlying Riot sources.
src:riot-bio:lissandra,char:lissandra,CHAMPION,https://www.leagueoflegends.com/en-us/champions/lissandra/,CHAMPION_BIO,PRIMARY_OFFICIAL,P0,UNFETCHED,RIOT_CHAMPION,TRUE,1-2 req/sec max; cache responses,,Use primary Riot text as highest-priority evidence; Wiki should point back to underlying Riot sources.
src:wiki-universe:lissandra,char:lissandra,CHAMPION,https://wiki.leagueoflegends.com/en-us/Universe%3ALissandra,WIKI_UNIVERSE,OFFICIAL_COMMUNITY_REFERENCE,P1,UNFETCHED,WIKI_UNIVERSE,TRUE,1-2 req/sec max; cache responses,,Use primary Riot text as highest-priority evidence; Wiki should point back to underlying Riot sources.
src:wiki-data:lissandra,char:lissandra,CHAMPION,https://wiki.leagueoflegends.com/en-us/Template%3AData_Lissandra,WIKI_REFERENCE,OFFICIAL_COMMUNITY_REFERENCE,P2,UNFETCHED,WIKI_UNIVERSE,TRUE,1-2 req/sec max; cache responses,,Use primary Riot text as highest-priority evidence; Wiki should point back to underlying Riot sources.
src:ddragon:lissandra,char:lissandra,CHAMPION,https://ddragon.leagueoflegends.com/cdn/16.18.1/data/en_US/champion/Lissandra.json,DATA_DRAGON,PRIMARY_OFFICIAL_STATIC,P0,UNFETCHED,GENERIC,TRUE,1-2 req/sec max; cache responses,,Use primary Riot text as highest-priority evidence; Wiki should point back to underlying Riot sources.
src:riot-bio:locke,char:locke,CHAMPION,https://www.leagueoflegends.com/en-us/champions/locke/,CHAMPION_BIO,PRIMARY_OFFICIAL,P0,VERIFIED,RIOT_CHAMPION,TRUE,1-2 req/sec max; cache responses,2026-09-16,Use primary Riot text as highest-priority evidence; Wiki should point back to underlying Riot sources.
src:wiki-universe:locke,char:locke,CHAMPION,https://wiki.leagueoflegends.com/en-us/Universe%3ALocke,WIKI_UNIVERSE,OFFICIAL_COMMUNITY_REFERENCE,P1,UNFETCHED,WIKI_UNIVERSE,TRUE,1-2 req/sec max; cache responses,,Use primary Riot text as highest-priority evidence; Wiki should point back to underlying Riot sources.
src:wiki-data:locke,char:locke,CHAMPION,https://wiki.leagueoflegends.com/en-us/Template%3AData_Locke,WIKI_REFERENCE,OFFICIAL_COMMUNITY_REFERENCE,P2,UNFETCHED,WIKI_UNIVERSE,TRUE,1-2 req/sec max; cache responses,,Use primary Riot text as highest-priority evidence; Wiki should point back to underlying Riot sources.
src:ddragon:locke,char:locke,CHAMPION,https://ddragon.leagueoflegends.com/cdn/16.18.1/data/en_US/champion/Locke.json,DATA_DRAGON,PRIMARY_OFFICIAL_STATIC,P0,UNFETCHED,GENERIC,TRUE,1-2 req/sec max; cache responses,,Use primary Riot text as highest-priority evidence; Wiki should point back to underlying Riot sources.
src:riot-bio:lucian,char:lucian,CHAMPION,https://www.leagueoflegends.com/en-us/champions/lucian/,CHAMPION_BIO,PRIMARY_OFFICIAL,P0,UNFETCHED,RIOT_CHAMPION,TRUE,1-2 req/sec max; cache responses,,Use primary Riot text as highest-priority evidence; Wiki should point back to underlying Riot sources.
src:wiki-universe:lucian,char:lucian,CHAMPION,https://wiki.leagueoflegends.com/en-us/Universe%3ALucian,WIKI_UNIVERSE,OFFICIAL_COMMUNITY_REFERENCE,P1,UNFETCHED,WIKI_UNIVERSE,TRUE,1-2 req/sec max; cache responses,,Use primary Riot text as highest-priority evidence; Wiki should point back to underlying Riot sources.
src:wiki-data:lucian,char:lucian,CHAMPION,https://wiki.leagueoflegends.com/en-us/Template%3AData_Lucian,WIKI_REFERENCE,OFFICIAL_COMMUNITY_REFERENCE,P2,UNFETCHED,WIKI_UNIVERSE,TRUE,1-2 req/sec max; cache responses,,Use primary Riot text as highest-priority evidence; Wiki should point back to underlying Riot sources.
src:ddragon:lucian,char:lucian,CHAMPION,https://ddragon.leagueoflegends.com/cdn/16.18.1/data/en_US/champion/Lucian.json,DATA_DRAGON,PRIMARY_OFFICIAL_STATIC,P0,UNFETCHED,GENERIC,TRUE,1-2 req/sec max; cache responses,,Use primary Riot text as highest-priority evidence; Wiki should point back to underlying Riot sources.
src:riot-bio:lulu,char:lulu,CHAMPION,https://www.leagueoflegends.com/en-us/champions/lulu/,CHAMPION_BIO,PRIMARY_OFFICIAL,P0,UNFETCHED,RIOT_CHAMPION,TRUE,1-2 req/sec max; cache responses,,Use primary Riot text as highest-priority evidence; Wiki should point back to underlying Riot sources.
src:wiki-universe:lulu,char:lulu,CHAMPION,https://wiki.leagueoflegends.com/en-us/Universe%3ALulu,WIKI_UNIVERSE,OFFICIAL_COMMUNITY_REFERENCE,P1,UNFETCHED,WIKI_UNIVERSE,TRUE,1-2 req/sec max; cache responses,,Use primary Riot text as highest-priority evidence; Wiki should point back to underlying Riot sources.
src:wiki-data:lulu,char:lulu,CHAMPION,https://wiki.leagueoflegends.com/en-us/Template%3AData_Lulu,WIKI_REFERENCE,OFFICIAL_COMMUNITY_REFERENCE,P2,UNFETCHED,WIKI_UNIVERSE,TRUE,1-2 req/sec max; cache responses,,Use primary Riot text as highest-priority evidence; Wiki should point back to underlying Riot sources.
src:ddragon:lulu,char:lulu,CHAMPION,https://ddragon.leagueoflegends.com/cdn/16.18.1/data/en_US/champion/Lulu.json,DATA_DRAGON,PRIMARY_OFFICIAL_STATIC,P0,UNFETCHED,GENERIC,TRUE,1-2 req/sec max; cache responses,,Use primary Riot text as highest-priority evidence; Wiki should point back to underlying Riot sources.
src:riot-bio:lux,char:lux,CHAMPION,https://www.leagueoflegends.com/en-us/champions/lux/,CHAMPION_BIO,PRIMARY_OFFICIAL,P0,UNFETCHED,RIOT_CHAMPION,TRUE,1-2 req/sec max; cache responses,,Use primary Riot text as highest-priority evidence; Wiki should point back to underlying Riot sources.
src:wiki-universe:lux,char:lux,CHAMPION,https://wiki.leagueoflegends.com/en-us/Universe%3ALux,WIKI_UNIVERSE,OFFICIAL_COMMUNITY_REFERENCE,P1,UNFETCHED,WIKI_UNIVERSE,TRUE,1-2 req/sec max; cache responses,,Use primary Riot text as highest-priority evidence; Wiki should point back to underlying Riot sources.
src:wiki-data:lux,char:lux,CHAMPION,https://wiki.leagueoflegends.com/en-us/Template%3AData_Lux,WIKI_REFERENCE,OFFICIAL_COMMUNITY_REFERENCE,P2,UNFETCHED,WIKI_UNIVERSE,TRUE,1-2 req/sec max; cache responses,,Use primary Riot text as highest-priority evidence; Wiki should point back to underlying Riot sources.
src:ddragon:lux,char:lux,CHAMPION,https://ddragon.leagueoflegends.com/cdn/16.18.1/data/en_US/champion/Lux.json,DATA_DRAGON,PRIMARY_OFFICIAL_STATIC,P0,UNFETCHED,GENERIC,TRUE,1-2 req/sec max; cache responses,,Use primary Riot text as highest-priority evidence; Wiki should point back to underlying Riot sources.
src:riot-bio:malphite,char:malphite,CHAMPION,https://www.leagueoflegends.com/en-us/champions/malphite/,CHAMPION_BIO,PRIMARY_OFFICIAL,P0,UNFETCHED,RIOT_CHAMPION,TRUE,1-2 req/sec max; cache responses,,Use primary Riot text as highest-priority evidence; Wiki should point back to underlying Riot sources.
src:wiki-universe:malphite,char:malphite,CHAMPION,https://wiki.leagueoflegends.com/en-us/Universe%3AMalphite,WIKI_UNIVERSE,OFFICIAL_COMMUNITY_REFERENCE,P1,UNFETCHED,WIKI_UNIVERSE,TRUE,1-2 req/sec max; cache responses,,Use primary Riot text as highest-priority evidence; Wiki should point back to underlying Riot sources.
src:wiki-data:malphite,char:malphite,CHAMPION,https://wiki.leagueoflegends.com/en-us/Template%3AData_Malphite,WIKI_REFERENCE,OFFICIAL_COMMUNITY_REFERENCE,P2,UNFETCHED,WIKI_UNIVERSE,TRUE,1-2 req/sec max; cache responses,,Use primary Riot text as highest-priority evidence; Wiki should point back to underlying Riot sources.
src:ddragon:malphite,char:malphite,CHAMPION,https://ddragon.leagueoflegends.com/cdn/16.18.1/data/en_US/champion/Malphite.json,DATA_DRAGON,PRIMARY_OFFICIAL_STATIC,P0,UNFETCHED,GENERIC,TRUE,1-2 req/sec max; cache responses,,Use primary Riot text as highest-priority evidence; Wiki should point back to underlying Riot sources.
src:riot-bio:malzahar,char:malzahar,CHAMPION,https://www.leagueoflegends.com/en-us/champions/malzahar/,CHAMPION_BIO,PRIMARY_OFFICIAL,P0,UNFETCHED,RIOT_CHAMPION,TRUE,1-2 req/sec max; cache responses,,Use primary Riot text as highest-priority evidence; Wiki should point back to underlying Riot sources.
src:wiki-universe:malzahar,char:malzahar,CHAMPION,https://wiki.leagueoflegends.com/en-us/Universe%3AMalzahar,WIKI_UNIVERSE,OFFICIAL_COMMUNITY_REFERENCE,P1,UNFETCHED,WIKI_UNIVERSE,TRUE,1-2 req/sec max; cache responses,,Use primary Riot text as highest-priority evidence; Wiki should point back to underlying Riot sources.
src:wiki-data:malzahar,char:malzahar,CHAMPION,https://wiki.leagueoflegends.com/en-us/Template%3AData_Malzahar,WIKI_REFERENCE,OFFICIAL_COMMUNITY_REFERENCE,P2,UNFETCHED,WIKI_UNIVERSE,TRUE,1-2 req/sec max; cache responses,,Use primary Riot text as highest-priority evidence; Wiki should point back to underlying Riot sources.
src:ddragon:malzahar,char:malzahar,CHAMPION,https://ddragon.leagueoflegends.com/cdn/16.18.1/data/en_US/champion/Malzahar.json,DATA_DRAGON,PRIMARY_OFFICIAL_STATIC,P0,UNFETCHED,GENERIC,TRUE,1-2 req/sec max; cache responses,,Use primary Riot text as highest-priority evidence; Wiki should point back to underlying Riot sources.
src:riot-bio:maokai,char:maokai,CHAMPION,https://www.leagueoflegends.com/en-us/champions/maokai/,CHAMPION_BIO,PRIMARY_OFFICIAL,P0,UNFETCHED,RIOT_CHAMPION,TRUE,1-2 req/sec max; cache responses,,Use primary Riot text as highest-priority evidence; Wiki should point back to underlying Riot sources.
src:wiki-universe:maokai,char:maokai,CHAMPION,https://wiki.leagueoflegends.com/en-us/Universe%3AMaokai,WIKI_UNIVERSE,OFFICIAL_COMMUNITY_REFERENCE,P1,UNFETCHED,WIKI_UNIVERSE,TRUE,1-2 req/sec max; cache responses,,Use primary Riot text as highest-priority evidence; Wiki should point back to underlying Riot sources.
src:wiki-data:maokai,char:maokai,CHAMPION,https://wiki.leagueoflegends.com/en-us/Template%3AData_Maokai,WIKI_REFERENCE,OFFICIAL_COMMUNITY_REFERENCE,P2,UNFETCHED,WIKI_UNIVERSE,TRUE,1-2 req/sec max; cache responses,,Use primary Riot text as highest-priority evidence; Wiki should point back to underlying Riot sources.
src:ddragon:maokai,char:maokai,CHAMPION,https://ddragon.leagueoflegends.com/cdn/16.18.1/data/en_US/champion/Maokai.json,DATA_DRAGON,PRIMARY_OFFICIAL_STATIC,P0,UNFETCHED,GENERIC,TRUE,1-2 req/sec max; cache responses,,Use primary Riot text as highest-priority evidence; Wiki should point back to underlying Riot sources.
src:riot-bio:master-yi,char:master-yi,CHAMPION,https://www.leagueoflegends.com/en-us/champions/master-yi/,CHAMPION_BIO,PRIMARY_OFFICIAL,P0,UNFETCHED,RIOT_CHAMPION,TRUE,1-2 req/sec max; cache responses,,Use primary Riot text as highest-priority evidence; Wiki should point back to underlying Riot sources.
src:wiki-universe:master-yi,char:master-yi,CHAMPION,https://wiki.leagueoflegends.com/en-us/Universe%3AMaster_Yi,WIKI_UNIVERSE,OFFICIAL_COMMUNITY_REFERENCE,P1,UNFETCHED,WIKI_UNIVERSE,TRUE,1-2 req/sec max; cache responses,,Use primary Riot text as highest-priority evidence; Wiki should point back to underlying Riot sources.
src:wiki-data:master-yi,char:master-yi,CHAMPION,https://wiki.leagueoflegends.com/en-us/Template%3AData_Master_Yi,WIKI_REFERENCE,OFFICIAL_COMMUNITY_REFERENCE,P2,UNFETCHED,WIKI_UNIVERSE,TRUE,1-2 req/sec max; cache responses,,Use primary Riot text as highest-priority evidence; Wiki should point back to underlying Riot sources.
src:ddragon:master-yi,char:master-yi,CHAMPION,https://ddragon.leagueoflegends.com/cdn/16.18.1/data/en_US/champion/MasterYi.json,DATA_DRAGON,PRIMARY_OFFICIAL_STATIC,P0,UNFETCHED,GENERIC,TRUE,1-2 req/sec max; cache responses,,Use primary Riot text as highest-priority evidence; Wiki should point back to underlying Riot sources.
src:riot-bio:mel,char:mel,CHAMPION,https://www.leagueoflegends.com/en-us/champions/mel/,CHAMPION_BIO,PRIMARY_OFFICIAL,P0,UNFETCHED,RIOT_CHAMPION,TRUE,1-2 req/sec max; cache responses,,Use primary Riot text as highest-priority evidence; Wiki should point back to underlying Riot sources.
src:wiki-universe:mel,char:mel,CHAMPION,https://wiki.leagueoflegends.com/en-us/Universe%3AMel,WIKI_UNIVERSE,OFFICIAL_COMMUNITY_REFERENCE,P1,UNFETCHED,WIKI_UNIVERSE,TRUE,1-2 req/sec max; cache responses,,Use primary Riot text as highest-priority evidence; Wiki should point back to underlying Riot sources.
src:wiki-data:mel,char:mel,CHAMPION,https://wiki.leagueoflegends.com/en-us/Template%3AData_Mel,WIKI_REFERENCE,OFFICIAL_COMMUNITY_REFERENCE,P2,UNFETCHED,WIKI_UNIVERSE,TRUE,1-2 req/sec max; cache responses,,Use primary Riot text as highest-priority evidence; Wiki should point back to underlying Riot sources.
src:ddragon:mel,char:mel,CHAMPION,https://ddragon.leagueoflegends.com/cdn/16.18.1/data/en_US/champion/Mel.json,DATA_DRAGON,PRIMARY_OFFICIAL_STATIC,P0,UNFETCHED,GENERIC,TRUE,1-2 req/sec max; cache responses,,Use primary Riot text as highest-priority evidence; Wiki should point back to underlying Riot sources.
src:riot-bio:milio,char:milio,CHAMPION,https://www.leagueoflegends.com/en-us/champions/milio/,CHAMPION_BIO,PRIMARY_OFFICIAL,P0,UNFETCHED,RIOT_CHAMPION,TRUE,1-2 req/sec max; cache responses,,Use primary Riot text as highest-priority evidence; Wiki should point back to underlying Riot sources.
src:wiki-universe:milio,char:milio,CHAMPION,https://wiki.leagueoflegends.com/en-us/Universe%3AMilio,WIKI_UNIVERSE,OFFICIAL_COMMUNITY_REFERENCE,P1,UNFETCHED,WIKI_UNIVERSE,TRUE,1-2 req/sec max; cache responses,,Use primary Riot text as highest-priority evidence; Wiki should point back to underlying Riot sources.
src:wiki-data:milio,char:milio,CHAMPION,https://wiki.leagueoflegends.com/en-us/Template%3AData_Milio,WIKI_REFERENCE,OFFICIAL_COMMUNITY_REFERENCE,P2,UNFETCHED,WIKI_UNIVERSE,TRUE,1-2 req/sec max; cache responses,,Use primary Riot text as highest-priority evidence; Wiki should point back to underlying Riot sources.
src:ddragon:milio,char:milio,CHAMPION,https://ddragon.leagueoflegends.com/cdn/16.18.1/data/en_US/champion/Milio.json,DATA_DRAGON,PRIMARY_OFFICIAL_STATIC,P0,UNFETCHED,GENERIC,TRUE,1-2 req/sec max; cache responses,,Use primary Riot text as highest-priority evidence; Wiki should point back to underlying Riot sources.
src:riot-bio:miss-fortune,char:miss-fortune,CHAMPION,https://www.leagueoflegends.com/en-us/champions/miss-fortune/,CHAMPION_BIO,PRIMARY_OFFICIAL,P0,UNFETCHED,RIOT_CHAMPION,TRUE,1-2 req/sec max; cache responses,,Use primary Riot text as highest-priority evidence; Wiki should point back to underlying Riot sources.
src:wiki-universe:miss-fortune,char:miss-fortune,CHAMPION,https://wiki.leagueoflegends.com/en-us/Universe%3AMiss_Fortune,WIKI_UNIVERSE,OFFICIAL_COMMUNITY_REFERENCE,P1,UNFETCHED,WIKI_UNIVERSE,TRUE,1-2 req/sec max; cache responses,,Use primary Riot text as highest-priority evidence; Wiki should point back to underlying Riot sources.
src:wiki-data:miss-fortune,char:miss-fortune,CHAMPION,https://wiki.leagueoflegends.com/en-us/Template%3AData_Miss_Fortune,WIKI_REFERENCE,OFFICIAL_COMMUNITY_REFERENCE,P2,UNFETCHED,WIKI_UNIVERSE,TRUE,1-2 req/sec max; cache responses,,Use primary Riot text as highest-priority evidence; Wiki should point back to underlying Riot sources.
src:ddragon:miss-fortune,char:miss-fortune,CHAMPION,https://ddragon.leagueoflegends.com/cdn/16.18.1/data/en_US/champion/MissFortune.json,DATA_DRAGON,PRIMARY_OFFICIAL_STATIC,P0,UNFETCHED,GENERIC,TRUE,1-2 req/sec max; cache responses,,Use primary Riot text as highest-priority evidence; Wiki should point back to underlying Riot sources.
src:riot-bio:mordekaiser,char:mordekaiser,CHAMPION,https://www.leagueoflegends.com/en-us/champions/mordekaiser/,CHAMPION_BIO,PRIMARY_OFFICIAL,P0,UNFETCHED,RIOT_CHAMPION,TRUE,1-2 req/sec max; cache responses,,Use primary Riot text as highest-priority evidence; Wiki should point back to underlying Riot sources.
src:wiki-universe:mordekaiser,char:mordekaiser,CHAMPION,https://wiki.leagueoflegends.com/en-us/Universe%3AMordekaiser,WIKI_UNIVERSE,OFFICIAL_COMMUNITY_REFERENCE,P1,UNFETCHED,WIKI_UNIVERSE,TRUE,1-2 req/sec max; cache responses,,Use primary Riot text as highest-priority evidence; Wiki should point back to underlying Riot sources.
src:wiki-data:mordekaiser,char:mordekaiser,CHAMPION,https://wiki.leagueoflegends.com/en-us/Template%3AData_Mordekaiser,WIKI_REFERENCE,OFFICIAL_COMMUNITY_REFERENCE,P2,UNFETCHED,WIKI_UNIVERSE,TRUE,1-2 req/sec max; cache responses,,Use primary Riot text as highest-priority evidence; Wiki should point back to underlying Riot sources.
src:ddragon:mordekaiser,char:mordekaiser,CHAMPION,https://ddragon.leagueoflegends.com/cdn/16.18.1/data/en_US/champion/Mordekaiser.json,DATA_DRAGON,PRIMARY_OFFICIAL_STATIC,P0,UNFETCHED,GENERIC,TRUE,1-2 req/sec max; cache responses,,Use primary Riot text as highest-priority evidence; Wiki should point back to underlying Riot sources.
src:riot-bio:morgana,char:morgana,CHAMPION,https://www.leagueoflegends.com/en-us/champions/morgana/,CHAMPION_BIO,PRIMARY_OFFICIAL,P0,UNFETCHED,RIOT_CHAMPION,TRUE,1-2 req/sec max; cache responses,,Use primary Riot text as highest-priority evidence; Wiki should point back to underlying Riot sources.
src:wiki-universe:morgana,char:morgana,CHAMPION,https://wiki.leagueoflegends.com/en-us/Universe%3AMorgana,WIKI_UNIVERSE,OFFICIAL_COMMUNITY_REFERENCE,P1,UNFETCHED,WIKI_UNIVERSE,TRUE,1-2 req/sec max; cache responses,,Use primary Riot text as highest-priority evidence; Wiki should point back to underlying Riot sources.
src:wiki-data:morgana,char:morgana,CHAMPION,https://wiki.leagueoflegends.com/en-us/Template%3AData_Morgana,WIKI_REFERENCE,OFFICIAL_COMMUNITY_REFERENCE,P2,UNFETCHED,WIKI_UNIVERSE,TRUE,1-2 req/sec max; cache responses,,Use primary Riot text as highest-priority evidence; Wiki should point back to underlying Riot sources.
src:ddragon:morgana,char:morgana,CHAMPION,https://ddragon.leagueoflegends.com/cdn/16.18.1/data/en_US/champion/Morgana.json,DATA_DRAGON,PRIMARY_OFFICIAL_STATIC,P0,UNFETCHED,GENERIC,TRUE,1-2 req/sec max; cache responses,,Use primary Riot text as highest-priority evidence; Wiki should point back to underlying Riot sources.
src:riot-bio:naafiri,char:naafiri,CHAMPION,https://www.leagueoflegends.com/en-us/champions/naafiri/,CHAMPION_BIO,PRIMARY_OFFICIAL,P0,UNFETCHED,RIOT_CHAMPION,TRUE,1-2 req/sec max; cache responses,,Use primary Riot text as highest-priority evidence; Wiki should point back to underlying Riot sources.
src:wiki-universe:naafiri,char:naafiri,CHAMPION,https://wiki.leagueoflegends.com/en-us/Universe%3ANaafiri,WIKI_UNIVERSE,OFFICIAL_COMMUNITY_REFERENCE,P1,UNFETCHED,WIKI_UNIVERSE,TRUE,1-2 req/sec max; cache responses,,Use primary Riot text as highest-priority evidence; Wiki should point back to underlying Riot sources.
src:wiki-data:naafiri,char:naafiri,CHAMPION,https://wiki.leagueoflegends.com/en-us/Template%3AData_Naafiri,WIKI_REFERENCE,OFFICIAL_COMMUNITY_REFERENCE,P2,UNFETCHED,WIKI_UNIVERSE,TRUE,1-2 req/sec max; cache responses,,Use primary Riot text as highest-priority evidence; Wiki should point back to underlying Riot sources.
src:ddragon:naafiri,char:naafiri,CHAMPION,https://ddragon.leagueoflegends.com/cdn/16.18.1/data/en_US/champion/Naafiri.json,DATA_DRAGON,PRIMARY_OFFICIAL_STATIC,P0,UNFETCHED,GENERIC,TRUE,1-2 req/sec max; cache responses,,Use primary Riot text as highest-priority evidence; Wiki should point back to underlying Riot sources.
src:riot-bio:nami,char:nami,CHAMPION,https://www.leagueoflegends.com/en-us/champions/nami/,CHAMPION_BIO,PRIMARY_OFFICIAL,P0,UNFETCHED,RIOT_CHAMPION,TRUE,1-2 req/sec max; cache responses,,Use primary Riot text as highest-priority evidence; Wiki should point back to underlying Riot sources.
src:wiki-universe:nami,char:nami,CHAMPION,https://wiki.leagueoflegends.com/en-us/Universe%3ANami,WIKI_UNIVERSE,OFFICIAL_COMMUNITY_REFERENCE,P1,UNFETCHED,WIKI_UNIVERSE,TRUE,1-2 req/sec max; cache responses,,Use primary Riot text as highest-priority evidence; Wiki should point back to underlying Riot sources.
src:wiki-data:nami,char:nami,CHAMPION,https://wiki.leagueoflegends.com/en-us/Template%3AData_Nami,WIKI_REFERENCE,OFFICIAL_COMMUNITY_REFERENCE,P2,UNFETCHED,WIKI_UNIVERSE,TRUE,1-2 req/sec max; cache responses,,Use primary Riot text as highest-priority evidence; Wiki should point back to underlying Riot sources.
src:ddragon:nami,char:nami,CHAMPION,https://ddragon.leagueoflegends.com/cdn/16.18.1/data/en_US/champion/Nami.json,DATA_DRAGON,PRIMARY_OFFICIAL_STATIC,P0,UNFETCHED,GENERIC,TRUE,1-2 req/sec max; cache responses,,Use primary Riot text as highest-priority evidence; Wiki should point back to underlying Riot sources.
src:riot-bio:nasus,char:nasus,CHAMPION,https://www.leagueoflegends.com/en-us/champions/nasus/,CHAMPION_BIO,PRIMARY_OFFICIAL,P0,UNFETCHED,RIOT_CHAMPION,TRUE,1-2 req/sec max; cache responses,,Use primary Riot text as highest-priority evidence; Wiki should point back to underlying Riot sources.
src:wiki-universe:nasus,char:nasus,CHAMPION,https://wiki.leagueoflegends.com/en-us/Universe%3ANasus,WIKI_UNIVERSE,OFFICIAL_COMMUNITY_REFERENCE,P1,UNFETCHED,WIKI_UNIVERSE,TRUE,1-2 req/sec max; cache responses,,Use primary Riot text as highest-priority evidence; Wiki should point back to underlying Riot sources.
src:wiki-data:nasus,char:nasus,CHAMPION,https://wiki.leagueoflegends.com/en-us/Template%3AData_Nasus,WIKI_REFERENCE,OFFICIAL_COMMUNITY_REFERENCE,P2,UNFETCHED,WIKI_UNIVERSE,TRUE,1-2 req/sec max; cache responses,,Use primary Riot text as highest-priority evidence; Wiki should point back to underlying Riot sources.
src:ddragon:nasus,char:nasus,CHAMPION,https://ddragon.leagueoflegends.com/cdn/16.18.1/data/en_US/champion/Nasus.json,DATA_DRAGON,PRIMARY_OFFICIAL_STATIC,P0,UNFETCHED,GENERIC,TRUE,1-2 req/sec max; cache responses,,Use primary Riot text as highest-priority evidence; Wiki should point back to underlying Riot sources.
src:riot-bio:nautilus,char:nautilus,CHAMPION,https://www.leagueoflegends.com/en-us/champions/nautilus/,CHAMPION_BIO,PRIMARY_OFFICIAL,P0,UNFETCHED,RIOT_CHAMPION,TRUE,1-2 req/sec max; cache responses,,Use primary Riot text as highest-priority evidence; Wiki should point back to underlying Riot sources.
src:wiki-universe:nautilus,char:nautilus,CHAMPION,https://wiki.leagueoflegends.com/en-us/Universe%3ANautilus,WIKI_UNIVERSE,OFFICIAL_COMMUNITY_REFERENCE,P1,UNFETCHED,WIKI_UNIVERSE,TRUE,1-2 req/sec max; cache responses,,Use primary Riot text as highest-priority evidence; Wiki should point back to underlying Riot sources.
src:wiki-data:nautilus,char:nautilus,CHAMPION,https://wiki.leagueoflegends.com/en-us/Template%3AData_Nautilus,WIKI_REFERENCE,OFFICIAL_COMMUNITY_REFERENCE,P2,UNFETCHED,WIKI_UNIVERSE,TRUE,1-2 req/sec max; cache responses,,Use primary Riot text as highest-priority evidence; Wiki should point back to underlying Riot sources.
src:ddragon:nautilus,char:nautilus,CHAMPION,https://ddragon.leagueoflegends.com/cdn/16.18.1/data/en_US/champion/Nautilus.json,DATA_DRAGON,PRIMARY_OFFICIAL_STATIC,P0,UNFETCHED,GENERIC,TRUE,1-2 req/sec max; cache responses,,Use primary Riot text as highest-priority evidence; Wiki should point back to underlying Riot sources.
src:riot-bio:neeko,char:neeko,CHAMPION,https://www.leagueoflegends.com/en-us/champions/neeko/,CHAMPION_BIO,PRIMARY_OFFICIAL,P0,UNFETCHED,RIOT_CHAMPION,TRUE,1-2 req/sec max; cache responses,,Use primary Riot text as highest-priority evidence; Wiki should point back to underlying Riot sources.
src:wiki-universe:neeko,char:neeko,CHAMPION,https://wiki.leagueoflegends.com/en-us/Universe%3ANeeko,WIKI_UNIVERSE,OFFICIAL_COMMUNITY_REFERENCE,P1,UNFETCHED,WIKI_UNIVERSE,TRUE,1-2 req/sec max; cache responses,,Use primary Riot text as highest-priority evidence; Wiki should point back to underlying Riot sources.
src:wiki-data:neeko,char:neeko,CHAMPION,https://wiki.leagueoflegends.com/en-us/Template%3AData_Neeko,WIKI_REFERENCE,OFFICIAL_COMMUNITY_REFERENCE,P2,UNFETCHED,WIKI_UNIVERSE,TRUE,1-2 req/sec max; cache responses,,Use primary Riot text as highest-priority evidence; Wiki should point back to underlying Riot sources.
src:ddragon:neeko,char:neeko,CHAMPION,https://ddragon.leagueoflegends.com/cdn/16.18.1/data/en_US/champion/Neeko.json,DATA_DRAGON,PRIMARY_OFFICIAL_STATIC,P0,UNFETCHED,GENERIC,TRUE,1-2 req/sec max; cache responses,,Use primary Riot text as highest-priority evidence; Wiki should point back to underlying Riot sources.
src:riot-bio:nidalee,char:nidalee,CHAMPION,https://www.leagueoflegends.com/en-us/champions/nidalee/,CHAMPION_BIO,PRIMARY_OFFICIAL,P0,UNFETCHED,RIOT_CHAMPION,TRUE,1-2 req/sec max; cache responses,,Use primary Riot text as highest-priority evidence; Wiki should point back to underlying Riot sources.
src:wiki-universe:nidalee,char:nidalee,CHAMPION,https://wiki.leagueoflegends.com/en-us/Universe%3ANidalee,WIKI_UNIVERSE,OFFICIAL_COMMUNITY_REFERENCE,P1,UNFETCHED,WIKI_UNIVERSE,TRUE,1-2 req/sec max; cache responses,,Use primary Riot text as highest-priority evidence; Wiki should point back to underlying Riot sources.
src:wiki-data:nidalee,char:nidalee,CHAMPION,https://wiki.leagueoflegends.com/en-us/Template%3AData_Nidalee,WIKI_REFERENCE,OFFICIAL_COMMUNITY_REFERENCE,P2,UNFETCHED,WIKI_UNIVERSE,TRUE,1-2 req/sec max; cache responses,,Use primary Riot text as highest-priority evidence; Wiki should point back to underlying Riot sources.
src:ddragon:nidalee,char:nidalee,CHAMPION,https://ddragon.leagueoflegends.com/cdn/16.18.1/data/en_US/champion/Nidalee.json,DATA_DRAGON,PRIMARY_OFFICIAL_STATIC,P0,UNFETCHED,GENERIC,TRUE,1-2 req/sec max; cache responses,,Use primary Riot text as highest-priority evidence; Wiki should point back to underlying Riot sources.
src:riot-bio:nilah,char:nilah,CHAMPION,https://www.leagueoflegends.com/en-us/champions/nilah/,CHAMPION_BIO,PRIMARY_OFFICIAL,P0,UNFETCHED,RIOT_CHAMPION,TRUE,1-2 req/sec max; cache responses,,Use primary Riot text as highest-priority evidence; Wiki should point back to underlying Riot sources.
src:wiki-universe:nilah,char:nilah,CHAMPION,https://wiki.leagueoflegends.com/en-us/Universe%3ANilah,WIKI_UNIVERSE,OFFICIAL_COMMUNITY_REFERENCE,P1,UNFETCHED,WIKI_UNIVERSE,TRUE,1-2 req/sec max; cache responses,,Use primary Riot text as highest-priority evidence; Wiki should point back to underlying Riot sources.
src:wiki-data:nilah,char:nilah,CHAMPION,https://wiki.leagueoflegends.com/en-us/Template%3AData_Nilah,WIKI_REFERENCE,OFFICIAL_COMMUNITY_REFERENCE,P2,UNFETCHED,WIKI_UNIVERSE,TRUE,1-2 req/sec max; cache responses,,Use primary Riot text as highest-priority evidence; Wiki should point back to underlying Riot sources.
src:ddragon:nilah,char:nilah,CHAMPION,https://ddragon.leagueoflegends.com/cdn/16.18.1/data/en_US/champion/Nilah.json,DATA_DRAGON,PRIMARY_OFFICIAL_STATIC,P0,UNFETCHED,GENERIC,TRUE,1-2 req/sec max; cache responses,,Use primary Riot text as highest-priority evidence; Wiki should point back to underlying Riot sources.
src:riot-bio:nocturne,char:nocturne,CHAMPION,https://www.leagueoflegends.com/en-us/champions/nocturne/,CHAMPION_BIO,PRIMARY_OFFICIAL,P0,UNFETCHED,RIOT_CHAMPION,TRUE,1-2 req/sec max; cache responses,,Use primary Riot text as highest-priority evidence; Wiki should point back to underlying Riot sources.
src:wiki-universe:nocturne,char:nocturne,CHAMPION,https://wiki.leagueoflegends.com/en-us/Universe%3ANocturne,WIKI_UNIVERSE,OFFICIAL_COMMUNITY_REFERENCE,P1,UNFETCHED,WIKI_UNIVERSE,TRUE,1-2 req/sec max; cache responses,,Use primary Riot text as highest-priority evidence; Wiki should point back to underlying Riot sources.
src:wiki-data:nocturne,char:nocturne,CHAMPION,https://wiki.leagueoflegends.com/en-us/Template%3AData_Nocturne,WIKI_REFERENCE,OFFICIAL_COMMUNITY_REFERENCE,P2,UNFETCHED,WIKI_UNIVERSE,TRUE,1-2 req/sec max; cache responses,,Use primary Riot text as highest-priority evidence; Wiki should point back to underlying Riot sources.
src:ddragon:nocturne,char:nocturne,CHAMPION,https://ddragon.leagueoflegends.com/cdn/16.18.1/data/en_US/champion/Nocturne.json,DATA_DRAGON,PRIMARY_OFFICIAL_STATIC,P0,UNFETCHED,GENERIC,TRUE,1-2 req/sec max; cache responses,,Use primary Riot text as highest-priority evidence; Wiki should point back to underlying Riot sources.
src:riot-bio:nunu,char:nunu,CHAMPION,https://www.leagueoflegends.com/en-us/champions/nunu/,CHAMPION_BIO,PRIMARY_OFFICIAL,P0,UNFETCHED,RIOT_CHAMPION,TRUE,1-2 req/sec max; cache responses,,Use primary Riot text as highest-priority evidence; Wiki should point back to underlying Riot sources.
src:wiki-universe:nunu,char:nunu,CHAMPION,https://wiki.leagueoflegends.com/en-us/Universe%3ANunu_%26_Willump,WIKI_UNIVERSE,OFFICIAL_COMMUNITY_REFERENCE,P1,UNFETCHED,WIKI_UNIVERSE,TRUE,1-2 req/sec max; cache responses,,Use primary Riot text as highest-priority evidence; Wiki should point back to underlying Riot sources.
src:wiki-data:nunu,char:nunu,CHAMPION,https://wiki.leagueoflegends.com/en-us/Template%3AData_Nunu_%26_Willump,WIKI_REFERENCE,OFFICIAL_COMMUNITY_REFERENCE,P2,UNFETCHED,WIKI_UNIVERSE,TRUE,1-2 req/sec max; cache responses,,Use primary Riot text as highest-priority evidence; Wiki should point back to underlying Riot sources.
src:ddragon:nunu,char:nunu,CHAMPION,https://ddragon.leagueoflegends.com/cdn/16.18.1/data/en_US/champion/Nunu.json,DATA_DRAGON,PRIMARY_OFFICIAL_STATIC,P0,UNFETCHED,GENERIC,TRUE,1-2 req/sec max; cache responses,,Use primary Riot text as highest-priority evidence; Wiki should point back to underlying Riot sources.
src:riot-bio:olaf,char:olaf,CHAMPION,https://www.leagueoflegends.com/en-us/champions/olaf/,CHAMPION_BIO,PRIMARY_OFFICIAL,P0,UNFETCHED,RIOT_CHAMPION,TRUE,1-2 req/sec max; cache responses,,Use primary Riot text as highest-priority evidence; Wiki should point back to underlying Riot sources.
src:wiki-universe:olaf,char:olaf,CHAMPION,https://wiki.leagueoflegends.com/en-us/Universe%3AOlaf,WIKI_UNIVERSE,OFFICIAL_COMMUNITY_REFERENCE,P1,UNFETCHED,WIKI_UNIVERSE,TRUE,1-2 req/sec max; cache responses,,Use primary Riot text as highest-priority evidence; Wiki should point back to underlying Riot sources.
src:wiki-data:olaf,char:olaf,CHAMPION,https://wiki.leagueoflegends.com/en-us/Template%3AData_Olaf,WIKI_REFERENCE,OFFICIAL_COMMUNITY_REFERENCE,P2,UNFETCHED,WIKI_UNIVERSE,TRUE,1-2 req/sec max; cache responses,,Use primary Riot text as highest-priority evidence; Wiki should point back to underlying Riot sources.
src:ddragon:olaf,char:olaf,CHAMPION,https://ddragon.leagueoflegends.com/cdn/16.18.1/data/en_US/champion/Olaf.json,DATA_DRAGON,PRIMARY_OFFICIAL_STATIC,P0,UNFETCHED,GENERIC,TRUE,1-2 req/sec max; cache responses,,Use primary Riot text as highest-priority evidence; Wiki should point back to underlying Riot sources.
src:riot-bio:orianna,char:orianna,CHAMPION,https://www.leagueoflegends.com/en-us/champions/orianna/,CHAMPION_BIO,PRIMARY_OFFICIAL,P0,UNFETCHED,RIOT_CHAMPION,TRUE,1-2 req/sec max; cache responses,,Use primary Riot text as highest-priority evidence; Wiki should point back to underlying Riot sources.
src:wiki-universe:orianna,char:orianna,CHAMPION,https://wiki.leagueoflegends.com/en-us/Universe%3AOrianna,WIKI_UNIVERSE,OFFICIAL_COMMUNITY_REFERENCE,P1,UNFETCHED,WIKI_UNIVERSE,TRUE,1-2 req/sec max; cache responses,,Use primary Riot text as highest-priority evidence; Wiki should point back to underlying Riot sources.
src:wiki-data:orianna,char:orianna,CHAMPION,https://wiki.leagueoflegends.com/en-us/Template%3AData_Orianna,WIKI_REFERENCE,OFFICIAL_COMMUNITY_REFERENCE,P2,UNFETCHED,WIKI_UNIVERSE,TRUE,1-2 req/sec max; cache responses,,Use primary Riot text as highest-priority evidence; Wiki should point back to underlying Riot sources.
src:ddragon:orianna,char:orianna,CHAMPION,https://ddragon.leagueoflegends.com/cdn/16.18.1/data/en_US/champion/Orianna.json,DATA_DRAGON,PRIMARY_OFFICIAL_STATIC,P0,UNFETCHED,GENERIC,TRUE,1-2 req/sec max; cache responses,,Use primary Riot text as highest-priority evidence; Wiki should point back to underlying Riot sources.
src:riot-bio:ornn,char:ornn,CHAMPION,https://www.leagueoflegends.com/en-us/champions/ornn/,CHAMPION_BIO,PRIMARY_OFFICIAL,P0,UNFETCHED,RIOT_CHAMPION,TRUE,1-2 req/sec max; cache responses,,Use primary Riot text as highest-priority evidence; Wiki should point back to underlying Riot sources.
src:wiki-universe:ornn,char:ornn,CHAMPION,https://wiki.leagueoflegends.com/en-us/Universe%3AOrnn,WIKI_UNIVERSE,OFFICIAL_COMMUNITY_REFERENCE,P1,UNFETCHED,WIKI_UNIVERSE,TRUE,1-2 req/sec max; cache responses,,Use primary Riot text as highest-priority evidence; Wiki should point back to underlying Riot sources.
src:wiki-data:ornn,char:ornn,CHAMPION,https://wiki.leagueoflegends.com/en-us/Template%3AData_Ornn,WIKI_REFERENCE,OFFICIAL_COMMUNITY_REFERENCE,P2,UNFETCHED,WIKI_UNIVERSE,TRUE,1-2 req/sec max; cache responses,,Use primary Riot text as highest-priority evidence; Wiki should point back to underlying Riot sources.
src:ddragon:ornn,char:ornn,CHAMPION,https://ddragon.leagueoflegends.com/cdn/16.18.1/data/en_US/champion/Ornn.json,DATA_DRAGON,PRIMARY_OFFICIAL_STATIC,P0,UNFETCHED,GENERIC,TRUE,1-2 req/sec max; cache responses,,Use primary Riot text as highest-priority evidence; Wiki should point back to underlying Riot sources.
src:riot-bio:pantheon,char:pantheon,CHAMPION,https://www.leagueoflegends.com/en-us/champions/pantheon/,CHAMPION_BIO,PRIMARY_OFFICIAL,P0,UNFETCHED,RIOT_CHAMPION,TRUE,1-2 req/sec max; cache responses,,Use primary Riot text as highest-priority evidence; Wiki should point back to underlying Riot sources.
src:wiki-universe:pantheon,char:pantheon,CHAMPION,https://wiki.leagueoflegends.com/en-us/Universe%3APantheon,WIKI_UNIVERSE,OFFICIAL_COMMUNITY_REFERENCE,P1,UNFETCHED,WIKI_UNIVERSE,TRUE,1-2 req/sec max; cache responses,,Use primary Riot text as highest-priority evidence; Wiki should point back to underlying Riot sources.
src:wiki-data:pantheon,char:pantheon,CHAMPION,https://wiki.leagueoflegends.com/en-us/Template%3AData_Pantheon,WIKI_REFERENCE,OFFICIAL_COMMUNITY_REFERENCE,P2,UNFETCHED,WIKI_UNIVERSE,TRUE,1-2 req/sec max; cache responses,,Use primary Riot text as highest-priority evidence; Wiki should point back to underlying Riot sources.
src:ddragon:pantheon,char:pantheon,CHAMPION,https://ddragon.leagueoflegends.com/cdn/16.18.1/data/en_US/champion/Pantheon.json,DATA_DRAGON,PRIMARY_OFFICIAL_STATIC,P0,UNFETCHED,GENERIC,TRUE,1-2 req/sec max; cache responses,,Use primary Riot text as highest-priority evidence; Wiki should point back to underlying Riot sources.
src:riot-bio:poppy,char:poppy,CHAMPION,https://www.leagueoflegends.com/en-us/champions/poppy/,CHAMPION_BIO,PRIMARY_OFFICIAL,P0,UNFETCHED,RIOT_CHAMPION,TRUE,1-2 req/sec max; cache responses,,Use primary Riot text as highest-priority evidence; Wiki should point back to underlying Riot sources.
src:wiki-universe:poppy,char:poppy,CHAMPION,https://wiki.leagueoflegends.com/en-us/Universe%3APoppy,WIKI_UNIVERSE,OFFICIAL_COMMUNITY_REFERENCE,P1,UNFETCHED,WIKI_UNIVERSE,TRUE,1-2 req/sec max; cache responses,,Use primary Riot text as highest-priority evidence; Wiki should point back to underlying Riot sources.
src:wiki-data:poppy,char:poppy,CHAMPION,https://wiki.leagueoflegends.com/en-us/Template%3AData_Poppy,WIKI_REFERENCE,OFFICIAL_COMMUNITY_REFERENCE,P2,UNFETCHED,WIKI_UNIVERSE,TRUE,1-2 req/sec max; cache responses,,Use primary Riot text as highest-priority evidence; Wiki should point back to underlying Riot sources.
src:ddragon:poppy,char:poppy,CHAMPION,https://ddragon.leagueoflegends.com/cdn/16.18.1/data/en_US/champion/Poppy.json,DATA_DRAGON,PRIMARY_OFFICIAL_STATIC,P0,UNFETCHED,GENERIC,TRUE,1-2 req/sec max; cache responses,,Use primary Riot text as highest-priority evidence; Wiki should point back to underlying Riot sources.
src:riot-bio:pyke,char:pyke,CHAMPION,https://www.leagueoflegends.com/en-us/champions/pyke/,CHAMPION_BIO,PRIMARY_OFFICIAL,P0,UNFETCHED,RIOT_CHAMPION,TRUE,1-2 req/sec max; cache responses,,Use primary Riot text as highest-priority evidence; Wiki should point back to underlying Riot sources.
src:wiki-universe:pyke,char:pyke,CHAMPION,https://wiki.leagueoflegends.com/en-us/Universe%3APyke,WIKI_UNIVERSE,OFFICIAL_COMMUNITY_REFERENCE,P1,UNFETCHED,WIKI_UNIVERSE,TRUE,1-2 req/sec max; cache responses,,Use primary Riot text as highest-priority evidence; Wiki should point back to underlying Riot sources.
src:wiki-data:pyke,char:pyke,CHAMPION,https://wiki.leagueoflegends.com/en-us/Template%3AData_Pyke,WIKI_REFERENCE,OFFICIAL_COMMUNITY_REFERENCE,P2,UNFETCHED,WIKI_UNIVERSE,TRUE,1-2 req/sec max; cache responses,,Use primary Riot text as highest-priority evidence; Wiki should point back to underlying Riot sources.
src:ddragon:pyke,char:pyke,CHAMPION,https://ddragon.leagueoflegends.com/cdn/16.18.1/data/en_US/champion/Pyke.json,DATA_DRAGON,PRIMARY_OFFICIAL_STATIC,P0,UNFETCHED,GENERIC,TRUE,1-2 req/sec max; cache responses,,Use primary Riot text as highest-priority evidence; Wiki should point back to underlying Riot sources.
src:riot-bio:qiyana,char:qiyana,CHAMPION,https://www.leagueoflegends.com/en-us/champions/qiyana/,CHAMPION_BIO,PRIMARY_OFFICIAL,P0,UNFETCHED,RIOT_CHAMPION,TRUE,1-2 req/sec max; cache responses,,Use primary Riot text as highest-priority evidence; Wiki should point back to underlying Riot sources.
src:wiki-universe:qiyana,char:qiyana,CHAMPION,https://wiki.leagueoflegends.com/en-us/Universe%3AQiyana,WIKI_UNIVERSE,OFFICIAL_COMMUNITY_REFERENCE,P1,UNFETCHED,WIKI_UNIVERSE,TRUE,1-2 req/sec max; cache responses,,Use primary Riot text as highest-priority evidence; Wiki should point back to underlying Riot sources.
src:wiki-data:qiyana,char:qiyana,CHAMPION,https://wiki.leagueoflegends.com/en-us/Template%3AData_Qiyana,WIKI_REFERENCE,OFFICIAL_COMMUNITY_REFERENCE,P2,UNFETCHED,WIKI_UNIVERSE,TRUE,1-2 req/sec max; cache responses,,Use primary Riot text as highest-priority evidence; Wiki should point back to underlying Riot sources.
src:ddragon:qiyana,char:qiyana,CHAMPION,https://ddragon.leagueoflegends.com/cdn/16.18.1/data/en_US/champion/Qiyana.json,DATA_DRAGON,PRIMARY_OFFICIAL_STATIC,P0,UNFETCHED,GENERIC,TRUE,1-2 req/sec max; cache responses,,Use primary Riot text as highest-priority evidence; Wiki should point back to underlying Riot sources.
src:riot-bio:quinn,char:quinn,CHAMPION,https://www.leagueoflegends.com/en-us/champions/quinn/,CHAMPION_BIO,PRIMARY_OFFICIAL,P0,UNFETCHED,RIOT_CHAMPION,TRUE,1-2 req/sec max; cache responses,,Use primary Riot text as highest-priority evidence; Wiki should point back to underlying Riot sources.
src:wiki-universe:quinn,char:quinn,CHAMPION,https://wiki.leagueoflegends.com/en-us/Universe%3AQuinn,WIKI_UNIVERSE,OFFICIAL_COMMUNITY_REFERENCE,P1,UNFETCHED,WIKI_UNIVERSE,TRUE,1-2 req/sec max; cache responses,,Use primary Riot text as highest-priority evidence; Wiki should point back to underlying Riot sources.
src:wiki-data:quinn,char:quinn,CHAMPION,https://wiki.leagueoflegends.com/en-us/Template%3AData_Quinn,WIKI_REFERENCE,OFFICIAL_COMMUNITY_REFERENCE,P2,UNFETCHED,WIKI_UNIVERSE,TRUE,1-2 req/sec max; cache responses,,Use primary Riot text as highest-priority evidence; Wiki should point back to underlying Riot sources.
src:ddragon:quinn,char:quinn,CHAMPION,https://ddragon.leagueoflegends.com/cdn/16.18.1/data/en_US/champion/Quinn.json,DATA_DRAGON,PRIMARY_OFFICIAL_STATIC,P0,UNFETCHED,GENERIC,TRUE,1-2 req/sec max; cache responses,,Use primary Riot text as highest-priority evidence; Wiki should point back to underlying Riot sources.
src:riot-bio:rakan,char:rakan,CHAMPION,https://www.leagueoflegends.com/en-us/champions/rakan/,CHAMPION_BIO,PRIMARY_OFFICIAL,P0,UNFETCHED,RIOT_CHAMPION,TRUE,1-2 req/sec max; cache responses,,Use primary Riot text as highest-priority evidence; Wiki should point back to underlying Riot sources.
src:wiki-universe:rakan,char:rakan,CHAMPION,https://wiki.leagueoflegends.com/en-us/Universe%3ARakan,WIKI_UNIVERSE,OFFICIAL_COMMUNITY_REFERENCE,P1,UNFETCHED,WIKI_UNIVERSE,TRUE,1-2 req/sec max; cache responses,,Use primary Riot text as highest-priority evidence; Wiki should point back to underlying Riot sources.
src:wiki-data:rakan,char:rakan,CHAMPION,https://wiki.leagueoflegends.com/en-us/Template%3AData_Rakan,WIKI_REFERENCE,OFFICIAL_COMMUNITY_REFERENCE,P2,UNFETCHED,WIKI_UNIVERSE,TRUE,1-2 req/sec max; cache responses,,Use primary Riot text as highest-priority evidence; Wiki should point back to underlying Riot sources.
src:ddragon:rakan,char:rakan,CHAMPION,https://ddragon.leagueoflegends.com/cdn/16.18.1/data/en_US/champion/Rakan.json,DATA_DRAGON,PRIMARY_OFFICIAL_STATIC,P0,UNFETCHED,GENERIC,TRUE,1-2 req/sec max; cache responses,,Use primary Riot text as highest-priority evidence; Wiki should point back to underlying Riot sources.
src:riot-bio:rammus,char:rammus,CHAMPION,https://www.leagueoflegends.com/en-us/champions/rammus/,CHAMPION_BIO,PRIMARY_OFFICIAL,P0,UNFETCHED,RIOT_CHAMPION,TRUE,1-2 req/sec max; cache responses,,Use primary Riot text as highest-priority evidence; Wiki should point back to underlying Riot sources.
src:wiki-universe:rammus,char:rammus,CHAMPION,https://wiki.leagueoflegends.com/en-us/Universe%3ARammus,WIKI_UNIVERSE,OFFICIAL_COMMUNITY_REFERENCE,P1,UNFETCHED,WIKI_UNIVERSE,TRUE,1-2 req/sec max; cache responses,,Use primary Riot text as highest-priority evidence; Wiki should point back to underlying Riot sources.
src:wiki-data:rammus,char:rammus,CHAMPION,https://wiki.leagueoflegends.com/en-us/Template%3AData_Rammus,WIKI_REFERENCE,OFFICIAL_COMMUNITY_REFERENCE,P2,UNFETCHED,WIKI_UNIVERSE,TRUE,1-2 req/sec max; cache responses,,Use primary Riot text as highest-priority evidence; Wiki should point back to underlying Riot sources.
src:ddragon:rammus,char:rammus,CHAMPION,https://ddragon.leagueoflegends.com/cdn/16.18.1/data/en_US/champion/Rammus.json,DATA_DRAGON,PRIMARY_OFFICIAL_STATIC,P0,UNFETCHED,GENERIC,TRUE,1-2 req/sec max; cache responses,,Use primary Riot text as highest-priority evidence; Wiki should point back to underlying Riot sources.
src:riot-bio:rek-sai,char:rek-sai,CHAMPION,https://www.leagueoflegends.com/en-us/champions/rek-sai/,CHAMPION_BIO,PRIMARY_OFFICIAL,P0,UNFETCHED,RIOT_CHAMPION,TRUE,1-2 req/sec max; cache responses,,Use primary Riot text as highest-priority evidence; Wiki should point back to underlying Riot sources.
src:wiki-universe:rek-sai,char:rek-sai,CHAMPION,https://wiki.leagueoflegends.com/en-us/Universe%3ARek'Sai,WIKI_UNIVERSE,OFFICIAL_COMMUNITY_REFERENCE,P1,UNFETCHED,WIKI_UNIVERSE,TRUE,1-2 req/sec max; cache responses,,Use primary Riot text as highest-priority evidence; Wiki should point back to underlying Riot sources.
src:wiki-data:rek-sai,char:rek-sai,CHAMPION,https://wiki.leagueoflegends.com/en-us/Template%3AData_Rek'Sai,WIKI_REFERENCE,OFFICIAL_COMMUNITY_REFERENCE,P2,UNFETCHED,WIKI_UNIVERSE,TRUE,1-2 req/sec max; cache responses,,Use primary Riot text as highest-priority evidence; Wiki should point back to underlying Riot sources.
src:ddragon:rek-sai,char:rek-sai,CHAMPION,https://ddragon.leagueoflegends.com/cdn/16.18.1/data/en_US/champion/RekSai.json,DATA_DRAGON,PRIMARY_OFFICIAL_STATIC,P0,UNFETCHED,GENERIC,TRUE,1-2 req/sec max; cache responses,,Use primary Riot text as highest-priority evidence; Wiki should point back to underlying Riot sources.
src:riot-bio:rell,char:rell,CHAMPION,https://www.leagueoflegends.com/en-us/champions/rell/,CHAMPION_BIO,PRIMARY_OFFICIAL,P0,UNFETCHED,RIOT_CHAMPION,TRUE,1-2 req/sec max; cache responses,,Use primary Riot text as highest-priority evidence; Wiki should point back to underlying Riot sources.
src:wiki-universe:rell,char:rell,CHAMPION,https://wiki.leagueoflegends.com/en-us/Universe%3ARell,WIKI_UNIVERSE,OFFICIAL_COMMUNITY_REFERENCE,P1,UNFETCHED,WIKI_UNIVERSE,TRUE,1-2 req/sec max; cache responses,,Use primary Riot text as highest-priority evidence; Wiki should point back to underlying Riot sources.
src:wiki-data:rell,char:rell,CHAMPION,https://wiki.leagueoflegends.com/en-us/Template%3AData_Rell,WIKI_REFERENCE,OFFICIAL_COMMUNITY_REFERENCE,P2,UNFETCHED,WIKI_UNIVERSE,TRUE,1-2 req/sec max; cache responses,,Use primary Riot text as highest-priority evidence; Wiki should point back to underlying Riot sources.
src:ddragon:rell,char:rell,CHAMPION,https://ddragon.leagueoflegends.com/cdn/16.18.1/data/en_US/champion/Rell.json,DATA_DRAGON,PRIMARY_OFFICIAL_STATIC,P0,UNFETCHED,GENERIC,TRUE,1-2 req/sec max; cache responses,,Use primary Riot text as highest-priority evidence; Wiki should point back to underlying Riot sources.
src:riot-bio:renata-glasc,char:renata-glasc,CHAMPION,https://www.leagueoflegends.com/en-us/champions/renata-glasc/,CHAMPION_BIO,PRIMARY_OFFICIAL,P0,UNFETCHED,RIOT_CHAMPION,TRUE,1-2 req/sec max; cache responses,,Use primary Riot text as highest-priority evidence; Wiki should point back to underlying Riot sources.
src:wiki-universe:renata-glasc,char:renata-glasc,CHAMPION,https://wiki.leagueoflegends.com/en-us/Universe%3ARenata_Glasc,WIKI_UNIVERSE,OFFICIAL_COMMUNITY_REFERENCE,P1,UNFETCHED,WIKI_UNIVERSE,TRUE,1-2 req/sec max; cache responses,,Use primary Riot text as highest-priority evidence; Wiki should point back to underlying Riot sources.
src:wiki-data:renata-glasc,char:renata-glasc,CHAMPION,https://wiki.leagueoflegends.com/en-us/Template%3AData_Renata_Glasc,WIKI_REFERENCE,OFFICIAL_COMMUNITY_REFERENCE,P2,UNFETCHED,WIKI_UNIVERSE,TRUE,1-2 req/sec max; cache responses,,Use primary Riot text as highest-priority evidence; Wiki should point back to underlying Riot sources.
src:ddragon:renata-glasc,char:renata-glasc,CHAMPION,https://ddragon.leagueoflegends.com/cdn/16.18.1/data/en_US/champion/Renata.json,DATA_DRAGON,PRIMARY_OFFICIAL_STATIC,P0,UNFETCHED,GENERIC,TRUE,1-2 req/sec max; cache responses,,Use primary Riot text as highest-priority evidence; Wiki should point back to underlying Riot sources.
src:riot-bio:renekton,char:renekton,CHAMPION,https://www.leagueoflegends.com/en-us/champions/renekton/,CHAMPION_BIO,PRIMARY_OFFICIAL,P0,UNFETCHED,RIOT_CHAMPION,TRUE,1-2 req/sec max; cache responses,,Use primary Riot text as highest-priority evidence; Wiki should point back to underlying Riot sources.
src:wiki-universe:renekton,char:renekton,CHAMPION,https://wiki.leagueoflegends.com/en-us/Universe%3ARenekton,WIKI_UNIVERSE,OFFICIAL_COMMUNITY_REFERENCE,P1,UNFETCHED,WIKI_UNIVERSE,TRUE,1-2 req/sec max; cache responses,,Use primary Riot text as highest-priority evidence; Wiki should point back to underlying Riot sources.
src:wiki-data:renekton,char:renekton,CHAMPION,https://wiki.leagueoflegends.com/en-us/Template%3AData_Renekton,WIKI_REFERENCE,OFFICIAL_COMMUNITY_REFERENCE,P2,UNFETCHED,WIKI_UNIVERSE,TRUE,1-2 req/sec max; cache responses,,Use primary Riot text as highest-priority evidence; Wiki should point back to underlying Riot sources.
src:ddragon:renekton,char:renekton,CHAMPION,https://ddragon.leagueoflegends.com/cdn/16.18.1/data/en_US/champion/Renekton.json,DATA_DRAGON,PRIMARY_OFFICIAL_STATIC,P0,UNFETCHED,GENERIC,TRUE,1-2 req/sec max; cache responses,,Use primary Riot text as highest-priority evidence; Wiki should point back to underlying Riot sources.
src:riot-bio:rengar,char:rengar,CHAMPION,https://www.leagueoflegends.com/en-us/champions/rengar/,CHAMPION_BIO,PRIMARY_OFFICIAL,P0,UNFETCHED,RIOT_CHAMPION,TRUE,1-2 req/sec max; cache responses,,Use primary Riot text as highest-priority evidence; Wiki should point back to underlying Riot sources.
src:wiki-universe:rengar,char:rengar,CHAMPION,https://wiki.leagueoflegends.com/en-us/Universe%3ARengar,WIKI_UNIVERSE,OFFICIAL_COMMUNITY_REFERENCE,P1,UNFETCHED,WIKI_UNIVERSE,TRUE,1-2 req/sec max; cache responses,,Use primary Riot text as highest-priority evidence; Wiki should point back to underlying Riot sources.
src:wiki-data:rengar,char:rengar,CHAMPION,https://wiki.leagueoflegends.com/en-us/Template%3AData_Rengar,WIKI_REFERENCE,OFFICIAL_COMMUNITY_REFERENCE,P2,UNFETCHED,WIKI_UNIVERSE,TRUE,1-2 req/sec max; cache responses,,Use primary Riot text as highest-priority evidence; Wiki should point back to underlying Riot sources.
src:ddragon:rengar,char:rengar,CHAMPION,https://ddragon.leagueoflegends.com/cdn/16.18.1/data/en_US/champion/Rengar.json,DATA_DRAGON,PRIMARY_OFFICIAL_STATIC,P0,UNFETCHED,GENERIC,TRUE,1-2 req/sec max; cache responses,,Use primary Riot text as highest-priority evidence; Wiki should point back to underlying Riot sources.
src:riot-bio:riven,char:riven,CHAMPION,https://www.leagueoflegends.com/en-us/champions/riven/,CHAMPION_BIO,PRIMARY_OFFICIAL,P0,UNFETCHED,RIOT_CHAMPION,TRUE,1-2 req/sec max; cache responses,,Use primary Riot text as highest-priority evidence; Wiki should point back to underlying Riot sources.
src:wiki-universe:riven,char:riven,CHAMPION,https://wiki.leagueoflegends.com/en-us/Universe%3ARiven,WIKI_UNIVERSE,OFFICIAL_COMMUNITY_REFERENCE,P1,UNFETCHED,WIKI_UNIVERSE,TRUE,1-2 req/sec max; cache responses,,Use primary Riot text as highest-priority evidence; Wiki should point back to underlying Riot sources.
src:wiki-data:riven,char:riven,CHAMPION,https://wiki.leagueoflegends.com/en-us/Template%3AData_Riven,WIKI_REFERENCE,OFFICIAL_COMMUNITY_REFERENCE,P2,UNFETCHED,WIKI_UNIVERSE,TRUE,1-2 req/sec max; cache responses,,Use primary Riot text as highest-priority evidence; Wiki should point back to underlying Riot sources.
src:ddragon:riven,char:riven,CHAMPION,https://ddragon.leagueoflegends.com/cdn/16.18.1/data/en_US/champion/Riven.json,DATA_DRAGON,PRIMARY_OFFICIAL_STATIC,P0,UNFETCHED,GENERIC,TRUE,1-2 req/sec max; cache responses,,Use primary Riot text as highest-priority evidence; Wiki should point back to underlying Riot sources.
src:riot-bio:rumble,char:rumble,CHAMPION,https://www.leagueoflegends.com/en-us/champions/rumble/,CHAMPION_BIO,PRIMARY_OFFICIAL,P0,UNFETCHED,RIOT_CHAMPION,TRUE,1-2 req/sec max; cache responses,,Use primary Riot text as highest-priority evidence; Wiki should point back to underlying Riot sources.
src:wiki-universe:rumble,char:rumble,CHAMPION,https://wiki.leagueoflegends.com/en-us/Universe%3ARumble,WIKI_UNIVERSE,OFFICIAL_COMMUNITY_REFERENCE,P1,UNFETCHED,WIKI_UNIVERSE,TRUE,1-2 req/sec max; cache responses,,Use primary Riot text as highest-priority evidence; Wiki should point back to underlying Riot sources.
src:wiki-data:rumble,char:rumble,CHAMPION,https://wiki.leagueoflegends.com/en-us/Template%3AData_Rumble,WIKI_REFERENCE,OFFICIAL_COMMUNITY_REFERENCE,P2,UNFETCHED,WIKI_UNIVERSE,TRUE,1-2 req/sec max; cache responses,,Use primary Riot text as highest-priority evidence; Wiki should point back to underlying Riot sources.
src:ddragon:rumble,char:rumble,CHAMPION,https://ddragon.leagueoflegends.com/cdn/16.18.1/data/en_US/champion/Rumble.json,DATA_DRAGON,PRIMARY_OFFICIAL_STATIC,P0,UNFETCHED,GENERIC,TRUE,1-2 req/sec max; cache responses,,Use primary Riot text as highest-priority evidence; Wiki should point back to underlying Riot sources.
src:riot-bio:ryze,char:ryze,CHAMPION,https://www.leagueoflegends.com/en-us/champions/ryze/,CHAMPION_BIO,PRIMARY_OFFICIAL,P0,UNFETCHED,RIOT_CHAMPION,TRUE,1-2 req/sec max; cache responses,,Use primary Riot text as highest-priority evidence; Wiki should point back to underlying Riot sources.
src:wiki-universe:ryze,char:ryze,CHAMPION,https://wiki.leagueoflegends.com/en-us/Universe%3ARyze,WIKI_UNIVERSE,OFFICIAL_COMMUNITY_REFERENCE,P1,UNFETCHED,WIKI_UNIVERSE,TRUE,1-2 req/sec max; cache responses,,Use primary Riot text as highest-priority evidence; Wiki should point back to underlying Riot sources.
src:wiki-data:ryze,char:ryze,CHAMPION,https://wiki.leagueoflegends.com/en-us/Template%3AData_Ryze,WIKI_REFERENCE,OFFICIAL_COMMUNITY_REFERENCE,P2,UNFETCHED,WIKI_UNIVERSE,TRUE,1-2 req/sec max; cache responses,,Use primary Riot text as highest-priority evidence; Wiki should point back to underlying Riot sources.
src:ddragon:ryze,char:ryze,CHAMPION,https://ddragon.leagueoflegends.com/cdn/16.18.1/data/en_US/champion/Ryze.json,DATA_DRAGON,PRIMARY_OFFICIAL_STATIC,P0,UNFETCHED,GENERIC,TRUE,1-2 req/sec max; cache responses,,Use primary Riot text as highest-priority evidence; Wiki should point back to underlying Riot sources.
src:riot-bio:samira,char:samira,CHAMPION,https://www.leagueoflegends.com/en-us/champions/samira/,CHAMPION_BIO,PRIMARY_OFFICIAL,P0,UNFETCHED,RIOT_CHAMPION,TRUE,1-2 req/sec max; cache responses,,Use primary Riot text as highest-priority evidence; Wiki should point back to underlying Riot sources.
src:wiki-universe:samira,char:samira,CHAMPION,https://wiki.leagueoflegends.com/en-us/Universe%3ASamira,WIKI_UNIVERSE,OFFICIAL_COMMUNITY_REFERENCE,P1,UNFETCHED,WIKI_UNIVERSE,TRUE,1-2 req/sec max; cache responses,,Use primary Riot text as highest-priority evidence; Wiki should point back to underlying Riot sources.
src:wiki-data:samira,char:samira,CHAMPION,https://wiki.leagueoflegends.com/en-us/Template%3AData_Samira,WIKI_REFERENCE,OFFICIAL_COMMUNITY_REFERENCE,P2,UNFETCHED,WIKI_UNIVERSE,TRUE,1-2 req/sec max; cache responses,,Use primary Riot text as highest-priority evidence; Wiki should point back to underlying Riot sources.
src:ddragon:samira,char:samira,CHAMPION,https://ddragon.leagueoflegends.com/cdn/16.18.1/data/en_US/champion/Samira.json,DATA_DRAGON,PRIMARY_OFFICIAL_STATIC,P0,UNFETCHED,GENERIC,TRUE,1-2 req/sec max; cache responses,,Use primary Riot text as highest-priority evidence; Wiki should point back to underlying Riot sources.
src:riot-bio:sejuani,char:sejuani,CHAMPION,https://www.leagueoflegends.com/en-us/champions/sejuani/,CHAMPION_BIO,PRIMARY_OFFICIAL,P0,UNFETCHED,RIOT_CHAMPION,TRUE,1-2 req/sec max; cache responses,,Use primary Riot text as highest-priority evidence; Wiki should point back to underlying Riot sources.
src:wiki-universe:sejuani,char:sejuani,CHAMPION,https://wiki.leagueoflegends.com/en-us/Universe%3ASejuani,WIKI_UNIVERSE,OFFICIAL_COMMUNITY_REFERENCE,P1,UNFETCHED,WIKI_UNIVERSE,TRUE,1-2 req/sec max; cache responses,,Use primary Riot text as highest-priority evidence; Wiki should point back to underlying Riot sources.
src:wiki-data:sejuani,char:sejuani,CHAMPION,https://wiki.leagueoflegends.com/en-us/Template%3AData_Sejuani,WIKI_REFERENCE,OFFICIAL_COMMUNITY_REFERENCE,P2,UNFETCHED,WIKI_UNIVERSE,TRUE,1-2 req/sec max; cache responses,,Use primary Riot text as highest-priority evidence; Wiki should point back to underlying Riot sources.
src:ddragon:sejuani,char:sejuani,CHAMPION,https://ddragon.leagueoflegends.com/cdn/16.18.1/data/en_US/champion/Sejuani.json,DATA_DRAGON,PRIMARY_OFFICIAL_STATIC,P0,UNFETCHED,GENERIC,TRUE,1-2 req/sec max; cache responses,,Use primary Riot text as highest-priority evidence; Wiki should point back to underlying Riot sources.
src:riot-bio:senna,char:senna,CHAMPION,https://www.leagueoflegends.com/en-us/champions/senna/,CHAMPION_BIO,PRIMARY_OFFICIAL,P0,UNFETCHED,RIOT_CHAMPION,TRUE,1-2 req/sec max; cache responses,,Use primary Riot text as highest-priority evidence; Wiki should point back to underlying Riot sources.
src:wiki-universe:senna,char:senna,CHAMPION,https://wiki.leagueoflegends.com/en-us/Universe%3ASenna,WIKI_UNIVERSE,OFFICIAL_COMMUNITY_REFERENCE,P1,UNFETCHED,WIKI_UNIVERSE,TRUE,1-2 req/sec max; cache responses,,Use primary Riot text as highest-priority evidence; Wiki should point back to underlying Riot sources.
src:wiki-data:senna,char:senna,CHAMPION,https://wiki.leagueoflegends.com/en-us/Template%3AData_Senna,WIKI_REFERENCE,OFFICIAL_COMMUNITY_REFERENCE,P2,UNFETCHED,WIKI_UNIVERSE,TRUE,1-2 req/sec max; cache responses,,Use primary Riot text as highest-priority evidence; Wiki should point back to underlying Riot sources.
src:ddragon:senna,char:senna,CHAMPION,https://ddragon.leagueoflegends.com/cdn/16.18.1/data/en_US/champion/Senna.json,DATA_DRAGON,PRIMARY_OFFICIAL_STATIC,P0,UNFETCHED,GENERIC,TRUE,1-2 req/sec max; cache responses,,Use primary Riot text as highest-priority evidence; Wiki should point back to underlying Riot sources.
src:riot-bio:seraphine,char:seraphine,CHAMPION,https://www.leagueoflegends.com/en-us/champions/seraphine/,CHAMPION_BIO,PRIMARY_OFFICIAL,P0,UNFETCHED,RIOT_CHAMPION,TRUE,1-2 req/sec max; cache responses,,Use primary Riot text as highest-priority evidence; Wiki should point back to underlying Riot sources.
src:wiki-universe:seraphine,char:seraphine,CHAMPION,https://wiki.leagueoflegends.com/en-us/Universe%3ASeraphine,WIKI_UNIVERSE,OFFICIAL_COMMUNITY_REFERENCE,P1,UNFETCHED,WIKI_UNIVERSE,TRUE,1-2 req/sec max; cache responses,,Use primary Riot text as highest-priority evidence; Wiki should point back to underlying Riot sources.
src:wiki-data:seraphine,char:seraphine,CHAMPION,https://wiki.leagueoflegends.com/en-us/Template%3AData_Seraphine,WIKI_REFERENCE,OFFICIAL_COMMUNITY_REFERENCE,P2,UNFETCHED,WIKI_UNIVERSE,TRUE,1-2 req/sec max; cache responses,,Use primary Riot text as highest-priority evidence; Wiki should point back to underlying Riot sources.
src:ddragon:seraphine,char:seraphine,CHAMPION,https://ddragon.leagueoflegends.com/cdn/16.18.1/data/en_US/champion/Seraphine.json,DATA_DRAGON,PRIMARY_OFFICIAL_STATIC,P0,UNFETCHED,GENERIC,TRUE,1-2 req/sec max; cache responses,,Use primary Riot text as highest-priority evidence; Wiki should point back to underlying Riot sources.
src:riot-bio:sett,char:sett,CHAMPION,https://www.leagueoflegends.com/en-us/champions/sett/,CHAMPION_BIO,PRIMARY_OFFICIAL,P0,UNFETCHED,RIOT_CHAMPION,TRUE,1-2 req/sec max; cache responses,,Use primary Riot text as highest-priority evidence; Wiki should point back to underlying Riot sources.
src:wiki-universe:sett,char:sett,CHAMPION,https://wiki.leagueoflegends.com/en-us/Universe%3ASett,WIKI_UNIVERSE,OFFICIAL_COMMUNITY_REFERENCE,P1,UNFETCHED,WIKI_UNIVERSE,TRUE,1-2 req/sec max; cache responses,,Use primary Riot text as highest-priority evidence; Wiki should point back to underlying Riot sources.
src:wiki-data:sett,char:sett,CHAMPION,https://wiki.leagueoflegends.com/en-us/Template%3AData_Sett,WIKI_REFERENCE,OFFICIAL_COMMUNITY_REFERENCE,P2,UNFETCHED,WIKI_UNIVERSE,TRUE,1-2 req/sec max; cache responses,,Use primary Riot text as highest-priority evidence; Wiki should point back to underlying Riot sources.
src:ddragon:sett,char:sett,CHAMPION,https://ddragon.leagueoflegends.com/cdn/16.18.1/data/en_US/champion/Sett.json,DATA_DRAGON,PRIMARY_OFFICIAL_STATIC,P0,UNFETCHED,GENERIC,TRUE,1-2 req/sec max; cache responses,,Use primary Riot text as highest-priority evidence; Wiki should point back to underlying Riot sources.
src:riot-bio:shaco,char:shaco,CHAMPION,https://www.leagueoflegends.com/en-us/champions/shaco/,CHAMPION_BIO,PRIMARY_OFFICIAL,P0,UNFETCHED,RIOT_CHAMPION,TRUE,1-2 req/sec max; cache responses,,Use primary Riot text as highest-priority evidence; Wiki should point back to underlying Riot sources.
src:wiki-universe:shaco,char:shaco,CHAMPION,https://wiki.leagueoflegends.com/en-us/Universe%3AShaco,WIKI_UNIVERSE,OFFICIAL_COMMUNITY_REFERENCE,P1,UNFETCHED,WIKI_UNIVERSE,TRUE,1-2 req/sec max; cache responses,,Use primary Riot text as highest-priority evidence; Wiki should point back to underlying Riot sources.
src:wiki-data:shaco,char:shaco,CHAMPION,https://wiki.leagueoflegends.com/en-us/Template%3AData_Shaco,WIKI_REFERENCE,OFFICIAL_COMMUNITY_REFERENCE,P2,UNFETCHED,WIKI_UNIVERSE,TRUE,1-2 req/sec max; cache responses,,Use primary Riot text as highest-priority evidence; Wiki should point back to underlying Riot sources.
src:ddragon:shaco,char:shaco,CHAMPION,https://ddragon.leagueoflegends.com/cdn/16.18.1/data/en_US/champion/Shaco.json,DATA_DRAGON,PRIMARY_OFFICIAL_STATIC,P0,UNFETCHED,GENERIC,TRUE,1-2 req/sec max; cache responses,,Use primary Riot text as highest-priority evidence; Wiki should point back to underlying Riot sources.
src:riot-bio:shen,char:shen,CHAMPION,https://www.leagueoflegends.com/en-us/champions/shen/,CHAMPION_BIO,PRIMARY_OFFICIAL,P0,UNFETCHED,RIOT_CHAMPION,TRUE,1-2 req/sec max; cache responses,,Use primary Riot text as highest-priority evidence; Wiki should point back to underlying Riot sources.
src:wiki-universe:shen,char:shen,CHAMPION,https://wiki.leagueoflegends.com/en-us/Universe%3AShen,WIKI_UNIVERSE,OFFICIAL_COMMUNITY_REFERENCE,P1,UNFETCHED,WIKI_UNIVERSE,TRUE,1-2 req/sec max; cache responses,,Use primary Riot text as highest-priority evidence; Wiki should point back to underlying Riot sources.
src:wiki-data:shen,char:shen,CHAMPION,https://wiki.leagueoflegends.com/en-us/Template%3AData_Shen,WIKI_REFERENCE,OFFICIAL_COMMUNITY_REFERENCE,P2,UNFETCHED,WIKI_UNIVERSE,TRUE,1-2 req/sec max; cache responses,,Use primary Riot text as highest-priority evidence; Wiki should point back to underlying Riot sources.
src:ddragon:shen,char:shen,CHAMPION,https://ddragon.leagueoflegends.com/cdn/16.18.1/data/en_US/champion/Shen.json,DATA_DRAGON,PRIMARY_OFFICIAL_STATIC,P0,UNFETCHED,GENERIC,TRUE,1-2 req/sec max; cache responses,,Use primary Riot text as highest-priority evidence; Wiki should point back to underlying Riot sources.
src:riot-bio:shyvana,char:shyvana,CHAMPION,https://www.leagueoflegends.com/en-us/champions/shyvana/,CHAMPION_BIO,PRIMARY_OFFICIAL,P0,UNFETCHED,RIOT_CHAMPION,TRUE,1-2 req/sec max; cache responses,,Use primary Riot text as highest-priority evidence; Wiki should point back to underlying Riot sources.
src:wiki-universe:shyvana,char:shyvana,CHAMPION,https://wiki.leagueoflegends.com/en-us/Universe%3AShyvana,WIKI_UNIVERSE,OFFICIAL_COMMUNITY_REFERENCE,P1,UNFETCHED,WIKI_UNIVERSE,TRUE,1-2 req/sec max; cache responses,,Use primary Riot text as highest-priority evidence; Wiki should point back to underlying Riot sources.
src:wiki-data:shyvana,char:shyvana,CHAMPION,https://wiki.leagueoflegends.com/en-us/Template%3AData_Shyvana,WIKI_REFERENCE,OFFICIAL_COMMUNITY_REFERENCE,P2,UNFETCHED,WIKI_UNIVERSE,TRUE,1-2 req/sec max; cache responses,,Use primary Riot text as highest-priority evidence; Wiki should point back to underlying Riot sources.
src:ddragon:shyvana,char:shyvana,CHAMPION,https://ddragon.leagueoflegends.com/cdn/16.18.1/data/en_US/champion/Shyvana.json,DATA_DRAGON,PRIMARY_OFFICIAL_STATIC,P0,UNFETCHED,GENERIC,TRUE,1-2 req/sec max; cache responses,,Use primary Riot text as highest-priority evidence; Wiki should point back to underlying Riot sources.
src:riot-bio:singed,char:singed,CHAMPION,https://www.leagueoflegends.com/en-us/champions/singed/,CHAMPION_BIO,PRIMARY_OFFICIAL,P0,UNFETCHED,RIOT_CHAMPION,TRUE,1-2 req/sec max; cache responses,,Use primary Riot text as highest-priority evidence; Wiki should point back to underlying Riot sources.
src:wiki-universe:singed,char:singed,CHAMPION,https://wiki.leagueoflegends.com/en-us/Universe%3ASinged,WIKI_UNIVERSE,OFFICIAL_COMMUNITY_REFERENCE,P1,UNFETCHED,WIKI_UNIVERSE,TRUE,1-2 req/sec max; cache responses,,Use primary Riot text as highest-priority evidence; Wiki should point back to underlying Riot sources.
src:wiki-data:singed,char:singed,CHAMPION,https://wiki.leagueoflegends.com/en-us/Template%3AData_Singed,WIKI_REFERENCE,OFFICIAL_COMMUNITY_REFERENCE,P2,UNFETCHED,WIKI_UNIVERSE,TRUE,1-2 req/sec max; cache responses,,Use primary Riot text as highest-priority evidence; Wiki should point back to underlying Riot sources.
src:ddragon:singed,char:singed,CHAMPION,https://ddragon.leagueoflegends.com/cdn/16.18.1/data/en_US/champion/Singed.json,DATA_DRAGON,PRIMARY_OFFICIAL_STATIC,P0,UNFETCHED,GENERIC,TRUE,1-2 req/sec max; cache responses,,Use primary Riot text as highest-priority evidence; Wiki should point back to underlying Riot sources.
src:riot-bio:sion,char:sion,CHAMPION,https://www.leagueoflegends.com/en-us/champions/sion/,CHAMPION_BIO,PRIMARY_OFFICIAL,P0,UNFETCHED,RIOT_CHAMPION,TRUE,1-2 req/sec max; cache responses,,Use primary Riot text as highest-priority evidence; Wiki should point back to underlying Riot sources.
src:wiki-universe:sion,char:sion,CHAMPION,https://wiki.leagueoflegends.com/en-us/Universe%3ASion,WIKI_UNIVERSE,OFFICIAL_COMMUNITY_REFERENCE,P1,UNFETCHED,WIKI_UNIVERSE,TRUE,1-2 req/sec max; cache responses,,Use primary Riot text as highest-priority evidence; Wiki should point back to underlying Riot sources.
src:wiki-data:sion,char:sion,CHAMPION,https://wiki.leagueoflegends.com/en-us/Template%3AData_Sion,WIKI_REFERENCE,OFFICIAL_COMMUNITY_REFERENCE,P2,UNFETCHED,WIKI_UNIVERSE,TRUE,1-2 req/sec max; cache responses,,Use primary Riot text as highest-priority evidence; Wiki should point back to underlying Riot sources.
src:ddragon:sion,char:sion,CHAMPION,https://ddragon.leagueoflegends.com/cdn/16.18.1/data/en_US/champion/Sion.json,DATA_DRAGON,PRIMARY_OFFICIAL_STATIC,P0,UNFETCHED,GENERIC,TRUE,1-2 req/sec max; cache responses,,Use primary Riot text as highest-priority evidence; Wiki should point back to underlying Riot sources.
src:riot-bio:sivir,char:sivir,CHAMPION,https://www.leagueoflegends.com/en-us/champions/sivir/,CHAMPION_BIO,PRIMARY_OFFICIAL,P0,UNFETCHED,RIOT_CHAMPION,TRUE,1-2 req/sec max; cache responses,,Use primary Riot text as highest-priority evidence; Wiki should point back to underlying Riot sources.
src:wiki-universe:sivir,char:sivir,CHAMPION,https://wiki.leagueoflegends.com/en-us/Universe%3ASivir,WIKI_UNIVERSE,OFFICIAL_COMMUNITY_REFERENCE,P1,UNFETCHED,WIKI_UNIVERSE,TRUE,1-2 req/sec max; cache responses,,Use primary Riot text as highest-priority evidence; Wiki should point back to underlying Riot sources.
src:wiki-data:sivir,char:sivir,CHAMPION,https://wiki.leagueoflegends.com/en-us/Template%3AData_Sivir,WIKI_REFERENCE,OFFICIAL_COMMUNITY_REFERENCE,P2,UNFETCHED,WIKI_UNIVERSE,TRUE,1-2 req/sec max; cache responses,,Use primary Riot text as highest-priority evidence; Wiki should point back to underlying Riot sources.
src:ddragon:sivir,char:sivir,CHAMPION,https://ddragon.leagueoflegends.com/cdn/16.18.1/data/en_US/champion/Sivir.json,DATA_DRAGON,PRIMARY_OFFICIAL_STATIC,P0,UNFETCHED,GENERIC,TRUE,1-2 req/sec max; cache responses,,Use primary Riot text as highest-priority evidence; Wiki should point back to underlying Riot sources.
src:riot-bio:skarner,char:skarner,CHAMPION,https://www.leagueoflegends.com/en-us/champions/skarner/,CHAMPION_BIO,PRIMARY_OFFICIAL,P0,UNFETCHED,RIOT_CHAMPION,TRUE,1-2 req/sec max; cache responses,,Use primary Riot text as highest-priority evidence; Wiki should point back to underlying Riot sources.
src:wiki-universe:skarner,char:skarner,CHAMPION,https://wiki.leagueoflegends.com/en-us/Universe%3ASkarner,WIKI_UNIVERSE,OFFICIAL_COMMUNITY_REFERENCE,P1,UNFETCHED,WIKI_UNIVERSE,TRUE,1-2 req/sec max; cache responses,,Use primary Riot text as highest-priority evidence; Wiki should point back to underlying Riot sources.
src:wiki-data:skarner,char:skarner,CHAMPION,https://wiki.leagueoflegends.com/en-us/Template%3AData_Skarner,WIKI_REFERENCE,OFFICIAL_COMMUNITY_REFERENCE,P2,UNFETCHED,WIKI_UNIVERSE,TRUE,1-2 req/sec max; cache responses,,Use primary Riot text as highest-priority evidence; Wiki should point back to underlying Riot sources.
src:ddragon:skarner,char:skarner,CHAMPION,https://ddragon.leagueoflegends.com/cdn/16.18.1/data/en_US/champion/Skarner.json,DATA_DRAGON,PRIMARY_OFFICIAL_STATIC,P0,UNFETCHED,GENERIC,TRUE,1-2 req/sec max; cache responses,,Use primary Riot text as highest-priority evidence; Wiki should point back to underlying Riot sources.
src:riot-bio:smolder,char:smolder,CHAMPION,https://www.leagueoflegends.com/en-us/champions/smolder/,CHAMPION_BIO,PRIMARY_OFFICIAL,P0,UNFETCHED,RIOT_CHAMPION,TRUE,1-2 req/sec max; cache responses,,Use primary Riot text as highest-priority evidence; Wiki should point back to underlying Riot sources.
src:wiki-universe:smolder,char:smolder,CHAMPION,https://wiki.leagueoflegends.com/en-us/Universe%3ASmolder,WIKI_UNIVERSE,OFFICIAL_COMMUNITY_REFERENCE,P1,UNFETCHED,WIKI_UNIVERSE,TRUE,1-2 req/sec max; cache responses,,Use primary Riot text as highest-priority evidence; Wiki should point back to underlying Riot sources.
src:wiki-data:smolder,char:smolder,CHAMPION,https://wiki.leagueoflegends.com/en-us/Template%3AData_Smolder,WIKI_REFERENCE,OFFICIAL_COMMUNITY_REFERENCE,P2,UNFETCHED,WIKI_UNIVERSE,TRUE,1-2 req/sec max; cache responses,,Use primary Riot text as highest-priority evidence; Wiki should point back to underlying Riot sources.
src:ddragon:smolder,char:smolder,CHAMPION,https://ddragon.leagueoflegends.com/cdn/16.18.1/data/en_US/champion/Smolder.json,DATA_DRAGON,PRIMARY_OFFICIAL_STATIC,P0,UNFETCHED,GENERIC,TRUE,1-2 req/sec max; cache responses,,Use primary Riot text as highest-priority evidence; Wiki should point back to underlying Riot sources.
src:riot-bio:sona,char:sona,CHAMPION,https://www.leagueoflegends.com/en-us/champions/sona/,CHAMPION_BIO,PRIMARY_OFFICIAL,P0,UNFETCHED,RIOT_CHAMPION,TRUE,1-2 req/sec max; cache responses,,Use primary Riot text as highest-priority evidence; Wiki should point back to underlying Riot sources.
src:wiki-universe:sona,char:sona,CHAMPION,https://wiki.leagueoflegends.com/en-us/Universe%3ASona,WIKI_UNIVERSE,OFFICIAL_COMMUNITY_REFERENCE,P1,UNFETCHED,WIKI_UNIVERSE,TRUE,1-2 req/sec max; cache responses,,Use primary Riot text as highest-priority evidence; Wiki should point back to underlying Riot sources.
src:wiki-data:sona,char:sona,CHAMPION,https://wiki.leagueoflegends.com/en-us/Template%3AData_Sona,WIKI_REFERENCE,OFFICIAL_COMMUNITY_REFERENCE,P2,UNFETCHED,WIKI_UNIVERSE,TRUE,1-2 req/sec max; cache responses,,Use primary Riot text as highest-priority evidence; Wiki should point back to underlying Riot sources.
src:ddragon:sona,char:sona,CHAMPION,https://ddragon.leagueoflegends.com/cdn/16.18.1/data/en_US/champion/Sona.json,DATA_DRAGON,PRIMARY_OFFICIAL_STATIC,P0,UNFETCHED,GENERIC,TRUE,1-2 req/sec max; cache responses,,Use primary Riot text as highest-priority evidence; Wiki should point back to underlying Riot sources.
src:riot-bio:soraka,char:soraka,CHAMPION,https://www.leagueoflegends.com/en-us/champions/soraka/,CHAMPION_BIO,PRIMARY_OFFICIAL,P0,UNFETCHED,RIOT_CHAMPION,TRUE,1-2 req/sec max; cache responses,,Use primary Riot text as highest-priority evidence; Wiki should point back to underlying Riot sources.
src:wiki-universe:soraka,char:soraka,CHAMPION,https://wiki.leagueoflegends.com/en-us/Universe%3ASoraka,WIKI_UNIVERSE,OFFICIAL_COMMUNITY_REFERENCE,P1,UNFETCHED,WIKI_UNIVERSE,TRUE,1-2 req/sec max; cache responses,,Use primary Riot text as highest-priority evidence; Wiki should point back to underlying Riot sources.
src:wiki-data:soraka,char:soraka,CHAMPION,https://wiki.leagueoflegends.com/en-us/Template%3AData_Soraka,WIKI_REFERENCE,OFFICIAL_COMMUNITY_REFERENCE,P2,UNFETCHED,WIKI_UNIVERSE,TRUE,1-2 req/sec max; cache responses,,Use primary Riot text as highest-priority evidence; Wiki should point back to underlying Riot sources.
src:ddragon:soraka,char:soraka,CHAMPION,https://ddragon.leagueoflegends.com/cdn/16.18.1/data/en_US/champion/Soraka.json,DATA_DRAGON,PRIMARY_OFFICIAL_STATIC,P0,UNFETCHED,GENERIC,TRUE,1-2 req/sec max; cache responses,,Use primary Riot text as highest-priority evidence; Wiki should point back to underlying Riot sources.
src:riot-bio:swain,char:swain,CHAMPION,https://www.leagueoflegends.com/en-us/champions/swain/,CHAMPION_BIO,PRIMARY_OFFICIAL,P0,UNFETCHED,RIOT_CHAMPION,TRUE,1-2 req/sec max; cache responses,,Use primary Riot text as highest-priority evidence; Wiki should point back to underlying Riot sources.
src:wiki-universe:swain,char:swain,CHAMPION,https://wiki.leagueoflegends.com/en-us/Universe%3ASwain,WIKI_UNIVERSE,OFFICIAL_COMMUNITY_REFERENCE,P1,UNFETCHED,WIKI_UNIVERSE,TRUE,1-2 req/sec max; cache responses,,Use primary Riot text as highest-priority evidence; Wiki should point back to underlying Riot sources.
src:wiki-data:swain,char:swain,CHAMPION,https://wiki.leagueoflegends.com/en-us/Template%3AData_Swain,WIKI_REFERENCE,OFFICIAL_COMMUNITY_REFERENCE,P2,UNFETCHED,WIKI_UNIVERSE,TRUE,1-2 req/sec max; cache responses,,Use primary Riot text as highest-priority evidence; Wiki should point back to underlying Riot sources.
src:ddragon:swain,char:swain,CHAMPION,https://ddragon.leagueoflegends.com/cdn/16.18.1/data/en_US/champion/Swain.json,DATA_DRAGON,PRIMARY_OFFICIAL_STATIC,P0,UNFETCHED,GENERIC,TRUE,1-2 req/sec max; cache responses,,Use primary Riot text as highest-priority evidence; Wiki should point back to underlying Riot sources.
src:riot-bio:sylas,char:sylas,CHAMPION,https://www.leagueoflegends.com/en-us/champions/sylas/,CHAMPION_BIO,PRIMARY_OFFICIAL,P0,UNFETCHED,RIOT_CHAMPION,TRUE,1-2 req/sec max; cache responses,,Use primary Riot text as highest-priority evidence; Wiki should point back to underlying Riot sources.
src:wiki-universe:sylas,char:sylas,CHAMPION,https://wiki.leagueoflegends.com/en-us/Universe%3ASylas,WIKI_UNIVERSE,OFFICIAL_COMMUNITY_REFERENCE,P1,UNFETCHED,WIKI_UNIVERSE,TRUE,1-2 req/sec max; cache responses,,Use primary Riot text as highest-priority evidence; Wiki should point back to underlying Riot sources.
src:wiki-data:sylas,char:sylas,CHAMPION,https://wiki.leagueoflegends.com/en-us/Template%3AData_Sylas,WIKI_REFERENCE,OFFICIAL_COMMUNITY_REFERENCE,P2,UNFETCHED,WIKI_UNIVERSE,TRUE,1-2 req/sec max; cache responses,,Use primary Riot text as highest-priority evidence; Wiki should point back to underlying Riot sources.
src:ddragon:sylas,char:sylas,CHAMPION,https://ddragon.leagueoflegends.com/cdn/16.18.1/data/en_US/champion/Sylas.json,DATA_DRAGON,PRIMARY_OFFICIAL_STATIC,P0,UNFETCHED,GENERIC,TRUE,1-2 req/sec max; cache responses,,Use primary Riot text as highest-priority evidence; Wiki should point back to underlying Riot sources.
src:riot-bio:syndra,char:syndra,CHAMPION,https://www.leagueoflegends.com/en-us/champions/syndra/,CHAMPION_BIO,PRIMARY_OFFICIAL,P0,UNFETCHED,RIOT_CHAMPION,TRUE,1-2 req/sec max; cache responses,,Use primary Riot text as highest-priority evidence; Wiki should point back to underlying Riot sources.
src:wiki-universe:syndra,char:syndra,CHAMPION,https://wiki.leagueoflegends.com/en-us/Universe%3ASyndra,WIKI_UNIVERSE,OFFICIAL_COMMUNITY_REFERENCE,P1,UNFETCHED,WIKI_UNIVERSE,TRUE,1-2 req/sec max; cache responses,,Use primary Riot text as highest-priority evidence; Wiki should point back to underlying Riot sources.
src:wiki-data:syndra,char:syndra,CHAMPION,https://wiki.leagueoflegends.com/en-us/Template%3AData_Syndra,WIKI_REFERENCE,OFFICIAL_COMMUNITY_REFERENCE,P2,UNFETCHED,WIKI_UNIVERSE,TRUE,1-2 req/sec max; cache responses,,Use primary Riot text as highest-priority evidence; Wiki should point back to underlying Riot sources.
src:ddragon:syndra,char:syndra,CHAMPION,https://ddragon.leagueoflegends.com/cdn/16.18.1/data/en_US/champion/Syndra.json,DATA_DRAGON,PRIMARY_OFFICIAL_STATIC,P0,UNFETCHED,GENERIC,TRUE,1-2 req/sec max; cache responses,,Use primary Riot text as highest-priority evidence; Wiki should point back to underlying Riot sources.
src:riot-bio:tahm-kench,char:tahm-kench,CHAMPION,https://www.leagueoflegends.com/en-us/champions/tahm-kench/,CHAMPION_BIO,PRIMARY_OFFICIAL,P0,UNFETCHED,RIOT_CHAMPION,TRUE,1-2 req/sec max; cache responses,,Use primary Riot text as highest-priority evidence; Wiki should point back to underlying Riot sources.
src:wiki-universe:tahm-kench,char:tahm-kench,CHAMPION,https://wiki.leagueoflegends.com/en-us/Universe%3ATahm_Kench,WIKI_UNIVERSE,OFFICIAL_COMMUNITY_REFERENCE,P1,UNFETCHED,WIKI_UNIVERSE,TRUE,1-2 req/sec max; cache responses,,Use primary Riot text as highest-priority evidence; Wiki should point back to underlying Riot sources.
src:wiki-data:tahm-kench,char:tahm-kench,CHAMPION,https://wiki.leagueoflegends.com/en-us/Template%3AData_Tahm_Kench,WIKI_REFERENCE,OFFICIAL_COMMUNITY_REFERENCE,P2,UNFETCHED,WIKI_UNIVERSE,TRUE,1-2 req/sec max; cache responses,,Use primary Riot text as highest-priority evidence; Wiki should point back to underlying Riot sources.
src:ddragon:tahm-kench,char:tahm-kench,CHAMPION,https://ddragon.leagueoflegends.com/cdn/16.18.1/data/en_US/champion/TahmKench.json,DATA_DRAGON,PRIMARY_OFFICIAL_STATIC,P0,UNFETCHED,GENERIC,TRUE,1-2 req/sec max; cache responses,,Use primary Riot text as highest-priority evidence; Wiki should point back to underlying Riot sources.
src:riot-bio:taliyah,char:taliyah,CHAMPION,https://www.leagueoflegends.com/en-us/champions/taliyah/,CHAMPION_BIO,PRIMARY_OFFICIAL,P0,UNFETCHED,RIOT_CHAMPION,TRUE,1-2 req/sec max; cache responses,,Use primary Riot text as highest-priority evidence; Wiki should point back to underlying Riot sources.
src:wiki-universe:taliyah,char:taliyah,CHAMPION,https://wiki.leagueoflegends.com/en-us/Universe%3ATaliyah,WIKI_UNIVERSE,OFFICIAL_COMMUNITY_REFERENCE,P1,UNFETCHED,WIKI_UNIVERSE,TRUE,1-2 req/sec max; cache responses,,Use primary Riot text as highest-priority evidence; Wiki should point back to underlying Riot sources.
src:wiki-data:taliyah,char:taliyah,CHAMPION,https://wiki.leagueoflegends.com/en-us/Template%3AData_Taliyah,WIKI_REFERENCE,OFFICIAL_COMMUNITY_REFERENCE,P2,UNFETCHED,WIKI_UNIVERSE,TRUE,1-2 req/sec max; cache responses,,Use primary Riot text as highest-priority evidence; Wiki should point back to underlying Riot sources.
src:ddragon:taliyah,char:taliyah,CHAMPION,https://ddragon.leagueoflegends.com/cdn/16.18.1/data/en_US/champion/Taliyah.json,DATA_DRAGON,PRIMARY_OFFICIAL_STATIC,P0,UNFETCHED,GENERIC,TRUE,1-2 req/sec max; cache responses,,Use primary Riot text as highest-priority evidence; Wiki should point back to underlying Riot sources.
src:riot-bio:talon,char:talon,CHAMPION,https://www.leagueoflegends.com/en-us/champions/talon/,CHAMPION_BIO,PRIMARY_OFFICIAL,P0,UNFETCHED,RIOT_CHAMPION,TRUE,1-2 req/sec max; cache responses,,Use primary Riot text as highest-priority evidence; Wiki should point back to underlying Riot sources.
src:wiki-universe:talon,char:talon,CHAMPION,https://wiki.leagueoflegends.com/en-us/Universe%3ATalon,WIKI_UNIVERSE,OFFICIAL_COMMUNITY_REFERENCE,P1,UNFETCHED,WIKI_UNIVERSE,TRUE,1-2 req/sec max; cache responses,,Use primary Riot text as highest-priority evidence; Wiki should point back to underlying Riot sources.
src:wiki-data:talon,char:talon,CHAMPION,https://wiki.leagueoflegends.com/en-us/Template%3AData_Talon,WIKI_REFERENCE,OFFICIAL_COMMUNITY_REFERENCE,P2,UNFETCHED,WIKI_UNIVERSE,TRUE,1-2 req/sec max; cache responses,,Use primary Riot text as highest-priority evidence; Wiki should point back to underlying Riot sources.
src:ddragon:talon,char:talon,CHAMPION,https://ddragon.leagueoflegends.com/cdn/16.18.1/data/en_US/champion/Talon.json,DATA_DRAGON,PRIMARY_OFFICIAL_STATIC,P0,UNFETCHED,GENERIC,TRUE,1-2 req/sec max; cache responses,,Use primary Riot text as highest-priority evidence; Wiki should point back to underlying Riot sources.
src:riot-bio:taric,char:taric,CHAMPION,https://www.leagueoflegends.com/en-us/champions/taric/,CHAMPION_BIO,PRIMARY_OFFICIAL,P0,UNFETCHED,RIOT_CHAMPION,TRUE,1-2 req/sec max; cache responses,,Use primary Riot text as highest-priority evidence; Wiki should point back to underlying Riot sources.
src:wiki-universe:taric,char:taric,CHAMPION,https://wiki.leagueoflegends.com/en-us/Universe%3ATaric,WIKI_UNIVERSE,OFFICIAL_COMMUNITY_REFERENCE,P1,UNFETCHED,WIKI_UNIVERSE,TRUE,1-2 req/sec max; cache responses,,Use primary Riot text as highest-priority evidence; Wiki should point back to underlying Riot sources.
src:wiki-data:taric,char:taric,CHAMPION,https://wiki.leagueoflegends.com/en-us/Template%3AData_Taric,WIKI_REFERENCE,OFFICIAL_COMMUNITY_REFERENCE,P2,UNFETCHED,WIKI_UNIVERSE,TRUE,1-2 req/sec max; cache responses,,Use primary Riot text as highest-priority evidence; Wiki should point back to underlying Riot sources.
src:ddragon:taric,char:taric,CHAMPION,https://ddragon.leagueoflegends.com/cdn/16.18.1/data/en_US/champion/Taric.json,DATA_DRAGON,PRIMARY_OFFICIAL_STATIC,P0,UNFETCHED,GENERIC,TRUE,1-2 req/sec max; cache responses,,Use primary Riot text as highest-priority evidence; Wiki should point back to underlying Riot sources.
src:riot-bio:teemo,char:teemo,CHAMPION,https://www.leagueoflegends.com/en-us/champions/teemo/,CHAMPION_BIO,PRIMARY_OFFICIAL,P0,UNFETCHED,RIOT_CHAMPION,TRUE,1-2 req/sec max; cache responses,,Use primary Riot text as highest-priority evidence; Wiki should point back to underlying Riot sources.
src:wiki-universe:teemo,char:teemo,CHAMPION,https://wiki.leagueoflegends.com/en-us/Universe%3ATeemo,WIKI_UNIVERSE,OFFICIAL_COMMUNITY_REFERENCE,P1,UNFETCHED,WIKI_UNIVERSE,TRUE,1-2 req/sec max; cache responses,,Use primary Riot text as highest-priority evidence; Wiki should point back to underlying Riot sources.
src:wiki-data:teemo,char:teemo,CHAMPION,https://wiki.leagueoflegends.com/en-us/Template%3AData_Teemo,WIKI_REFERENCE,OFFICIAL_COMMUNITY_REFERENCE,P2,UNFETCHED,WIKI_UNIVERSE,TRUE,1-2 req/sec max; cache responses,,Use primary Riot text as highest-priority evidence; Wiki should point back to underlying Riot sources.
src:ddragon:teemo,char:teemo,CHAMPION,https://ddragon.leagueoflegends.com/cdn/16.18.1/data/en_US/champion/Teemo.json,DATA_DRAGON,PRIMARY_OFFICIAL_STATIC,P0,UNFETCHED,GENERIC,TRUE,1-2 req/sec max; cache responses,,Use primary Riot text as highest-priority evidence; Wiki should point back to underlying Riot sources.
src:riot-bio:thresh,char:thresh,CHAMPION,https://www.leagueoflegends.com/en-us/champions/thresh/,CHAMPION_BIO,PRIMARY_OFFICIAL,P0,UNFETCHED,RIOT_CHAMPION,TRUE,1-2 req/sec max; cache responses,,Use primary Riot text as highest-priority evidence; Wiki should point back to underlying Riot sources.
src:wiki-universe:thresh,char:thresh,CHAMPION,https://wiki.leagueoflegends.com/en-us/Universe%3AThresh,WIKI_UNIVERSE,OFFICIAL_COMMUNITY_REFERENCE,P1,UNFETCHED,WIKI_UNIVERSE,TRUE,1-2 req/sec max; cache responses,,Use primary Riot text as highest-priority evidence; Wiki should point back to underlying Riot sources.
src:wiki-data:thresh,char:thresh,CHAMPION,https://wiki.leagueoflegends.com/en-us/Template%3AData_Thresh,WIKI_REFERENCE,OFFICIAL_COMMUNITY_REFERENCE,P2,UNFETCHED,WIKI_UNIVERSE,TRUE,1-2 req/sec max; cache responses,,Use primary Riot text as highest-priority evidence; Wiki should point back to underlying Riot sources.
src:ddragon:thresh,char:thresh,CHAMPION,https://ddragon.leagueoflegends.com/cdn/16.18.1/data/en_US/champion/Thresh.json,DATA_DRAGON,PRIMARY_OFFICIAL_STATIC,P0,UNFETCHED,GENERIC,TRUE,1-2 req/sec max; cache responses,,Use primary Riot text as highest-priority evidence; Wiki should point back to underlying Riot sources.
src:riot-bio:tristana,char:tristana,CHAMPION,https://www.leagueoflegends.com/en-us/champions/tristana/,CHAMPION_BIO,PRIMARY_OFFICIAL,P0,UNFETCHED,RIOT_CHAMPION,TRUE,1-2 req/sec max; cache responses,,Use primary Riot text as highest-priority evidence; Wiki should point back to underlying Riot sources.
src:wiki-universe:tristana,char:tristana,CHAMPION,https://wiki.leagueoflegends.com/en-us/Universe%3ATristana,WIKI_UNIVERSE,OFFICIAL_COMMUNITY_REFERENCE,P1,UNFETCHED,WIKI_UNIVERSE,TRUE,1-2 req/sec max; cache responses,,Use primary Riot text as highest-priority evidence; Wiki should point back to underlying Riot sources.
src:wiki-data:tristana,char:tristana,CHAMPION,https://wiki.leagueoflegends.com/en-us/Template%3AData_Tristana,WIKI_REFERENCE,OFFICIAL_COMMUNITY_REFERENCE,P2,UNFETCHED,WIKI_UNIVERSE,TRUE,1-2 req/sec max; cache responses,,Use primary Riot text as highest-priority evidence; Wiki should point back to underlying Riot sources.
src:ddragon:tristana,char:tristana,CHAMPION,https://ddragon.leagueoflegends.com/cdn/16.18.1/data/en_US/champion/Tristana.json,DATA_DRAGON,PRIMARY_OFFICIAL_STATIC,P0,UNFETCHED,GENERIC,TRUE,1-2 req/sec max; cache responses,,Use primary Riot text as highest-priority evidence; Wiki should point back to underlying Riot sources.
src:riot-bio:trundle,char:trundle,CHAMPION,https://www.leagueoflegends.com/en-us/champions/trundle/,CHAMPION_BIO,PRIMARY_OFFICIAL,P0,UNFETCHED,RIOT_CHAMPION,TRUE,1-2 req/sec max; cache responses,,Use primary Riot text as highest-priority evidence; Wiki should point back to underlying Riot sources.
src:wiki-universe:trundle,char:trundle,CHAMPION,https://wiki.leagueoflegends.com/en-us/Universe%3ATrundle,WIKI_UNIVERSE,OFFICIAL_COMMUNITY_REFERENCE,P1,UNFETCHED,WIKI_UNIVERSE,TRUE,1-2 req/sec max; cache responses,,Use primary Riot text as highest-priority evidence; Wiki should point back to underlying Riot sources.
src:wiki-data:trundle,char:trundle,CHAMPION,https://wiki.leagueoflegends.com/en-us/Template%3AData_Trundle,WIKI_REFERENCE,OFFICIAL_COMMUNITY_REFERENCE,P2,UNFETCHED,WIKI_UNIVERSE,TRUE,1-2 req/sec max; cache responses,,Use primary Riot text as highest-priority evidence; Wiki should point back to underlying Riot sources.
src:ddragon:trundle,char:trundle,CHAMPION,https://ddragon.leagueoflegends.com/cdn/16.18.1/data/en_US/champion/Trundle.json,DATA_DRAGON,PRIMARY_OFFICIAL_STATIC,P0,UNFETCHED,GENERIC,TRUE,1-2 req/sec max; cache responses,,Use primary Riot text as highest-priority evidence; Wiki should point back to underlying Riot sources.
src:riot-bio:tryndamere,char:tryndamere,CHAMPION,https://www.leagueoflegends.com/en-us/champions/tryndamere/,CHAMPION_BIO,PRIMARY_OFFICIAL,P0,UNFETCHED,RIOT_CHAMPION,TRUE,1-2 req/sec max; cache responses,,Use primary Riot text as highest-priority evidence; Wiki should point back to underlying Riot sources.
src:wiki-universe:tryndamere,char:tryndamere,CHAMPION,https://wiki.leagueoflegends.com/en-us/Universe%3ATryndamere,WIKI_UNIVERSE,OFFICIAL_COMMUNITY_REFERENCE,P1,UNFETCHED,WIKI_UNIVERSE,TRUE,1-2 req/sec max; cache responses,,Use primary Riot text as highest-priority evidence; Wiki should point back to underlying Riot sources.
src:wiki-data:tryndamere,char:tryndamere,CHAMPION,https://wiki.leagueoflegends.com/en-us/Template%3AData_Tryndamere,WIKI_REFERENCE,OFFICIAL_COMMUNITY_REFERENCE,P2,UNFETCHED,WIKI_UNIVERSE,TRUE,1-2 req/sec max; cache responses,,Use primary Riot text as highest-priority evidence; Wiki should point back to underlying Riot sources.
src:ddragon:tryndamere,char:tryndamere,CHAMPION,https://ddragon.leagueoflegends.com/cdn/16.18.1/data/en_US/champion/Tryndamere.json,DATA_DRAGON,PRIMARY_OFFICIAL_STATIC,P0,UNFETCHED,GENERIC,TRUE,1-2 req/sec max; cache responses,,Use primary Riot text as highest-priority evidence; Wiki should point back to underlying Riot sources.
src:riot-bio:twisted-fate,char:twisted-fate,CHAMPION,https://www.leagueoflegends.com/en-us/champions/twisted-fate/,CHAMPION_BIO,PRIMARY_OFFICIAL,P0,UNFETCHED,RIOT_CHAMPION,TRUE,1-2 req/sec max; cache responses,,Use primary Riot text as highest-priority evidence; Wiki should point back to underlying Riot sources.
src:wiki-universe:twisted-fate,char:twisted-fate,CHAMPION,https://wiki.leagueoflegends.com/en-us/Universe%3ATwisted_Fate,WIKI_UNIVERSE,OFFICIAL_COMMUNITY_REFERENCE,P1,UNFETCHED,WIKI_UNIVERSE,TRUE,1-2 req/sec max; cache responses,,Use primary Riot text as highest-priority evidence; Wiki should point back to underlying Riot sources.
src:wiki-data:twisted-fate,char:twisted-fate,CHAMPION,https://wiki.leagueoflegends.com/en-us/Template%3AData_Twisted_Fate,WIKI_REFERENCE,OFFICIAL_COMMUNITY_REFERENCE,P2,UNFETCHED,WIKI_UNIVERSE,TRUE,1-2 req/sec max; cache responses,,Use primary Riot text as highest-priority evidence; Wiki should point back to underlying Riot sources.
src:ddragon:twisted-fate,char:twisted-fate,CHAMPION,https://ddragon.leagueoflegends.com/cdn/16.18.1/data/en_US/champion/TwistedFate.json,DATA_DRAGON,PRIMARY_OFFICIAL_STATIC,P0,UNFETCHED,GENERIC,TRUE,1-2 req/sec max; cache responses,,Use primary Riot text as highest-priority evidence; Wiki should point back to underlying Riot sources.
src:riot-bio:twitch,char:twitch,CHAMPION,https://www.leagueoflegends.com/en-us/champions/twitch/,CHAMPION_BIO,PRIMARY_OFFICIAL,P0,UNFETCHED,RIOT_CHAMPION,TRUE,1-2 req/sec max; cache responses,,Use primary Riot text as highest-priority evidence; Wiki should point back to underlying Riot sources.
src:wiki-universe:twitch,char:twitch,CHAMPION,https://wiki.leagueoflegends.com/en-us/Universe%3ATwitch,WIKI_UNIVERSE,OFFICIAL_COMMUNITY_REFERENCE,P1,UNFETCHED,WIKI_UNIVERSE,TRUE,1-2 req/sec max; cache responses,,Use primary Riot text as highest-priority evidence; Wiki should point back to underlying Riot sources.
src:wiki-data:twitch,char:twitch,CHAMPION,https://wiki.leagueoflegends.com/en-us/Template%3AData_Twitch,WIKI_REFERENCE,OFFICIAL_COMMUNITY_REFERENCE,P2,UNFETCHED,WIKI_UNIVERSE,TRUE,1-2 req/sec max; cache responses,,Use primary Riot text as highest-priority evidence; Wiki should point back to underlying Riot sources.
src:ddragon:twitch,char:twitch,CHAMPION,https://ddragon.leagueoflegends.com/cdn/16.18.1/data/en_US/champion/Twitch.json,DATA_DRAGON,PRIMARY_OFFICIAL_STATIC,P0,UNFETCHED,GENERIC,TRUE,1-2 req/sec max; cache responses,,Use primary Riot text as highest-priority evidence; Wiki should point back to underlying Riot sources.
src:riot-bio:udyr,char:udyr,CHAMPION,https://www.leagueoflegends.com/en-us/champions/udyr/,CHAMPION_BIO,PRIMARY_OFFICIAL,P0,UNFETCHED,RIOT_CHAMPION,TRUE,1-2 req/sec max; cache responses,,Use primary Riot text as highest-priority evidence; Wiki should point back to underlying Riot sources.
src:wiki-universe:udyr,char:udyr,CHAMPION,https://wiki.leagueoflegends.com/en-us/Universe%3AUdyr,WIKI_UNIVERSE,OFFICIAL_COMMUNITY_REFERENCE,P1,UNFETCHED,WIKI_UNIVERSE,TRUE,1-2 req/sec max; cache responses,,Use primary Riot text as highest-priority evidence; Wiki should point back to underlying Riot sources.
src:wiki-data:udyr,char:udyr,CHAMPION,https://wiki.leagueoflegends.com/en-us/Template%3AData_Udyr,WIKI_REFERENCE,OFFICIAL_COMMUNITY_REFERENCE,P2,UNFETCHED,WIKI_UNIVERSE,TRUE,1-2 req/sec max; cache responses,,Use primary Riot text as highest-priority evidence; Wiki should point back to underlying Riot sources.
src:ddragon:udyr,char:udyr,CHAMPION,https://ddragon.leagueoflegends.com/cdn/16.18.1/data/en_US/champion/Udyr.json,DATA_DRAGON,PRIMARY_OFFICIAL_STATIC,P0,UNFETCHED,GENERIC,TRUE,1-2 req/sec max; cache responses,,Use primary Riot text as highest-priority evidence; Wiki should point back to underlying Riot sources.
src:riot-bio:urgot,char:urgot,CHAMPION,https://www.leagueoflegends.com/en-us/champions/urgot/,CHAMPION_BIO,PRIMARY_OFFICIAL,P0,UNFETCHED,RIOT_CHAMPION,TRUE,1-2 req/sec max; cache responses,,Use primary Riot text as highest-priority evidence; Wiki should point back to underlying Riot sources.
src:wiki-universe:urgot,char:urgot,CHAMPION,https://wiki.leagueoflegends.com/en-us/Universe%3AUrgot,WIKI_UNIVERSE,OFFICIAL_COMMUNITY_REFERENCE,P1,UNFETCHED,WIKI_UNIVERSE,TRUE,1-2 req/sec max; cache responses,,Use primary Riot text as highest-priority evidence; Wiki should point back to underlying Riot sources.
src:wiki-data:urgot,char:urgot,CHAMPION,https://wiki.leagueoflegends.com/en-us/Template%3AData_Urgot,WIKI_REFERENCE,OFFICIAL_COMMUNITY_REFERENCE,P2,UNFETCHED,WIKI_UNIVERSE,TRUE,1-2 req/sec max; cache responses,,Use primary Riot text as highest-priority evidence; Wiki should point back to underlying Riot sources.
src:ddragon:urgot,char:urgot,CHAMPION,https://ddragon.leagueoflegends.com/cdn/16.18.1/data/en_US/champion/Urgot.json,DATA_DRAGON,PRIMARY_OFFICIAL_STATIC,P0,UNFETCHED,GENERIC,TRUE,1-2 req/sec max; cache responses,,Use primary Riot text as highest-priority evidence; Wiki should point back to underlying Riot sources.
src:riot-bio:varus,char:varus,CHAMPION,https://www.leagueoflegends.com/en-us/champions/varus/,CHAMPION_BIO,PRIMARY_OFFICIAL,P0,UNFETCHED,RIOT_CHAMPION,TRUE,1-2 req/sec max; cache responses,,Use primary Riot text as highest-priority evidence; Wiki should point back to underlying Riot sources.
src:wiki-universe:varus,char:varus,CHAMPION,https://wiki.leagueoflegends.com/en-us/Universe%3AVarus,WIKI_UNIVERSE,OFFICIAL_COMMUNITY_REFERENCE,P1,UNFETCHED,WIKI_UNIVERSE,TRUE,1-2 req/sec max; cache responses,,Use primary Riot text as highest-priority evidence; Wiki should point back to underlying Riot sources.
src:wiki-data:varus,char:varus,CHAMPION,https://wiki.leagueoflegends.com/en-us/Template%3AData_Varus,WIKI_REFERENCE,OFFICIAL_COMMUNITY_REFERENCE,P2,UNFETCHED,WIKI_UNIVERSE,TRUE,1-2 req/sec max; cache responses,,Use primary Riot text as highest-priority evidence; Wiki should point back to underlying Riot sources.
src:ddragon:varus,char:varus,CHAMPION,https://ddragon.leagueoflegends.com/cdn/16.18.1/data/en_US/champion/Varus.json,DATA_DRAGON,PRIMARY_OFFICIAL_STATIC,P0,UNFETCHED,GENERIC,TRUE,1-2 req/sec max; cache responses,,Use primary Riot text as highest-priority evidence; Wiki should point back to underlying Riot sources.
src:riot-bio:vayne,char:vayne,CHAMPION,https://www.leagueoflegends.com/en-us/champions/vayne/,CHAMPION_BIO,PRIMARY_OFFICIAL,P0,UNFETCHED,RIOT_CHAMPION,TRUE,1-2 req/sec max; cache responses,,Use primary Riot text as highest-priority evidence; Wiki should point back to underlying Riot sources.
src:wiki-universe:vayne,char:vayne,CHAMPION,https://wiki.leagueoflegends.com/en-us/Universe%3AVayne,WIKI_UNIVERSE,OFFICIAL_COMMUNITY_REFERENCE,P1,UNFETCHED,WIKI_UNIVERSE,TRUE,1-2 req/sec max; cache responses,,Use primary Riot text as highest-priority evidence; Wiki should point back to underlying Riot sources.
src:wiki-data:vayne,char:vayne,CHAMPION,https://wiki.leagueoflegends.com/en-us/Template%3AData_Vayne,WIKI_REFERENCE,OFFICIAL_COMMUNITY_REFERENCE,P2,UNFETCHED,WIKI_UNIVERSE,TRUE,1-2 req/sec max; cache responses,,Use primary Riot text as highest-priority evidence; Wiki should point back to underlying Riot sources.
src:ddragon:vayne,char:vayne,CHAMPION,https://ddragon.leagueoflegends.com/cdn/16.18.1/data/en_US/champion/Vayne.json,DATA_DRAGON,PRIMARY_OFFICIAL_STATIC,P0,UNFETCHED,GENERIC,TRUE,1-2 req/sec max; cache responses,,Use primary Riot text as highest-priority evidence; Wiki should point back to underlying Riot sources.
src:riot-bio:veigar,char:veigar,CHAMPION,https://www.leagueoflegends.com/en-us/champions/veigar/,CHAMPION_BIO,PRIMARY_OFFICIAL,P0,UNFETCHED,RIOT_CHAMPION,TRUE,1-2 req/sec max; cache responses,,Use primary Riot text as highest-priority evidence; Wiki should point back to underlying Riot sources.
src:wiki-universe:veigar,char:veigar,CHAMPION,https://wiki.leagueoflegends.com/en-us/Universe%3AVeigar,WIKI_UNIVERSE,OFFICIAL_COMMUNITY_REFERENCE,P1,UNFETCHED,WIKI_UNIVERSE,TRUE,1-2 req/sec max; cache responses,,Use primary Riot text as highest-priority evidence; Wiki should point back to underlying Riot sources.
src:wiki-data:veigar,char:veigar,CHAMPION,https://wiki.leagueoflegends.com/en-us/Template%3AData_Veigar,WIKI_REFERENCE,OFFICIAL_COMMUNITY_REFERENCE,P2,UNFETCHED,WIKI_UNIVERSE,TRUE,1-2 req/sec max; cache responses,,Use primary Riot text as highest-priority evidence; Wiki should point back to underlying Riot sources.
src:ddragon:veigar,char:veigar,CHAMPION,https://ddragon.leagueoflegends.com/cdn/16.18.1/data/en_US/champion/Veigar.json,DATA_DRAGON,PRIMARY_OFFICIAL_STATIC,P0,UNFETCHED,GENERIC,TRUE,1-2 req/sec max; cache responses,,Use primary Riot text as highest-priority evidence; Wiki should point back to underlying Riot sources.
src:riot-bio:vel-koz,char:vel-koz,CHAMPION,https://www.leagueoflegends.com/en-us/champions/vel-koz/,CHAMPION_BIO,PRIMARY_OFFICIAL,P0,UNFETCHED,RIOT_CHAMPION,TRUE,1-2 req/sec max; cache responses,,Use primary Riot text as highest-priority evidence; Wiki should point back to underlying Riot sources.
src:wiki-universe:vel-koz,char:vel-koz,CHAMPION,https://wiki.leagueoflegends.com/en-us/Universe%3AVel'Koz,WIKI_UNIVERSE,OFFICIAL_COMMUNITY_REFERENCE,P1,UNFETCHED,WIKI_UNIVERSE,TRUE,1-2 req/sec max; cache responses,,Use primary Riot text as highest-priority evidence; Wiki should point back to underlying Riot sources.
src:wiki-data:vel-koz,char:vel-koz,CHAMPION,https://wiki.leagueoflegends.com/en-us/Template%3AData_Vel'Koz,WIKI_REFERENCE,OFFICIAL_COMMUNITY_REFERENCE,P2,UNFETCHED,WIKI_UNIVERSE,TRUE,1-2 req/sec max; cache responses,,Use primary Riot text as highest-priority evidence; Wiki should point back to underlying Riot sources.
src:ddragon:vel-koz,char:vel-koz,CHAMPION,https://ddragon.leagueoflegends.com/cdn/16.18.1/data/en_US/champion/Velkoz.json,DATA_DRAGON,PRIMARY_OFFICIAL_STATIC,P0,UNFETCHED,GENERIC,TRUE,1-2 req/sec max; cache responses,,Use primary Riot text as highest-priority evidence; Wiki should point back to underlying Riot sources.
src:riot-bio:vex,char:vex,CHAMPION,https://www.leagueoflegends.com/en-us/champions/vex/,CHAMPION_BIO,PRIMARY_OFFICIAL,P0,UNFETCHED,RIOT_CHAMPION,TRUE,1-2 req/sec max; cache responses,,Use primary Riot text as highest-priority evidence; Wiki should point back to underlying Riot sources.
src:wiki-universe:vex,char:vex,CHAMPION,https://wiki.leagueoflegends.com/en-us/Universe%3AVex,WIKI_UNIVERSE,OFFICIAL_COMMUNITY_REFERENCE,P1,UNFETCHED,WIKI_UNIVERSE,TRUE,1-2 req/sec max; cache responses,,Use primary Riot text as highest-priority evidence; Wiki should point back to underlying Riot sources.
src:wiki-data:vex,char:vex,CHAMPION,https://wiki.leagueoflegends.com/en-us/Template%3AData_Vex,WIKI_REFERENCE,OFFICIAL_COMMUNITY_REFERENCE,P2,UNFETCHED,WIKI_UNIVERSE,TRUE,1-2 req/sec max; cache responses,,Use primary Riot text as highest-priority evidence; Wiki should point back to underlying Riot sources.
src:ddragon:vex,char:vex,CHAMPION,https://ddragon.leagueoflegends.com/cdn/16.18.1/data/en_US/champion/Vex.json,DATA_DRAGON,PRIMARY_OFFICIAL_STATIC,P0,UNFETCHED,GENERIC,TRUE,1-2 req/sec max; cache responses,,Use primary Riot text as highest-priority evidence; Wiki should point back to underlying Riot sources.
src:riot-bio:vi,char:vi,CHAMPION,https://www.leagueoflegends.com/en-us/champions/vi/,CHAMPION_BIO,PRIMARY_OFFICIAL,P0,UNFETCHED,RIOT_CHAMPION,TRUE,1-2 req/sec max; cache responses,,Use primary Riot text as highest-priority evidence; Wiki should point back to underlying Riot sources.
src:wiki-universe:vi,char:vi,CHAMPION,https://wiki.leagueoflegends.com/en-us/Universe%3AVi,WIKI_UNIVERSE,OFFICIAL_COMMUNITY_REFERENCE,P1,UNFETCHED,WIKI_UNIVERSE,TRUE,1-2 req/sec max; cache responses,,Use primary Riot text as highest-priority evidence; Wiki should point back to underlying Riot sources.
src:wiki-data:vi,char:vi,CHAMPION,https://wiki.leagueoflegends.com/en-us/Template%3AData_Vi,WIKI_REFERENCE,OFFICIAL_COMMUNITY_REFERENCE,P2,UNFETCHED,WIKI_UNIVERSE,TRUE,1-2 req/sec max; cache responses,,Use primary Riot text as highest-priority evidence; Wiki should point back to underlying Riot sources.
src:ddragon:vi,char:vi,CHAMPION,https://ddragon.leagueoflegends.com/cdn/16.18.1/data/en_US/champion/Vi.json,DATA_DRAGON,PRIMARY_OFFICIAL_STATIC,P0,UNFETCHED,GENERIC,TRUE,1-2 req/sec max; cache responses,,Use primary Riot text as highest-priority evidence; Wiki should point back to underlying Riot sources.
src:riot-bio:viego,char:viego,CHAMPION,https://www.leagueoflegends.com/en-us/champions/viego/,CHAMPION_BIO,PRIMARY_OFFICIAL,P0,UNFETCHED,RIOT_CHAMPION,TRUE,1-2 req/sec max; cache responses,,Use primary Riot text as highest-priority evidence; Wiki should point back to underlying Riot sources.
src:wiki-universe:viego,char:viego,CHAMPION,https://wiki.leagueoflegends.com/en-us/Universe%3AViego,WIKI_UNIVERSE,OFFICIAL_COMMUNITY_REFERENCE,P1,UNFETCHED,WIKI_UNIVERSE,TRUE,1-2 req/sec max; cache responses,,Use primary Riot text as highest-priority evidence; Wiki should point back to underlying Riot sources.
src:wiki-data:viego,char:viego,CHAMPION,https://wiki.leagueoflegends.com/en-us/Template%3AData_Viego,WIKI_REFERENCE,OFFICIAL_COMMUNITY_REFERENCE,P2,UNFETCHED,WIKI_UNIVERSE,TRUE,1-2 req/sec max; cache responses,,Use primary Riot text as highest-priority evidence; Wiki should point back to underlying Riot sources.
src:ddragon:viego,char:viego,CHAMPION,https://ddragon.leagueoflegends.com/cdn/16.18.1/data/en_US/champion/Viego.json,DATA_DRAGON,PRIMARY_OFFICIAL_STATIC,P0,UNFETCHED,GENERIC,TRUE,1-2 req/sec max; cache responses,,Use primary Riot text as highest-priority evidence; Wiki should point back to underlying Riot sources.
src:riot-bio:viktor,char:viktor,CHAMPION,https://www.leagueoflegends.com/en-us/champions/viktor/,CHAMPION_BIO,PRIMARY_OFFICIAL,P0,UNFETCHED,RIOT_CHAMPION,TRUE,1-2 req/sec max; cache responses,,Use primary Riot text as highest-priority evidence; Wiki should point back to underlying Riot sources.
src:wiki-universe:viktor,char:viktor,CHAMPION,https://wiki.leagueoflegends.com/en-us/Universe%3AViktor,WIKI_UNIVERSE,OFFICIAL_COMMUNITY_REFERENCE,P1,UNFETCHED,WIKI_UNIVERSE,TRUE,1-2 req/sec max; cache responses,,Use primary Riot text as highest-priority evidence; Wiki should point back to underlying Riot sources.
src:wiki-data:viktor,char:viktor,CHAMPION,https://wiki.leagueoflegends.com/en-us/Template%3AData_Viktor,WIKI_REFERENCE,OFFICIAL_COMMUNITY_REFERENCE,P2,UNFETCHED,WIKI_UNIVERSE,TRUE,1-2 req/sec max; cache responses,,Use primary Riot text as highest-priority evidence; Wiki should point back to underlying Riot sources.
src:ddragon:viktor,char:viktor,CHAMPION,https://ddragon.leagueoflegends.com/cdn/16.18.1/data/en_US/champion/Viktor.json,DATA_DRAGON,PRIMARY_OFFICIAL_STATIC,P0,UNFETCHED,GENERIC,TRUE,1-2 req/sec max; cache responses,,Use primary Riot text as highest-priority evidence; Wiki should point back to underlying Riot sources.
src:riot-bio:vladimir,char:vladimir,CHAMPION,https://www.leagueoflegends.com/en-us/champions/vladimir/,CHAMPION_BIO,PRIMARY_OFFICIAL,P0,UNFETCHED,RIOT_CHAMPION,TRUE,1-2 req/sec max; cache responses,,Use primary Riot text as highest-priority evidence; Wiki should point back to underlying Riot sources.
src:wiki-universe:vladimir,char:vladimir,CHAMPION,https://wiki.leagueoflegends.com/en-us/Universe%3AVladimir,WIKI_UNIVERSE,OFFICIAL_COMMUNITY_REFERENCE,P1,UNFETCHED,WIKI_UNIVERSE,TRUE,1-2 req/sec max; cache responses,,Use primary Riot text as highest-priority evidence; Wiki should point back to underlying Riot sources.
src:wiki-data:vladimir,char:vladimir,CHAMPION,https://wiki.leagueoflegends.com/en-us/Template%3AData_Vladimir,WIKI_REFERENCE,OFFICIAL_COMMUNITY_REFERENCE,P2,UNFETCHED,WIKI_UNIVERSE,TRUE,1-2 req/sec max; cache responses,,Use primary Riot text as highest-priority evidence; Wiki should point back to underlying Riot sources.
src:ddragon:vladimir,char:vladimir,CHAMPION,https://ddragon.leagueoflegends.com/cdn/16.18.1/data/en_US/champion/Vladimir.json,DATA_DRAGON,PRIMARY_OFFICIAL_STATIC,P0,UNFETCHED,GENERIC,TRUE,1-2 req/sec max; cache responses,,Use primary Riot text as highest-priority evidence; Wiki should point back to underlying Riot sources.
src:riot-bio:volibear,char:volibear,CHAMPION,https://www.leagueoflegends.com/en-us/champions/volibear/,CHAMPION_BIO,PRIMARY_OFFICIAL,P0,UNFETCHED,RIOT_CHAMPION,TRUE,1-2 req/sec max; cache responses,,Use primary Riot text as highest-priority evidence; Wiki should point back to underlying Riot sources.
src:wiki-universe:volibear,char:volibear,CHAMPION,https://wiki.leagueoflegends.com/en-us/Universe%3AVolibear,WIKI_UNIVERSE,OFFICIAL_COMMUNITY_REFERENCE,P1,UNFETCHED,WIKI_UNIVERSE,TRUE,1-2 req/sec max; cache responses,,Use primary Riot text as highest-priority evidence; Wiki should point back to underlying Riot sources.
src:wiki-data:volibear,char:volibear,CHAMPION,https://wiki.leagueoflegends.com/en-us/Template%3AData_Volibear,WIKI_REFERENCE,OFFICIAL_COMMUNITY_REFERENCE,P2,UNFETCHED,WIKI_UNIVERSE,TRUE,1-2 req/sec max; cache responses,,Use primary Riot text as highest-priority evidence; Wiki should point back to underlying Riot sources.
src:ddragon:volibear,char:volibear,CHAMPION,https://ddragon.leagueoflegends.com/cdn/16.18.1/data/en_US/champion/Volibear.json,DATA_DRAGON,PRIMARY_OFFICIAL_STATIC,P0,UNFETCHED,GENERIC,TRUE,1-2 req/sec max; cache responses,,Use primary Riot text as highest-priority evidence; Wiki should point back to underlying Riot sources.
src:riot-bio:warwick,char:warwick,CHAMPION,https://www.leagueoflegends.com/en-us/champions/warwick/,CHAMPION_BIO,PRIMARY_OFFICIAL,P0,UNFETCHED,RIOT_CHAMPION,TRUE,1-2 req/sec max; cache responses,,Use primary Riot text as highest-priority evidence; Wiki should point back to underlying Riot sources.
src:wiki-universe:warwick,char:warwick,CHAMPION,https://wiki.leagueoflegends.com/en-us/Universe%3AWarwick,WIKI_UNIVERSE,OFFICIAL_COMMUNITY_REFERENCE,P1,UNFETCHED,WIKI_UNIVERSE,TRUE,1-2 req/sec max; cache responses,,Use primary Riot text as highest-priority evidence; Wiki should point back to underlying Riot sources.
src:wiki-data:warwick,char:warwick,CHAMPION,https://wiki.leagueoflegends.com/en-us/Template%3AData_Warwick,WIKI_REFERENCE,OFFICIAL_COMMUNITY_REFERENCE,P2,UNFETCHED,WIKI_UNIVERSE,TRUE,1-2 req/sec max; cache responses,,Use primary Riot text as highest-priority evidence; Wiki should point back to underlying Riot sources.
src:ddragon:warwick,char:warwick,CHAMPION,https://ddragon.leagueoflegends.com/cdn/16.18.1/data/en_US/champion/Warwick.json,DATA_DRAGON,PRIMARY_OFFICIAL_STATIC,P0,UNFETCHED,GENERIC,TRUE,1-2 req/sec max; cache responses,,Use primary Riot text as highest-priority evidence; Wiki should point back to underlying Riot sources.
src:riot-bio:wukong,char:wukong,CHAMPION,https://www.leagueoflegends.com/en-us/champions/wukong/,CHAMPION_BIO,PRIMARY_OFFICIAL,P0,UNFETCHED,RIOT_CHAMPION,TRUE,1-2 req/sec max; cache responses,,Use primary Riot text as highest-priority evidence; Wiki should point back to underlying Riot sources.
src:wiki-universe:wukong,char:wukong,CHAMPION,https://wiki.leagueoflegends.com/en-us/Universe%3AWukong,WIKI_UNIVERSE,OFFICIAL_COMMUNITY_REFERENCE,P1,UNFETCHED,WIKI_UNIVERSE,TRUE,1-2 req/sec max; cache responses,,Use primary Riot text as highest-priority evidence; Wiki should point back to underlying Riot sources.
src:wiki-data:wukong,char:wukong,CHAMPION,https://wiki.leagueoflegends.com/en-us/Template%3AData_Wukong,WIKI_REFERENCE,OFFICIAL_COMMUNITY_REFERENCE,P2,UNFETCHED,WIKI_UNIVERSE,TRUE,1-2 req/sec max; cache responses,,Use primary Riot text as highest-priority evidence; Wiki should point back to underlying Riot sources.
src:ddragon:wukong,char:wukong,CHAMPION,https://ddragon.leagueoflegends.com/cdn/16.18.1/data/en_US/champion/MonkeyKing.json,DATA_DRAGON,PRIMARY_OFFICIAL_STATIC,P0,UNFETCHED,GENERIC,TRUE,1-2 req/sec max; cache responses,,Use primary Riot text as highest-priority evidence; Wiki should point back to underlying Riot sources.
src:riot-bio:xayah,char:xayah,CHAMPION,https://www.leagueoflegends.com/en-us/champions/xayah/,CHAMPION_BIO,PRIMARY_OFFICIAL,P0,UNFETCHED,RIOT_CHAMPION,TRUE,1-2 req/sec max; cache responses,,Use primary Riot text as highest-priority evidence; Wiki should point back to underlying Riot sources.
src:wiki-universe:xayah,char:xayah,CHAMPION,https://wiki.leagueoflegends.com/en-us/Universe%3AXayah,WIKI_UNIVERSE,OFFICIAL_COMMUNITY_REFERENCE,P1,UNFETCHED,WIKI_UNIVERSE,TRUE,1-2 req/sec max; cache responses,,Use primary Riot text as highest-priority evidence; Wiki should point back to underlying Riot sources.
src:wiki-data:xayah,char:xayah,CHAMPION,https://wiki.leagueoflegends.com/en-us/Template%3AData_Xayah,WIKI_REFERENCE,OFFICIAL_COMMUNITY_REFERENCE,P2,UNFETCHED,WIKI_UNIVERSE,TRUE,1-2 req/sec max; cache responses,,Use primary Riot text as highest-priority evidence; Wiki should point back to underlying Riot sources.
src:ddragon:xayah,char:xayah,CHAMPION,https://ddragon.leagueoflegends.com/cdn/16.18.1/data/en_US/champion/Xayah.json,DATA_DRAGON,PRIMARY_OFFICIAL_STATIC,P0,UNFETCHED,GENERIC,TRUE,1-2 req/sec max; cache responses,,Use primary Riot text as highest-priority evidence; Wiki should point back to underlying Riot sources.
src:riot-bio:xerath,char:xerath,CHAMPION,https://www.leagueoflegends.com/en-us/champions/xerath/,CHAMPION_BIO,PRIMARY_OFFICIAL,P0,UNFETCHED,RIOT_CHAMPION,TRUE,1-2 req/sec max; cache responses,,Use primary Riot text as highest-priority evidence; Wiki should point back to underlying Riot sources.
src:wiki-universe:xerath,char:xerath,CHAMPION,https://wiki.leagueoflegends.com/en-us/Universe%3AXerath,WIKI_UNIVERSE,OFFICIAL_COMMUNITY_REFERENCE,P1,UNFETCHED,WIKI_UNIVERSE,TRUE,1-2 req/sec max; cache responses,,Use primary Riot text as highest-priority evidence; Wiki should point back to underlying Riot sources.
src:wiki-data:xerath,char:xerath,CHAMPION,https://wiki.leagueoflegends.com/en-us/Template%3AData_Xerath,WIKI_REFERENCE,OFFICIAL_COMMUNITY_REFERENCE,P2,UNFETCHED,WIKI_UNIVERSE,TRUE,1-2 req/sec max; cache responses,,Use primary Riot text as highest-priority evidence; Wiki should point back to underlying Riot sources.
src:ddragon:xerath,char:xerath,CHAMPION,https://ddragon.leagueoflegends.com/cdn/16.18.1/data/en_US/champion/Xerath.json,DATA_DRAGON,PRIMARY_OFFICIAL_STATIC,P0,UNFETCHED,GENERIC,TRUE,1-2 req/sec max; cache responses,,Use primary Riot text as highest-priority evidence; Wiki should point back to underlying Riot sources.
src:riot-bio:xin-zhao,char:xin-zhao,CHAMPION,https://www.leagueoflegends.com/en-us/champions/xin-zhao/,CHAMPION_BIO,PRIMARY_OFFICIAL,P0,UNFETCHED,RIOT_CHAMPION,TRUE,1-2 req/sec max; cache responses,,Use primary Riot text as highest-priority evidence; Wiki should point back to underlying Riot sources.
src:wiki-universe:xin-zhao,char:xin-zhao,CHAMPION,https://wiki.leagueoflegends.com/en-us/Universe%3AXin_Zhao,WIKI_UNIVERSE,OFFICIAL_COMMUNITY_REFERENCE,P1,UNFETCHED,WIKI_UNIVERSE,TRUE,1-2 req/sec max; cache responses,,Use primary Riot text as highest-priority evidence; Wiki should point back to underlying Riot sources.
src:wiki-data:xin-zhao,char:xin-zhao,CHAMPION,https://wiki.leagueoflegends.com/en-us/Template%3AData_Xin_Zhao,WIKI_REFERENCE,OFFICIAL_COMMUNITY_REFERENCE,P2,UNFETCHED,WIKI_UNIVERSE,TRUE,1-2 req/sec max; cache responses,,Use primary Riot text as highest-priority evidence; Wiki should point back to underlying Riot sources.
src:ddragon:xin-zhao,char:xin-zhao,CHAMPION,https://ddragon.leagueoflegends.com/cdn/16.18.1/data/en_US/champion/XinZhao.json,DATA_DRAGON,PRIMARY_OFFICIAL_STATIC,P0,UNFETCHED,GENERIC,TRUE,1-2 req/sec max; cache responses,,Use primary Riot text as highest-priority evidence; Wiki should point back to underlying Riot sources.
src:riot-bio:yasuo,char:yasuo,CHAMPION,https://www.leagueoflegends.com/en-us/champions/yasuo/,CHAMPION_BIO,PRIMARY_OFFICIAL,P0,UNFETCHED,RIOT_CHAMPION,TRUE,1-2 req/sec max; cache responses,,Use primary Riot text as highest-priority evidence; Wiki should point back to underlying Riot sources.
src:wiki-universe:yasuo,char:yasuo,CHAMPION,https://wiki.leagueoflegends.com/en-us/Universe%3AYasuo,WIKI_UNIVERSE,OFFICIAL_COMMUNITY_REFERENCE,P1,UNFETCHED,WIKI_UNIVERSE,TRUE,1-2 req/sec max; cache responses,,Use primary Riot text as highest-priority evidence; Wiki should point back to underlying Riot sources.
src:wiki-data:yasuo,char:yasuo,CHAMPION,https://wiki.leagueoflegends.com/en-us/Template%3AData_Yasuo,WIKI_REFERENCE,OFFICIAL_COMMUNITY_REFERENCE,P2,UNFETCHED,WIKI_UNIVERSE,TRUE,1-2 req/sec max; cache responses,,Use primary Riot text as highest-priority evidence; Wiki should point back to underlying Riot sources.
src:ddragon:yasuo,char:yasuo,CHAMPION,https://ddragon.leagueoflegends.com/cdn/16.18.1/data/en_US/champion/Yasuo.json,DATA_DRAGON,PRIMARY_OFFICIAL_STATIC,P0,UNFETCHED,GENERIC,TRUE,1-2 req/sec max; cache responses,,Use primary Riot text as highest-priority evidence; Wiki should point back to underlying Riot sources.
src:riot-bio:yone,char:yone,CHAMPION,https://www.leagueoflegends.com/en-us/champions/yone/,CHAMPION_BIO,PRIMARY_OFFICIAL,P0,UNFETCHED,RIOT_CHAMPION,TRUE,1-2 req/sec max; cache responses,,Use primary Riot text as highest-priority evidence; Wiki should point back to underlying Riot sources.
src:wiki-universe:yone,char:yone,CHAMPION,https://wiki.leagueoflegends.com/en-us/Universe%3AYone,WIKI_UNIVERSE,OFFICIAL_COMMUNITY_REFERENCE,P1,UNFETCHED,WIKI_UNIVERSE,TRUE,1-2 req/sec max; cache responses,,Use primary Riot text as highest-priority evidence; Wiki should point back to underlying Riot sources.
src:wiki-data:yone,char:yone,CHAMPION,https://wiki.leagueoflegends.com/en-us/Template%3AData_Yone,WIKI_REFERENCE,OFFICIAL_COMMUNITY_REFERENCE,P2,UNFETCHED,WIKI_UNIVERSE,TRUE,1-2 req/sec max; cache responses,,Use primary Riot text as highest-priority evidence; Wiki should point back to underlying Riot sources.
src:ddragon:yone,char:yone,CHAMPION,https://ddragon.leagueoflegends.com/cdn/16.18.1/data/en_US/champion/Yone.json,DATA_DRAGON,PRIMARY_OFFICIAL_STATIC,P0,UNFETCHED,GENERIC,TRUE,1-2 req/sec max; cache responses,,Use primary Riot text as highest-priority evidence; Wiki should point back to underlying Riot sources.
src:riot-bio:yorick,char:yorick,CHAMPION,https://www.leagueoflegends.com/en-us/champions/yorick/,CHAMPION_BIO,PRIMARY_OFFICIAL,P0,UNFETCHED,RIOT_CHAMPION,TRUE,1-2 req/sec max; cache responses,,Use primary Riot text as highest-priority evidence; Wiki should point back to underlying Riot sources.
src:wiki-universe:yorick,char:yorick,CHAMPION,https://wiki.leagueoflegends.com/en-us/Universe%3AYorick,WIKI_UNIVERSE,OFFICIAL_COMMUNITY_REFERENCE,P1,UNFETCHED,WIKI_UNIVERSE,TRUE,1-2 req/sec max; cache responses,,Use primary Riot text as highest-priority evidence; Wiki should point back to underlying Riot sources.
src:wiki-data:yorick,char:yorick,CHAMPION,https://wiki.leagueoflegends.com/en-us/Template%3AData_Yorick,WIKI_REFERENCE,OFFICIAL_COMMUNITY_REFERENCE,P2,UNFETCHED,WIKI_UNIVERSE,TRUE,1-2 req/sec max; cache responses,,Use primary Riot text as highest-priority evidence; Wiki should point back to underlying Riot sources.
src:ddragon:yorick,char:yorick,CHAMPION,https://ddragon.leagueoflegends.com/cdn/16.18.1/data/en_US/champion/Yorick.json,DATA_DRAGON,PRIMARY_OFFICIAL_STATIC,P0,UNFETCHED,GENERIC,TRUE,1-2 req/sec max; cache responses,,Use primary Riot text as highest-priority evidence; Wiki should point back to underlying Riot sources.
src:riot-bio:yunara,char:yunara,CHAMPION,https://www.leagueoflegends.com/en-us/champions/yunara/,CHAMPION_BIO,PRIMARY_OFFICIAL,P0,VERIFIED,RIOT_CHAMPION,TRUE,1-2 req/sec max; cache responses,2026-09-16,Use primary Riot text as highest-priority evidence; Wiki should point back to underlying Riot sources.
src:wiki-universe:yunara,char:yunara,CHAMPION,https://wiki.leagueoflegends.com/en-us/Universe%3AYunara,WIKI_UNIVERSE,OFFICIAL_COMMUNITY_REFERENCE,P1,UNFETCHED,WIKI_UNIVERSE,TRUE,1-2 req/sec max; cache responses,,Use primary Riot text as highest-priority evidence; Wiki should point back to underlying Riot sources.
src:wiki-data:yunara,char:yunara,CHAMPION,https://wiki.leagueoflegends.com/en-us/Template%3AData_Yunara,WIKI_REFERENCE,OFFICIAL_COMMUNITY_REFERENCE,P2,UNFETCHED,WIKI_UNIVERSE,TRUE,1-2 req/sec max; cache responses,,Use primary Riot text as highest-priority evidence; Wiki should point back to underlying Riot sources.
src:ddragon:yunara,char:yunara,CHAMPION,https://ddragon.leagueoflegends.com/cdn/16.18.1/data/en_US/champion/Yunara.json,DATA_DRAGON,PRIMARY_OFFICIAL_STATIC,P0,UNFETCHED,GENERIC,TRUE,1-2 req/sec max; cache responses,,Use primary Riot text as highest-priority evidence; Wiki should point back to underlying Riot sources.
src:riot-bio:yuumi,char:yuumi,CHAMPION,https://www.leagueoflegends.com/en-us/champions/yuumi/,CHAMPION_BIO,PRIMARY_OFFICIAL,P0,UNFETCHED,RIOT_CHAMPION,TRUE,1-2 req/sec max; cache responses,,Use primary Riot text as highest-priority evidence; Wiki should point back to underlying Riot sources.
src:wiki-universe:yuumi,char:yuumi,CHAMPION,https://wiki.leagueoflegends.com/en-us/Universe%3AYuumi,WIKI_UNIVERSE,OFFICIAL_COMMUNITY_REFERENCE,P1,UNFETCHED,WIKI_UNIVERSE,TRUE,1-2 req/sec max; cache responses,,Use primary Riot text as highest-priority evidence; Wiki should point back to underlying Riot sources.
src:wiki-data:yuumi,char:yuumi,CHAMPION,https://wiki.leagueoflegends.com/en-us/Template%3AData_Yuumi,WIKI_REFERENCE,OFFICIAL_COMMUNITY_REFERENCE,P2,UNFETCHED,WIKI_UNIVERSE,TRUE,1-2 req/sec max; cache responses,,Use primary Riot text as highest-priority evidence; Wiki should point back to underlying Riot sources.
src:ddragon:yuumi,char:yuumi,CHAMPION,https://ddragon.leagueoflegends.com/cdn/16.18.1/data/en_US/champion/Yuumi.json,DATA_DRAGON,PRIMARY_OFFICIAL_STATIC,P0,UNFETCHED,GENERIC,TRUE,1-2 req/sec max; cache responses,,Use primary Riot text as highest-priority evidence; Wiki should point back to underlying Riot sources.
src:riot-bio:zaahen,char:zaahen,CHAMPION,https://www.leagueoflegends.com/en-us/champions/zaahen/,CHAMPION_BIO,PRIMARY_OFFICIAL,P0,VERIFIED,RIOT_CHAMPION,TRUE,1-2 req/sec max; cache responses,2026-09-16,Use primary Riot text as highest-priority evidence; Wiki should point back to underlying Riot sources.
src:wiki-universe:zaahen,char:zaahen,CHAMPION,https://wiki.leagueoflegends.com/en-us/Universe%3AZaahen,WIKI_UNIVERSE,OFFICIAL_COMMUNITY_REFERENCE,P1,UNFETCHED,WIKI_UNIVERSE,TRUE,1-2 req/sec max; cache responses,,Use primary Riot text as highest-priority evidence; Wiki should point back to underlying Riot sources.
src:wiki-data:zaahen,char:zaahen,CHAMPION,https://wiki.leagueoflegends.com/en-us/Template%3AData_Zaahen,WIKI_REFERENCE,OFFICIAL_COMMUNITY_REFERENCE,P2,UNFETCHED,WIKI_UNIVERSE,TRUE,1-2 req/sec max; cache responses,,Use primary Riot text as highest-priority evidence; Wiki should point back to underlying Riot sources.
src:ddragon:zaahen,char:zaahen,CHAMPION,https://ddragon.leagueoflegends.com/cdn/16.18.1/data/en_US/champion/Zaahen.json,DATA_DRAGON,PRIMARY_OFFICIAL_STATIC,P0,UNFETCHED,GENERIC,TRUE,1-2 req/sec max; cache responses,,Use primary Riot text as highest-priority evidence; Wiki should point back to underlying Riot sources.
src:riot-bio:zac,char:zac,CHAMPION,https://www.leagueoflegends.com/en-us/champions/zac/,CHAMPION_BIO,PRIMARY_OFFICIAL,P0,UNFETCHED,RIOT_CHAMPION,TRUE,1-2 req/sec max; cache responses,,Use primary Riot text as highest-priority evidence; Wiki should point back to underlying Riot sources.
src:wiki-universe:zac,char:zac,CHAMPION,https://wiki.leagueoflegends.com/en-us/Universe%3AZac,WIKI_UNIVERSE,OFFICIAL_COMMUNITY_REFERENCE,P1,UNFETCHED,WIKI_UNIVERSE,TRUE,1-2 req/sec max; cache responses,,Use primary Riot text as highest-priority evidence; Wiki should point back to underlying Riot sources.
src:wiki-data:zac,char:zac,CHAMPION,https://wiki.leagueoflegends.com/en-us/Template%3AData_Zac,WIKI_REFERENCE,OFFICIAL_COMMUNITY_REFERENCE,P2,UNFETCHED,WIKI_UNIVERSE,TRUE,1-2 req/sec max; cache responses,,Use primary Riot text as highest-priority evidence; Wiki should point back to underlying Riot sources.
src:ddragon:zac,char:zac,CHAMPION,https://ddragon.leagueoflegends.com/cdn/16.18.1/data/en_US/champion/Zac.json,DATA_DRAGON,PRIMARY_OFFICIAL_STATIC,P0,UNFETCHED,GENERIC,TRUE,1-2 req/sec max; cache responses,,Use primary Riot text as highest-priority evidence; Wiki should point back to underlying Riot sources.
src:riot-bio:zed,char:zed,CHAMPION,https://www.leagueoflegends.com/en-us/champions/zed/,CHAMPION_BIO,PRIMARY_OFFICIAL,P0,UNFETCHED,RIOT_CHAMPION,TRUE,1-2 req/sec max; cache responses,,Use primary Riot text as highest-priority evidence; Wiki should point back to underlying Riot sources.
src:wiki-universe:zed,char:zed,CHAMPION,https://wiki.leagueoflegends.com/en-us/Universe%3AZed,WIKI_UNIVERSE,OFFICIAL_COMMUNITY_REFERENCE,P1,UNFETCHED,WIKI_UNIVERSE,TRUE,1-2 req/sec max; cache responses,,Use primary Riot text as highest-priority evidence; Wiki should point back to underlying Riot sources.
src:wiki-data:zed,char:zed,CHAMPION,https://wiki.leagueoflegends.com/en-us/Template%3AData_Zed,WIKI_REFERENCE,OFFICIAL_COMMUNITY_REFERENCE,P2,UNFETCHED,WIKI_UNIVERSE,TRUE,1-2 req/sec max; cache responses,,Use primary Riot text as highest-priority evidence; Wiki should point back to underlying Riot sources.
src:ddragon:zed,char:zed,CHAMPION,https://ddragon.leagueoflegends.com/cdn/16.18.1/data/en_US/champion/Zed.json,DATA_DRAGON,PRIMARY_OFFICIAL_STATIC,P0,UNFETCHED,GENERIC,TRUE,1-2 req/sec max; cache responses,,Use primary Riot text as highest-priority evidence; Wiki should point back to underlying Riot sources.
src:riot-bio:zeri,char:zeri,CHAMPION,https://www.leagueoflegends.com/en-us/champions/zeri/,CHAMPION_BIO,PRIMARY_OFFICIAL,P0,UNFETCHED,RIOT_CHAMPION,TRUE,1-2 req/sec max; cache responses,,Use primary Riot text as highest-priority evidence; Wiki should point back to underlying Riot sources.
src:wiki-universe:zeri,char:zeri,CHAMPION,https://wiki.leagueoflegends.com/en-us/Universe%3AZeri,WIKI_UNIVERSE,OFFICIAL_COMMUNITY_REFERENCE,P1,UNFETCHED,WIKI_UNIVERSE,TRUE,1-2 req/sec max; cache responses,,Use primary Riot text as highest-priority evidence; Wiki should point back to underlying Riot sources.
src:wiki-data:zeri,char:zeri,CHAMPION,https://wiki.leagueoflegends.com/en-us/Template%3AData_Zeri,WIKI_REFERENCE,OFFICIAL_COMMUNITY_REFERENCE,P2,UNFETCHED,WIKI_UNIVERSE,TRUE,1-2 req/sec max; cache responses,,Use primary Riot text as highest-priority evidence; Wiki should point back to underlying Riot sources.
src:ddragon:zeri,char:zeri,CHAMPION,https://ddragon.leagueoflegends.com/cdn/16.18.1/data/en_US/champion/Zeri.json,DATA_DRAGON,PRIMARY_OFFICIAL_STATIC,P0,UNFETCHED,GENERIC,TRUE,1-2 req/sec max; cache responses,,Use primary Riot text as highest-priority evidence; Wiki should point back to underlying Riot sources.
src:riot-bio:ziggs,char:ziggs,CHAMPION,https://www.leagueoflegends.com/en-us/champions/ziggs/,CHAMPION_BIO,PRIMARY_OFFICIAL,P0,UNFETCHED,RIOT_CHAMPION,TRUE,1-2 req/sec max; cache responses,,Use primary Riot text as highest-priority evidence; Wiki should point back to underlying Riot sources.
src:wiki-universe:ziggs,char:ziggs,CHAMPION,https://wiki.leagueoflegends.com/en-us/Universe%3AZiggs,WIKI_UNIVERSE,OFFICIAL_COMMUNITY_REFERENCE,P1,UNFETCHED,WIKI_UNIVERSE,TRUE,1-2 req/sec max; cache responses,,Use primary Riot text as highest-priority evidence; Wiki should point back to underlying Riot sources.
src:wiki-data:ziggs,char:ziggs,CHAMPION,https://wiki.leagueoflegends.com/en-us/Template%3AData_Ziggs,WIKI_REFERENCE,OFFICIAL_COMMUNITY_REFERENCE,P2,UNFETCHED,WIKI_UNIVERSE,TRUE,1-2 req/sec max; cache responses,,Use primary Riot text as highest-priority evidence; Wiki should point back to underlying Riot sources.
src:ddragon:ziggs,char:ziggs,CHAMPION,https://ddragon.leagueoflegends.com/cdn/16.18.1/data/en_US/champion/Ziggs.json,DATA_DRAGON,PRIMARY_OFFICIAL_STATIC,P0,UNFETCHED,GENERIC,TRUE,1-2 req/sec max; cache responses,,Use primary Riot text as highest-priority evidence; Wiki should point back to underlying Riot sources.
src:riot-bio:zilean,char:zilean,CHAMPION,https://www.leagueoflegends.com/en-us/champions/zilean/,CHAMPION_BIO,PRIMARY_OFFICIAL,P0,UNFETCHED,RIOT_CHAMPION,TRUE,1-2 req/sec max; cache responses,,Use primary Riot text as highest-priority evidence; Wiki should point back to underlying Riot sources.
src:wiki-universe:zilean,char:zilean,CHAMPION,https://wiki.leagueoflegends.com/en-us/Universe%3AZilean,WIKI_UNIVERSE,OFFICIAL_COMMUNITY_REFERENCE,P1,UNFETCHED,WIKI_UNIVERSE,TRUE,1-2 req/sec max; cache responses,,Use primary Riot text as highest-priority evidence; Wiki should point back to underlying Riot sources.
src:wiki-data:zilean,char:zilean,CHAMPION,https://wiki.leagueoflegends.com/en-us/Template%3AData_Zilean,WIKI_REFERENCE,OFFICIAL_COMMUNITY_REFERENCE,P2,UNFETCHED,WIKI_UNIVERSE,TRUE,1-2 req/sec max; cache responses,,Use primary Riot text as highest-priority evidence; Wiki should point back to underlying Riot sources.
src:ddragon:zilean,char:zilean,CHAMPION,https://ddragon.leagueoflegends.com/cdn/16.18.1/data/en_US/champion/Zilean.json,DATA_DRAGON,PRIMARY_OFFICIAL_STATIC,P0,UNFETCHED,GENERIC,TRUE,1-2 req/sec max; cache responses,,Use primary Riot text as highest-priority evidence; Wiki should point back to underlying Riot sources.
src:riot-bio:zoe,char:zoe,CHAMPION,https://www.leagueoflegends.com/en-us/champions/zoe/,CHAMPION_BIO,PRIMARY_OFFICIAL,P0,UNFETCHED,RIOT_CHAMPION,TRUE,1-2 req/sec max; cache responses,,Use primary Riot text as highest-priority evidence; Wiki should point back to underlying Riot sources.
src:wiki-universe:zoe,char:zoe,CHAMPION,https://wiki.leagueoflegends.com/en-us/Universe%3AZoe,WIKI_UNIVERSE,OFFICIAL_COMMUNITY_REFERENCE,P1,UNFETCHED,WIKI_UNIVERSE,TRUE,1-2 req/sec max; cache responses,,Use primary Riot text as highest-priority evidence; Wiki should point back to underlying Riot sources.
src:wiki-data:zoe,char:zoe,CHAMPION,https://wiki.leagueoflegends.com/en-us/Template%3AData_Zoe,WIKI_REFERENCE,OFFICIAL_COMMUNITY_REFERENCE,P2,UNFETCHED,WIKI_UNIVERSE,TRUE,1-2 req/sec max; cache responses,,Use primary Riot text as highest-priority evidence; Wiki should point back to underlying Riot sources.
src:ddragon:zoe,char:zoe,CHAMPION,https://ddragon.leagueoflegends.com/cdn/16.18.1/data/en_US/champion/Zoe.json,DATA_DRAGON,PRIMARY_OFFICIAL_STATIC,P0,UNFETCHED,GENERIC,TRUE,1-2 req/sec max; cache responses,,Use primary Riot text as highest-priority evidence; Wiki should point back to underlying Riot sources.
src:riot-bio:zyra,char:zyra,CHAMPION,https://www.leagueoflegends.com/en-us/champions/zyra/,CHAMPION_BIO,PRIMARY_OFFICIAL,P0,UNFETCHED,RIOT_CHAMPION,TRUE,1-2 req/sec max; cache responses,,Use primary Riot text as highest-priority evidence; Wiki should point back to underlying Riot sources.
src:wiki-universe:zyra,char:zyra,CHAMPION,https://wiki.leagueoflegends.com/en-us/Universe%3AZyra,WIKI_UNIVERSE,OFFICIAL_COMMUNITY_REFERENCE,P1,UNFETCHED,WIKI_UNIVERSE,TRUE,1-2 req/sec max; cache responses,,Use primary Riot text as highest-priority evidence; Wiki should point back to underlying Riot sources.
src:wiki-data:zyra,char:zyra,CHAMPION,https://wiki.leagueoflegends.com/en-us/Template%3AData_Zyra,WIKI_REFERENCE,OFFICIAL_COMMUNITY_REFERENCE,P2,UNFETCHED,WIKI_UNIVERSE,TRUE,1-2 req/sec max; cache responses,,Use primary Riot text as highest-priority evidence; Wiki should point back to underlying Riot sources.
src:ddragon:zyra,char:zyra,CHAMPION,https://ddragon.leagueoflegends.com/cdn/16.18.1/data/en_US/champion/Zyra.json,DATA_DRAGON,PRIMARY_OFFICIAL_STATIC,P0,UNFETCHED,GENERIC,TRUE,1-2 req/sec max; cache responses,,Use primary Riot text as highest-priority evidence; Wiki should point back to underlying Riot sources.
src:wiki-event:creation-universe,event:creation-universe,EVENT,https://wiki.leagueoflegends.com/en-us/Universe%3ACreation_of_the_Universe,WIKI_UNIVERSE,OFFICIAL_COMMUNITY_REFERENCE,P1,DISCOVERED,WIKI_UNIVERSE,TRUE,1-2 req/sec max; cache responses,2026-09-16,Event reference seed. Follow citations to primary Riot material.
src:wiki-event:formation-runeterra,event:formation-runeterra,EVENT,https://wiki.leagueoflegends.com/en-us/Universe%3AFormation_of_Runeterra,WIKI_UNIVERSE,OFFICIAL_COMMUNITY_REFERENCE,P1,DISCOVERED,WIKI_UNIVERSE,TRUE,1-2 req/sec max; cache responses,2026-09-16,Event reference seed. Follow citations to primary Riot material.
src:wiki-event:titan-war,event:titan-war,EVENT,https://wiki.leagueoflegends.com/en-us/Universe%3ATitan_War,WIKI_UNIVERSE,OFFICIAL_COMMUNITY_REFERENCE,P1,DISCOVERED,WIKI_UNIVERSE,TRUE,1-2 req/sec max; cache responses,2026-09-16,Event reference seed. Follow citations to primary Riot material.
src:wiki-event:founding-freljord,event:founding-freljord,EVENT,https://wiki.leagueoflegends.com/en-us/Universe%3AFounding_of_the_Freljord,WIKI_UNIVERSE,OFFICIAL_COMMUNITY_REFERENCE,P1,DISCOVERED,WIKI_UNIVERSE,TRUE,1-2 req/sec max; cache responses,2026-09-16,Event reference seed. Follow citations to primary Riot material.
src:wiki-event:war-three-sisters,event:war-three-sisters,EVENT,https://wiki.leagueoflegends.com/en-us/Universe%3AWar_of_the_Three_Sisters,WIKI_UNIVERSE,OFFICIAL_COMMUNITY_REFERENCE,P1,DISCOVERED,WIKI_UNIVERSE,TRUE,1-2 req/sec max; cache responses,2026-09-16,Event reference seed. Follow citations to primary Riot material.
src:wiki-event:westward-migration,event:westward-migration,EVENT,https://wiki.leagueoflegends.com/en-us/Universe%3AWestward_Migration,WIKI_UNIVERSE,OFFICIAL_COMMUNITY_REFERENCE,P1,DISCOVERED,WIKI_UNIVERSE,TRUE,1-2 req/sec max; cache responses,2026-09-16,Event reference seed. Follow citations to primary Riot material.
src:wiki-event:golden-age-shurima,event:golden-age-shurima,EVENT,https://wiki.leagueoflegends.com/en-us/Universe%3AGolden_Age_of_Shurima,WIKI_UNIVERSE,OFFICIAL_COMMUNITY_REFERENCE,P1,DISCOVERED,WIKI_UNIVERSE,TRUE,1-2 req/sec max; cache responses,2026-09-16,Event reference seed. Follow citations to primary Riot material.
src:wiki-event:void-war,event:void-war,EVENT,https://wiki.leagueoflegends.com/en-us/Universe%3AVoid_War,WIKI_UNIVERSE,OFFICIAL_COMMUNITY_REFERENCE,P1,DISCOVERED,WIKI_UNIVERSE,TRUE,1-2 req/sec max; cache responses,2026-09-16,Event reference seed. Follow citations to primary Riot material.
src:wiki-event:fall-shurima,event:fall-shurima,EVENT,https://wiki.leagueoflegends.com/en-us/Universe%3AFall_of_Shurima,WIKI_UNIVERSE,OFFICIAL_COMMUNITY_REFERENCE,P1,DISCOVERED,WIKI_UNIVERSE,TRUE,1-2 req/sec max; cache responses,2026-09-16,Event reference seed. Follow citations to primary Riot material.
src:wiki-event:great-darkin-war,event:great-darkin-war,EVENT,https://wiki.leagueoflegends.com/en-us/Universe%3AGreat_Darkin_War,WIKI_UNIVERSE,OFFICIAL_COMMUNITY_REFERENCE,P1,DISCOVERED,WIKI_UNIVERSE,TRUE,1-2 req/sec max; cache responses,2026-09-16,Event reference seed. Follow citations to primary Riot material.
src:wiki-event:ruination-helia,event:ruination-helia,EVENT,https://wiki.leagueoflegends.com/en-us/Universe%3ARuination,WIKI_UNIVERSE,OFFICIAL_COMMUNITY_REFERENCE,P1,DISCOVERED,WIKI_UNIVERSE,TRUE,1-2 req/sec max; cache responses,2026-09-16,Event reference seed. Follow citations to primary Riot material.
src:wiki-event:rune-wars,event:rune-wars,EVENT,https://wiki.leagueoflegends.com/en-us/Universe%3ARune_Wars,WIKI_UNIVERSE,OFFICIAL_COMMUNITY_REFERENCE,P1,DISCOVERED,WIKI_UNIVERSE,TRUE,1-2 req/sec max; cache responses,2026-09-16,Event reference seed. Follow citations to primary Riot material.
src:wiki-event:resurgence-civilizations,event:resurgence-civilizations,EVENT,https://wiki.leagueoflegends.com/en-us/Universe%3AResurgence_of_Civilizations,WIKI_UNIVERSE,OFFICIAL_COMMUNITY_REFERENCE,P1,DISCOVERED,WIKI_UNIVERSE,TRUE,1-2 req/sec max; cache responses,2026-09-16,Event reference seed. Follow citations to primary Riot material.
src:wiki-event:first-demacia-noxus-war,event:first-demacia-noxus-war,EVENT,https://wiki.leagueoflegends.com/en-us/Universe%3AFirst_Demacian-Noxian_War,WIKI_UNIVERSE,OFFICIAL_COMMUNITY_REFERENCE,P1,DISCOVERED,WIKI_UNIVERSE,TRUE,1-2 req/sec max; cache responses,2026-09-16,Event reference seed. Follow citations to primary Riot material.
src:wiki-event:medarda-succession-war,event:medarda-succession-war,EVENT,https://wiki.leagueoflegends.com/en-us/Universe%3AMedardan_Succession_War,WIKI_UNIVERSE,OFFICIAL_COMMUNITY_REFERENCE,P1,DISCOVERED,WIKI_UNIVERSE,TRUE,1-2 req/sec max; cache responses,2026-09-16,Event reference seed. Follow citations to primary Riot material.
src:wiki-event:era-hextech,event:era-hextech,EVENT,https://wiki.leagueoflegends.com/en-us/Universe%3AEra_of_Hextech,WIKI_UNIVERSE,OFFICIAL_COMMUNITY_REFERENCE,P1,DISCOVERED,WIKI_UNIVERSE,TRUE,1-2 req/sec max; cache responses,2026-09-16,Event reference seed. Follow citations to primary Riot material.
src:wiki-event:noxian-invasion-ionia,event:noxian-invasion-ionia,EVENT,https://wiki.leagueoflegends.com/en-us/Universe%3ANoxian_Invasion_of_Ionia,WIKI_UNIVERSE,OFFICIAL_COMMUNITY_REFERENCE,P1,DISCOVERED,WIKI_UNIVERSE,TRUE,1-2 req/sec max; cache responses,2026-09-16,Event reference seed. Follow citations to primary Riot material.
src:wiki-event:rebirth-sun-disc,event:rebirth-sun-disc,EVENT,https://wiki.leagueoflegends.com/en-us/Universe%3ARebirth_of_the_Sun_Disc,WIKI_UNIVERSE,OFFICIAL_COMMUNITY_REFERENCE,P1,DISCOVERED,WIKI_UNIVERSE,TRUE,1-2 req/sec max; cache responses,2026-09-16,Event reference seed. Follow citations to primary Riot material.
src:wiki-event:return-ruined-king,event:return-ruined-king,EVENT,https://wiki.leagueoflegends.com/en-us/Universe%3AReturn_of_the_Ruined_King,WIKI_UNIVERSE,OFFICIAL_COMMUNITY_REFERENCE,P1,DISCOVERED,WIKI_UNIVERSE,TRUE,1-2 req/sec max; cache responses,2026-09-16,Event reference seed. Follow citations to primary Riot material.
src:wiki-event:great-mage-rebellion,event:great-mage-rebellion,EVENT,https://wiki.leagueoflegends.com/en-us/Universe%3AGreat_Mage_Rebellion,WIKI_UNIVERSE,OFFICIAL_COMMUNITY_REFERENCE,P1,DISCOVERED,WIKI_UNIVERSE,TRUE,1-2 req/sec max; cache responses,2026-09-16,Event reference seed. Follow citations to primary Riot material.
src:wiki-event:harrowing,event:harrowing,EVENT,https://wiki.leagueoflegends.com/en-us/Universe%3AHarrowing,WIKI_UNIVERSE,OFFICIAL_COMMUNITY_REFERENCE,P1,DISCOVERED,WIKI_UNIVERSE,TRUE,1-2 req/sec max; cache responses,2026-09-16,Event reference seed. Follow citations to primary Riot material.
src:wiki-event:swain-coup,event:swain-coup,EVENT,https://wiki.leagueoflegends.com/en-us/Universe%3ASwain,WIKI_UNIVERSE,OFFICIAL_COMMUNITY_REFERENCE,P1,DISCOVERED,WIKI_UNIVERSE,TRUE,1-2 req/sec max; cache responses,2026-09-16,Event reference seed. Follow citations to primary Riot material.
src:wiki-event:yasuo-yone-duel,event:yasuo-yone-duel,EVENT,https://wiki.leagueoflegends.com/en-us/Universe%3AYasuo,WIKI_UNIVERSE,OFFICIAL_COMMUNITY_REFERENCE,P1,DISCOVERED,WIKI_UNIVERSE,TRUE,1-2 req/sec max; cache responses,2026-09-16,Event reference seed. Follow citations to primary Riot material.
src:wiki-event:kayle-morgana-conflict,event:kayle-morgana-conflict,EVENT,https://wiki.leagueoflegends.com/en-us/Universe%3AKayle,WIKI_UNIVERSE,OFFICIAL_COMMUNITY_REFERENCE,P1,DISCOVERED,WIKI_UNIVERSE,TRUE,1-2 req/sec max; cache responses,2026-09-16,Event reference seed. Follow citations to primary Riot material.
src:wiki-event:aatrox-atreus-duel,event:aatrox-atreus-duel,EVENT,https://wiki.leagueoflegends.com/en-us/Universe%3APantheon,WIKI_UNIVERSE,OFFICIAL_COMMUNITY_REFERENCE,P1,DISCOVERED,WIKI_UNIVERSE,TRUE,1-2 req/sec max; cache responses,2026-09-16,Event reference seed. Follow citations to primary Riot material.
src:wiki-region:bandle-city,region:bandle-city,REGION,https://wiki.leagueoflegends.com/en-us/Universe%3ABandle_City,WIKI_UNIVERSE,OFFICIAL_COMMUNITY_REFERENCE,P1,UNFETCHED,WIKI_UNIVERSE,TRUE,1-2 req/sec max; cache responses,,Candidate official Wiki Universe source.
src:wiki-region:bilgewater,region:bilgewater,REGION,https://wiki.leagueoflegends.com/en-us/Universe%3ABilgewater,WIKI_UNIVERSE,OFFICIAL_COMMUNITY_REFERENCE,P1,UNFETCHED,WIKI_UNIVERSE,TRUE,1-2 req/sec max; cache responses,,Candidate official Wiki Universe source.
src:wiki-region:demacia,region:demacia,REGION,https://wiki.leagueoflegends.com/en-us/Universe%3ADemacia,WIKI_UNIVERSE,OFFICIAL_COMMUNITY_REFERENCE,P1,UNFETCHED,WIKI_UNIVERSE,TRUE,1-2 req/sec max; cache responses,,Candidate official Wiki Universe source.
src:wiki-region:freljord,region:freljord,REGION,https://wiki.leagueoflegends.com/en-us/Universe%3AFreljord,WIKI_UNIVERSE,OFFICIAL_COMMUNITY_REFERENCE,P1,UNFETCHED,WIKI_UNIVERSE,TRUE,1-2 req/sec max; cache responses,,Candidate official Wiki Universe source.
src:wiki-region:ionia,region:ionia,REGION,https://wiki.leagueoflegends.com/en-us/Universe%3AIonia,WIKI_UNIVERSE,OFFICIAL_COMMUNITY_REFERENCE,P1,UNFETCHED,WIKI_UNIVERSE,TRUE,1-2 req/sec max; cache responses,,Candidate official Wiki Universe source.
src:wiki-region:ixtal,region:ixtal,REGION,https://wiki.leagueoflegends.com/en-us/Universe%3AIxtal,WIKI_UNIVERSE,OFFICIAL_COMMUNITY_REFERENCE,P1,UNFETCHED,WIKI_UNIVERSE,TRUE,1-2 req/sec max; cache responses,,Candidate official Wiki Universe source.
src:wiki-region:noxus,region:noxus,REGION,https://wiki.leagueoflegends.com/en-us/Universe%3ANoxus,WIKI_UNIVERSE,OFFICIAL_COMMUNITY_REFERENCE,P1,UNFETCHED,WIKI_UNIVERSE,TRUE,1-2 req/sec max; cache responses,,Candidate official Wiki Universe source.
src:wiki-region:piltover,region:piltover,REGION,https://wiki.leagueoflegends.com/en-us/Universe%3APiltover,WIKI_UNIVERSE,OFFICIAL_COMMUNITY_REFERENCE,P1,UNFETCHED,WIKI_UNIVERSE,TRUE,1-2 req/sec max; cache responses,,Candidate official Wiki Universe source.
src:wiki-region:shadow-isles,region:shadow-isles,REGION,https://wiki.leagueoflegends.com/en-us/Universe%3AShadow_Isles,WIKI_UNIVERSE,OFFICIAL_COMMUNITY_REFERENCE,P1,UNFETCHED,WIKI_UNIVERSE,TRUE,1-2 req/sec max; cache responses,,Candidate official Wiki Universe source.
src:wiki-region:shurima,region:shurima,REGION,https://wiki.leagueoflegends.com/en-us/Universe%3AShurima,WIKI_UNIVERSE,OFFICIAL_COMMUNITY_REFERENCE,P1,UNFETCHED,WIKI_UNIVERSE,TRUE,1-2 req/sec max; cache responses,,Candidate official Wiki Universe source.
src:wiki-region:targon,region:targon,REGION,https://wiki.leagueoflegends.com/en-us/Universe%3ATargon,WIKI_UNIVERSE,OFFICIAL_COMMUNITY_REFERENCE,P1,UNFETCHED,WIKI_UNIVERSE,TRUE,1-2 req/sec max; cache responses,,Candidate official Wiki Universe source.
src:wiki-region:void,region:void,REGION,https://wiki.leagueoflegends.com/en-us/Universe%3AThe_Void,WIKI_UNIVERSE,OFFICIAL_COMMUNITY_REFERENCE,P1,UNFETCHED,WIKI_UNIVERSE,TRUE,1-2 req/sec max; cache responses,,Candidate official Wiki Universe source.
src:wiki-region:zaun,region:zaun,REGION,https://wiki.leagueoflegends.com/en-us/Universe%3AZaun,WIKI_UNIVERSE,OFFICIAL_COMMUNITY_REFERENCE,P1,UNFETCHED,WIKI_UNIVERSE,TRUE,1-2 req/sec max; cache responses,,Candidate official Wiki Universe source.
src:wiki-region:camavor,region:camavor,REGION,https://wiki.leagueoflegends.com/en-us/Universe%3ACamavor,WIKI_UNIVERSE,OFFICIAL_COMMUNITY_REFERENCE,P1,UNFETCHED,WIKI_UNIVERSE,TRUE,1-2 req/sec max; cache responses,,Candidate official Wiki Universe source.
src:wiki-region:icathia,region:icathia,REGION,https://wiki.leagueoflegends.com/en-us/Universe%3AIcathia,WIKI_UNIVERSE,OFFICIAL_COMMUNITY_REFERENCE,P1,UNFETCHED,WIKI_UNIVERSE,TRUE,1-2 req/sec max; cache responses,,Candidate official Wiki Universe source.
src:wiki-region:kathkan,region:kathkan,REGION,https://wiki.leagueoflegends.com/en-us/Universe%3AKathkan,WIKI_UNIVERSE,OFFICIAL_COMMUNITY_REFERENCE,P1,UNFETCHED,WIKI_UNIVERSE,TRUE,1-2 req/sec max; cache responses,,Candidate official Wiki Universe source.
src:wiki-faction:ascended,faction:ascended,FACTION,https://wiki.leagueoflegends.com/en-us/Universe%3AAscended,WIKI_UNIVERSE,OFFICIAL_COMMUNITY_REFERENCE,P1,UNFETCHED,WIKI_UNIVERSE,TRUE,1-2 req/sec max; cache responses,,Candidate official Wiki Universe source; resolve aliases/canonical page.
src:wiki-faction:darkin,faction:darkin,FACTION,https://wiki.leagueoflegends.com/en-us/Universe%3ADarkin,WIKI_UNIVERSE,OFFICIAL_COMMUNITY_REFERENCE,P1,UNFETCHED,WIKI_UNIVERSE,TRUE,1-2 req/sec max; cache responses,,Candidate official Wiki Universe source; resolve aliases/canonical page.
src:wiki-faction:black-rose,faction:black-rose,FACTION,https://wiki.leagueoflegends.com/en-us/Universe%3ABlack_Rose,WIKI_UNIVERSE,OFFICIAL_COMMUNITY_REFERENCE,P1,UNFETCHED,WIKI_UNIVERSE,TRUE,1-2 req/sec max; cache responses,,Candidate official Wiki Universe source; resolve aliases/canonical page.
src:wiki-faction:kinkou,faction:kinkou,FACTION,https://wiki.leagueoflegends.com/en-us/Universe%3AKinkou_Order,WIKI_UNIVERSE,OFFICIAL_COMMUNITY_REFERENCE,P1,UNFETCHED,WIKI_UNIVERSE,TRUE,1-2 req/sec max; cache responses,,Candidate official Wiki Universe source; resolve aliases/canonical page.
src:wiki-faction:order-shadow,faction:order-shadow,FACTION,https://wiki.leagueoflegends.com/en-us/Universe%3AOrder_of_Shadow,WIKI_UNIVERSE,OFFICIAL_COMMUNITY_REFERENCE,P1,UNFETCHED,WIKI_UNIVERSE,TRUE,1-2 req/sec max; cache responses,,Candidate official Wiki Universe source; resolve aliases/canonical page.
src:wiki-faction:sentinels-light,faction:sentinels-light,FACTION,https://wiki.leagueoflegends.com/en-us/Universe%3ASentinels_of_Light,WIKI_UNIVERSE,OFFICIAL_COMMUNITY_REFERENCE,P1,UNFETCHED,WIKI_UNIVERSE,TRUE,1-2 req/sec max; cache responses,,Candidate official Wiki Universe source; resolve aliases/canonical page.
src:wiki-faction:solari,faction:solari,FACTION,https://wiki.leagueoflegends.com/en-us/Universe%3ASolari,WIKI_UNIVERSE,OFFICIAL_COMMUNITY_REFERENCE,P1,UNFETCHED,WIKI_UNIVERSE,TRUE,1-2 req/sec max; cache responses,,Candidate official Wiki Universe source; resolve aliases/canonical page.
src:wiki-faction:lunari,faction:lunari,FACTION,https://wiki.leagueoflegends.com/en-us/Universe%3ALunari,WIKI_UNIVERSE,OFFICIAL_COMMUNITY_REFERENCE,P1,UNFETCHED,WIKI_UNIVERSE,TRUE,1-2 req/sec max; cache responses,,Candidate official Wiki Universe source; resolve aliases/canonical page.
src:wiki-faction:frostguard,faction:frostguard,FACTION,https://wiki.leagueoflegends.com/en-us/Universe%3AFrostguard,WIKI_UNIVERSE,OFFICIAL_COMMUNITY_REFERENCE,P1,UNFETCHED,WIKI_UNIVERSE,TRUE,1-2 req/sec max; cache responses,,Candidate official Wiki Universe source; resolve aliases/canonical page.
src:wiki-faction:avarosan,faction:avarosan,FACTION,https://wiki.leagueoflegends.com/en-us/Universe%3AAvarosan,WIKI_UNIVERSE,OFFICIAL_COMMUNITY_REFERENCE,P1,UNFETCHED,WIKI_UNIVERSE,TRUE,1-2 req/sec max; cache responses,,Candidate official Wiki Universe source; resolve aliases/canonical page.
src:wiki-faction:winter-claw,faction:winter-claw,FACTION,https://wiki.leagueoflegends.com/en-us/Universe%3AWinter's_Claw,WIKI_UNIVERSE,OFFICIAL_COMMUNITY_REFERENCE,P1,UNFETCHED,WIKI_UNIVERSE,TRUE,1-2 req/sec max; cache responses,,Candidate official Wiki Universe source; resolve aliases/canonical page.
src:wiki-faction:noxus,faction:noxus,FACTION,https://wiki.leagueoflegends.com/en-us/Universe%3ANoxian_Empire,WIKI_UNIVERSE,OFFICIAL_COMMUNITY_REFERENCE,P1,UNFETCHED,WIKI_UNIVERSE,TRUE,1-2 req/sec max; cache responses,,Candidate official Wiki Universe source; resolve aliases/canonical page.
src:wiki-faction:trifarix,faction:trifarix,FACTION,https://wiki.leagueoflegends.com/en-us/Universe%3ATrifarix,WIKI_UNIVERSE,OFFICIAL_COMMUNITY_REFERENCE,P1,UNFETCHED,WIKI_UNIVERSE,TRUE,1-2 req/sec max; cache responses,,Candidate official Wiki Universe source; resolve aliases/canonical page.
src:wiki-faction:demacia,faction:demacia,FACTION,https://wiki.leagueoflegends.com/en-us/Universe%3ADemacian_State,WIKI_UNIVERSE,OFFICIAL_COMMUNITY_REFERENCE,P1,UNFETCHED,WIKI_UNIVERSE,TRUE,1-2 req/sec max; cache responses,,Candidate official Wiki Universe source; resolve aliases/canonical page.
src:wiki-faction:mageseekers,faction:mageseekers,FACTION,https://wiki.leagueoflegends.com/en-us/Universe%3AMageseekers,WIKI_UNIVERSE,OFFICIAL_COMMUNITY_REFERENCE,P1,UNFETCHED,WIKI_UNIVERSE,TRUE,1-2 req/sec max; cache responses,,Candidate official Wiki Universe source; resolve aliases/canonical page.
src:wiki-faction:wardens,faction:wardens,FACTION,https://wiki.leagueoflegends.com/en-us/Universe%3APiltover_Wardens,WIKI_UNIVERSE,OFFICIAL_COMMUNITY_REFERENCE,P1,UNFETCHED,WIKI_UNIVERSE,TRUE,1-2 req/sec max; cache responses,,Candidate official Wiki Universe source; resolve aliases/canonical page.
src:wiki-faction:chem-barons,faction:chem-barons,FACTION,https://wiki.leagueoflegends.com/en-us/Universe%3AChem-Barons,WIKI_UNIVERSE,OFFICIAL_COMMUNITY_REFERENCE,P1,UNFETCHED,WIKI_UNIVERSE,TRUE,1-2 req/sec max; cache responses,,Candidate official Wiki Universe source; resolve aliases/canonical page.
src:wiki-faction:glasc,faction:glasc,FACTION,https://wiki.leagueoflegends.com/en-us/Universe%3AGlasc_Industries,WIKI_UNIVERSE,OFFICIAL_COMMUNITY_REFERENCE,P1,UNFETCHED,WIKI_UNIVERSE,TRUE,1-2 req/sec max; cache responses,,Candidate official Wiki Universe source; resolve aliases/canonical page.
src:wiki-faction:buhru,faction:buhru,FACTION,https://wiki.leagueoflegends.com/en-us/Universe%3ABuhru,WIKI_UNIVERSE,OFFICIAL_COMMUNITY_REFERENCE,P1,UNFETCHED,WIKI_UNIVERSE,TRUE,1-2 req/sec max; cache responses,,Candidate official Wiki Universe source; resolve aliases/canonical page.
src:wiki-faction:mistborn,faction:mistborn,FACTION,https://wiki.leagueoflegends.com/en-us/Universe%3ABlack_Mist_%2F_Shadow_Isles,WIKI_UNIVERSE,OFFICIAL_COMMUNITY_REFERENCE,P1,UNFETCHED,WIKI_UNIVERSE,TRUE,1-2 req/sec max; cache responses,,Candidate official Wiki Universe source; resolve aliases/canonical page.
src:wiki-faction:medarda,faction:medarda,FACTION,https://wiki.leagueoflegends.com/en-us/Universe%3AHouse_Medarda,WIKI_UNIVERSE,OFFICIAL_COMMUNITY_REFERENCE,P1,UNFETCHED,WIKI_UNIVERSE,TRUE,1-2 req/sec max; cache responses,,Candidate official Wiki Universe source; resolve aliases/canonical page.
src:wiki-faction:du-couteau,faction:du-couteau,FACTION,https://wiki.leagueoflegends.com/en-us/Universe%3ADu_Couteau_Family,WIKI_UNIVERSE,OFFICIAL_COMMUNITY_REFERENCE,P1,UNFETCHED,WIKI_UNIVERSE,TRUE,1-2 req/sec max; cache responses,,Candidate official Wiki Universe source; resolve aliases/canonical page.
src:wiki-faction:crownguard,faction:crownguard,FACTION,https://wiki.leagueoflegends.com/en-us/Universe%3AHouse_Crownguard,WIKI_UNIVERSE,OFFICIAL_COMMUNITY_REFERENCE,P1,UNFETCHED,WIKI_UNIVERSE,TRUE,1-2 req/sec max; cache responses,,Candidate official Wiki Universe source; resolve aliases/canonical page.
src:wiki-faction:ferros,faction:ferros,FACTION,https://wiki.leagueoflegends.com/en-us/Universe%3AClan_Ferros,WIKI_UNIVERSE,OFFICIAL_COMMUNITY_REFERENCE,P1,UNFETCHED,WIKI_UNIVERSE,TRUE,1-2 req/sec max; cache responses,,Candidate official Wiki Universe source; resolve aliases/canonical page.
src:wiki-artifact:sun-disc,artifact:sun-disc,ARTIFACT,https://wiki.leagueoflegends.com/en-us/Universe%3ASun_Disc,WIKI_UNIVERSE,OFFICIAL_COMMUNITY_REFERENCE,P1,UNFETCHED,WIKI_UNIVERSE,TRUE,1-2 req/sec max; cache responses,,Candidate official Wiki Universe source.
src:wiki-artifact:world-runes,artifact:world-runes,ARTIFACT,https://wiki.leagueoflegends.com/en-us/Universe%3AWorld_Runes,WIKI_UNIVERSE,OFFICIAL_COMMUNITY_REFERENCE,P1,UNFETCHED,WIKI_UNIVERSE,TRUE,1-2 req/sec max; cache responses,,Candidate official Wiki Universe source.
src:wiki-artifact:aion-erna,artifact:aion-erna,ARTIFACT,https://wiki.leagueoflegends.com/en-us/Universe%3AAion_Er'na,WIKI_UNIVERSE,OFFICIAL_COMMUNITY_REFERENCE,P1,UNFETCHED,WIKI_UNIVERSE,TRUE,1-2 req/sec max; cache responses,,Candidate official Wiki Universe source.
src:wiki-artifact:darkin-blade-aatrox,artifact:darkin-blade-aatrox,ARTIFACT,https://wiki.leagueoflegends.com/en-us/Universe%3AAatrox's_Blade,WIKI_UNIVERSE,OFFICIAL_COMMUNITY_REFERENCE,P1,UNFETCHED,WIKI_UNIVERSE,TRUE,1-2 req/sec max; cache responses,,Candidate official Wiki Universe source.
src:wiki-artifact:rhaast-scythe,artifact:rhaast-scythe,ARTIFACT,https://wiki.leagueoflegends.com/en-us/Universe%3ARhaast,WIKI_UNIVERSE,OFFICIAL_COMMUNITY_REFERENCE,P1,UNFETCHED,WIKI_UNIVERSE,TRUE,1-2 req/sec max; cache responses,,Candidate official Wiki Universe source.
src:wiki-artifact:varus-bow,artifact:varus-bow,ARTIFACT,https://wiki.leagueoflegends.com/en-us/Universe%3AVarus's_Bow,WIKI_UNIVERSE,OFFICIAL_COMMUNITY_REFERENCE,P1,UNFETCHED,WIKI_UNIVERSE,TRUE,1-2 req/sec max; cache responses,,Candidate official Wiki Universe source.
src:wiki-artifact:petricite,artifact:petricite,ARTIFACT,https://wiki.leagueoflegends.com/en-us/Universe%3APetricite,WIKI_UNIVERSE,OFFICIAL_COMMUNITY_REFERENCE,P1,UNFETCHED,WIKI_UNIVERSE,TRUE,1-2 req/sec max; cache responses,,Candidate official Wiki Universe source.
src:wiki-artifact:hexcore,artifact:hexcore,ARTIFACT,https://wiki.leagueoflegends.com/en-us/Universe%3AHexcore,WIKI_UNIVERSE,OFFICIAL_COMMUNITY_REFERENCE,P1,UNFETCHED,WIKI_UNIVERSE,TRUE,1-2 req/sec max; cache responses,,Candidate official Wiki Universe source.
src:wiki-artifact:lantern-thresh,artifact:lantern-thresh,ARTIFACT,https://wiki.leagueoflegends.com/en-us/Universe%3AThresh's_Lantern,WIKI_UNIVERSE,OFFICIAL_COMMUNITY_REFERENCE,P1,UNFETCHED,WIKI_UNIVERSE,TRUE,1-2 req/sec max; cache responses,,Candidate official Wiki Universe source.
src:wiki-artifact:blade-ruined-king,artifact:blade-ruined-king,ARTIFACT,https://wiki.leagueoflegends.com/en-us/Universe%3ABlade_of_the_Ruined_King,WIKI_UNIVERSE,OFFICIAL_COMMUNITY_REFERENCE,P1,UNFETCHED,WIKI_UNIVERSE,TRUE,1-2 req/sec max; cache responses,,Candidate official Wiki Universe source.
src:wiki-runeterra-prime,,GLOBAL,https://wiki.leagueoflegends.com/en-us/Universe%3ARuneterra_Prime,WIKI_UNIVERSE,OFFICIAL_COMMUNITY_REFERENCE,P1,DISCOVERED,WIKI_UNIVERSE,TRUE,1-2 req/sec max; cache responses,2026-09-16,Global discovery/index source for recursive ingestion.
src:wiki-recent-history,,GLOBAL,https://wiki.leagueoflegends.com/en-us/Universe%3ARecent_History,WIKI_UNIVERSE,OFFICIAL_COMMUNITY_REFERENCE,P1,DISCOVERED,WIKI_UNIVERSE,TRUE,1-2 req/sec max; cache responses,2026-09-16,Global discovery/index source for recursive ingestion.
src:wiki-tales-runeterra,,GLOBAL,https://wiki.leagueoflegends.com/en-us/Universe%3ATales_of_Runeterra,WIKI_UNIVERSE,OFFICIAL_COMMUNITY_REFERENCE,P1,DISCOVERED,WIKI_UNIVERSE,TRUE,1-2 req/sec max; cache responses,2026-09-16,Global discovery/index source for recursive ingestion.
src:riot-lore-index,,GLOBAL,https://www.leagueoflegends.com/en-us/news/lore/,RIOT_LORE_INDEX,PRIMARY_OFFICIAL,P2,DISCOVERED,GENERIC,TRUE,1-2 req/sec max; cache responses,2026-09-16,Global discovery/index source for recursive ingestion.
src:riot-champion-index,,GLOBAL,https://www.leagueoflegends.com/en-us/champions/,RIOT_CHAMPION_INDEX,PRIMARY_OFFICIAL,P2,DISCOVERED,GENERIC,TRUE,1-2 req/sec max; cache responses,2026-09-16,Global discovery/index source for recursive ingestion.
src:riot-developer-ddragon,,GLOBAL,https://developer.riotgames.com/docs/lol,DEVELOPER_DOCS,PRIMARY_OFFICIAL,P2,DISCOVERED,GENERIC,TRUE,1-2 req/sec max; cache responses,2026-09-16,Global discovery/index source for recursive ingestion.
src:riot-media-index,,GLOBAL,https://www.leagueoflegends.com/en-us/news/media/,RIOT_MEDIA_INDEX,PRIMARY_OFFICIAL,P2,DISCOVERED,GENERIC,TRUE,1-2 req/sec max; cache responses,2026-09-16,Global discovery/index source for recursive ingestion.
