source_id,entity_id,entity_type,title,url,domain,source_type,authority_tier,continuity,canon_status,fetch_status,retrieved_at,notes
src:riot-bio:aatrox,char:aatrox,CHAMPION,Aatrox — CHAMPION_BIO,https://www.leagueoflegends.com/en-us/champions/aatrox/,www.leagueoflegends.com,CHAMPION_BIO,PRIMARY_OFFICIAL,MAIN_RUNETERRA,CURRENT_OR_REVIEW,UNFETCHED,,Use primary Riot text as highest-priority evidence; Wiki should point back to underlying Riot sources.
src:wiki-universe:aatrox,char:aatrox,CHAMPION,Aatrox — WIKI_UNIVERSE,https://wiki.leagueoflegends.com/en-us/Universe%3AAatrox,wiki.leagueoflegends.com,WIKI_UNIVERSE,OFFICIAL_COMMUNITY_REFERENCE,MAIN_RUNETERRA,CURRENT_OR_REVIEW,UNFETCHED,,Use primary Riot text as highest-priority evidence; Wiki should point back to underlying Riot sources.
src:wiki-data:aatrox,char:aatrox,CHAMPION,Aatrox — WIKI_REFERENCE,https://wiki.leagueoflegends.com/en-us/Template%3AData_Aatrox,wiki.leagueoflegends.com,WIKI_REFERENCE,OFFICIAL_COMMUNITY_REFERENCE,MAIN_RUNETERRA,CURRENT_OR_REVIEW,UNFETCHED,,Use primary Riot text as highest-priority evidence; Wiki should point back to underlying Riot sources.
src:ddragon:aatrox,char:aatrox,CHAMPION,Aatrox — DATA_DRAGON,https://ddragon.leagueoflegends.com/cdn/16.18.1/data/en_US/champion/Aatrox.json,ddragon.leagueoflegends.com,DATA_DRAGON,PRIMARY_OFFICIAL_STATIC,MAIN_RUNETERRA,CURRENT_OR_REVIEW,UNFETCHED,,Use primary Riot text as highest-priority evidence; Wiki should point back to underlying Riot sources.
src:riot-bio:ahri,char:ahri,CHAMPION,Ahri — CHAMPION_BIO,https://www.leagueoflegends.com/en-us/champions/ahri/,www.leagueoflegends.com,CHAMPION_BIO,PRIMARY_OFFICIAL,MAIN_RUNETERRA,CURRENT_OR_REVIEW,UNFETCHED,,Use primary Riot text as highest-priority evidence; Wiki should point back to underlying Riot sources.
src:wiki-universe:ahri,char:ahri,CHAMPION,Ahri — WIKI_UNIVERSE,https://wiki.leagueoflegends.com/en-us/Universe%3AAhri,wiki.leagueoflegends.com,WIKI_UNIVERSE,OFFICIAL_COMMUNITY_REFERENCE,MAIN_RUNETERRA,CURRENT_OR_REVIEW,UNFETCHED,,Use primary Riot text as highest-priority evidence; Wiki should point back to underlying Riot sources.
src:wiki-data:ahri,char:ahri,CHAMPION,Ahri — WIKI_REFERENCE,https://wiki.leagueoflegends.com/en-us/Template%3AData_Ahri,wiki.leagueoflegends.com,WIKI_REFERENCE,OFFICIAL_COMMUNITY_REFERENCE,MAIN_RUNETERRA,CURRENT_OR_REVIEW,UNFETCHED,,Use primary Riot text as highest-priority evidence; Wiki should point back to underlying Riot sources.
src:ddragon:ahri,char:ahri,CHAMPION,Ahri — DATA_DRAGON,https://ddragon.leagueoflegends.com/cdn/16.18.1/data/en_US/champion/Ahri.json,ddragon.leagueoflegends.com,DATA_DRAGON,PRIMARY_OFFICIAL_STATIC,MAIN_RUNETERRA,CURRENT_OR_REVIEW,UNFETCHED,,Use primary Riot text as highest-priority evidence; Wiki should point back to underlying Riot sources.
src:riot-bio:akali,char:akali,CHAMPION,Akali — CHAMPION_BIO,https://www.leagueoflegends.com/en-us/champions/akali/,www.leagueoflegends.com,CHAMPION_BIO,PRIMARY_OFFICIAL,MAIN_RUNETERRA,CURRENT_OR_REVIEW,UNFETCHED,,Use primary Riot text as highest-priority evidence; Wiki should point back to underlying Riot sources.
src:wiki-universe:akali,char:akali,CHAMPION,Akali — WIKI_UNIVERSE,https://wiki.leagueoflegends.com/en-us/Universe%3AAkali,wiki.leagueoflegends.com,WIKI_UNIVERSE,OFFICIAL_COMMUNITY_REFERENCE,MAIN_RUNETERRA,CURRENT_OR_REVIEW,UNFETCHED,,Use primary Riot text as highest-priority evidence; Wiki should point back to underlying Riot sources.
src:wiki-data:akali,char:akali,CHAMPION,Akali — WIKI_REFERENCE,https://wiki.leagueoflegends.com/en-us/Template%3AData_Akali,wiki.leagueoflegends.com,WIKI_REFERENCE,OFFICIAL_COMMUNITY_REFERENCE,MAIN_RUNETERRA,CURRENT_OR_REVIEW,UNFETCHED,,Use primary Riot text as highest-priority evidence; Wiki should point back to underlying Riot sources.
src:ddragon:akali,char:akali,CHAMPION,Akali — DATA_DRAGON,https://ddragon.leagueoflegends.com/cdn/16.18.1/data/en_US/champion/Akali.json,ddragon.leagueoflegends.com,DATA_DRAGON,PRIMARY_OFFICIAL_STATIC,MAIN_RUNETERRA,CURRENT_OR_REVIEW,UNFETCHED,,Use primary Riot text as highest-priority evidence; Wiki should point back to underlying Riot sources.
src:riot-bio:akshan,char:akshan,CHAMPION,Akshan — CHAMPION_BIO,https://www.leagueoflegends.com/en-us/champions/akshan/,www.leagueoflegends.com,CHAMPION_BIO,PRIMARY_OFFICIAL,MAIN_RUNETERRA,CURRENT_OR_REVIEW,UNFETCHED,,Use primary Riot text as highest-priority evidence; Wiki should point back to underlying Riot sources.
src:wiki-universe:akshan,char:akshan,CHAMPION,Akshan — WIKI_UNIVERSE,https://wiki.leagueoflegends.com/en-us/Universe%3AAkshan,wiki.leagueoflegends.com,WIKI_UNIVERSE,OFFICIAL_COMMUNITY_REFERENCE,MAIN_RUNETERRA,CURRENT_OR_REVIEW,UNFETCHED,,Use primary Riot text as highest-priority evidence; Wiki should point back to underlying Riot sources.
src:wiki-data:akshan,char:akshan,CHAMPION,Akshan — WIKI_REFERENCE,https://wiki.leagueoflegends.com/en-us/Template%3AData_Akshan,wiki.leagueoflegends.com,WIKI_REFERENCE,OFFICIAL_COMMUNITY_REFERENCE,MAIN_RUNETERRA,CURRENT_OR_REVIEW,UNFETCHED,,Use primary Riot text as highest-priority evidence; Wiki should point back to underlying Riot sources.
src:ddragon:akshan,char:akshan,CHAMPION,Akshan — DATA_DRAGON,https://ddragon.leagueoflegends.com/cdn/16.18.1/data/en_US/champion/Akshan.json,ddragon.leagueoflegends.com,DATA_DRAGON,PRIMARY_OFFICIAL_STATIC,MAIN_RUNETERRA,CURRENT_OR_REVIEW,UNFETCHED,,Use primary Riot text as highest-priority evidence; Wiki should point back to underlying Riot sources.
src:riot-bio:alistar,char:alistar,CHAMPION,Alistar — CHAMPION_BIO,https://www.leagueoflegends.com/en-us/champions/alistar/,www.leagueoflegends.com,CHAMPION_BIO,PRIMARY_OFFICIAL,MAIN_RUNETERRA,CURRENT_OR_REVIEW,UNFETCHED,,Use primary Riot text as highest-priority evidence; Wiki should point back to underlying Riot sources.
src:wiki-universe:alistar,char:alistar,CHAMPION,Alistar — WIKI_UNIVERSE,https://wiki.leagueoflegends.com/en-us/Universe%3AAlistar,wiki.leagueoflegends.com,WIKI_UNIVERSE,OFFICIAL_COMMUNITY_REFERENCE,MAIN_RUNETERRA,CURRENT_OR_REVIEW,UNFETCHED,,Use primary Riot text as highest-priority evidence; Wiki should point back to underlying Riot sources.
src:wiki-data:alistar,char:alistar,CHAMPION,Alistar — WIKI_REFERENCE,https://wiki.leagueoflegends.com/en-us/Template%3AData_Alistar,wiki.leagueoflegends.com,WIKI_REFERENCE,OFFICIAL_COMMUNITY_REFERENCE,MAIN_RUNETERRA,CURRENT_OR_REVIEW,UNFETCHED,,Use primary Riot text as highest-priority evidence; Wiki should point back to underlying Riot sources.
src:ddragon:alistar,char:alistar,CHAMPION,Alistar — DATA_DRAGON,https://ddragon.leagueoflegends.com/cdn/16.18.1/data/en_US/champion/Alistar.json,ddragon.leagueoflegends.com,DATA_DRAGON,PRIMARY_OFFICIAL_STATIC,MAIN_RUNETERRA,CURRENT_OR_REVIEW,UNFETCHED,,Use primary Riot text as highest-priority evidence; Wiki should point back to underlying Riot sources.
src:riot-bio:ambessa,char:ambessa,CHAMPION,Ambessa — CHAMPION_BIO,https://www.leagueoflegends.com/en-us/champions/ambessa/,www.leagueoflegends.com,CHAMPION_BIO,PRIMARY_OFFICIAL,MAIN_RUNETERRA,CURRENT_OR_REVIEW,UNFETCHED,,Use primary Riot text as highest-priority evidence; Wiki should point back to underlying Riot sources.
src:wiki-universe:ambessa,char:ambessa,CHAMPION,Ambessa — WIKI_UNIVERSE,https://wiki.leagueoflegends.com/en-us/Universe%3AAmbessa,wiki.leagueoflegends.com,WIKI_UNIVERSE,OFFICIAL_COMMUNITY_REFERENCE,MAIN_RUNETERRA,CURRENT_OR_REVIEW,UNFETCHED,,Use primary Riot text as highest-priority evidence; Wiki should point back to underlying Riot sources.
src:wiki-data:ambessa,char:ambessa,CHAMPION,Ambessa — WIKI_REFERENCE,https://wiki.leagueoflegends.com/en-us/Template%3AData_Ambessa,wiki.leagueoflegends.com,WIKI_REFERENCE,OFFICIAL_COMMUNITY_REFERENCE,MAIN_RUNETERRA,CURRENT_OR_REVIEW,UNFETCHED,,Use primary Riot text as highest-priority evidence; Wiki should point back to underlying Riot sources.
src:ddragon:ambessa,char:ambessa,CHAMPION,Ambessa — DATA_DRAGON,https://ddragon.leagueoflegends.com/cdn/16.18.1/data/en_US/champion/Ambessa.json,ddragon.leagueoflegends.com,DATA_DRAGON,PRIMARY_OFFICIAL_STATIC,MAIN_RUNETERRA,CURRENT_OR_REVIEW,UNFETCHED,,Use primary Riot text as highest-priority evidence; Wiki should point back to underlying Riot sources.
src:riot-bio:amumu,char:amumu,CHAMPION,Amumu — CHAMPION_BIO,https://www.leagueoflegends.com/en-us/champions/amumu/,www.leagueoflegends.com,CHAMPION_BIO,PRIMARY_OFFICIAL,MAIN_RUNETERRA,CURRENT_OR_REVIEW,UNFETCHED,,Use primary Riot text as highest-priority evidence; Wiki should point back to underlying Riot sources.
src:wiki-universe:amumu,char:amumu,CHAMPION,Amumu — WIKI_UNIVERSE,https://wiki.leagueoflegends.com/en-us/Universe%3AAmumu,wiki.leagueoflegends.com,WIKI_UNIVERSE,OFFICIAL_COMMUNITY_REFERENCE,MAIN_RUNETERRA,CURRENT_OR_REVIEW,UNFETCHED,,Use primary Riot text as highest-priority evidence; Wiki should point back to underlying Riot sources.
src:wiki-data:amumu,char:amumu,CHAMPION,Amumu — WIKI_REFERENCE,https://wiki.leagueoflegends.com/en-us/Template%3AData_Amumu,wiki.leagueoflegends.com,WIKI_REFERENCE,OFFICIAL_COMMUNITY_REFERENCE,MAIN_RUNETERRA,CURRENT_OR_REVIEW,UNFETCHED,,Use primary Riot text as highest-priority evidence; Wiki should point back to underlying Riot sources.
src:ddragon:amumu,char:amumu,CHAMPION,Amumu — DATA_DRAGON,https://ddragon.leagueoflegends.com/cdn/16.18.1/data/en_US/champion/Amumu.json,ddragon.leagueoflegends.com,DATA_DRAGON,PRIMARY_OFFICIAL_STATIC,MAIN_RUNETERRA,CURRENT_OR_REVIEW,UNFETCHED,,Use primary Riot text as highest-priority evidence; Wiki should point back to underlying Riot sources.
src:riot-bio:anivia,char:anivia,CHAMPION,Anivia — CHAMPION_BIO,https://www.leagueoflegends.com/en-us/champions/anivia/,www.leagueoflegends.com,CHAMPION_BIO,PRIMARY_OFFICIAL,MAIN_RUNETERRA,CURRENT_OR_REVIEW,UNFETCHED,,Use primary Riot text as highest-priority evidence; Wiki should point back to underlying Riot sources.
src:wiki-universe:anivia,char:anivia,CHAMPION,Anivia — WIKI_UNIVERSE,https://wiki.leagueoflegends.com/en-us/Universe%3AAnivia,wiki.leagueoflegends.com,WIKI_UNIVERSE,OFFICIAL_COMMUNITY_REFERENCE,MAIN_RUNETERRA,CURRENT_OR_REVIEW,UNFETCHED,,Use primary Riot text as highest-priority evidence; Wiki should point back to underlying Riot sources.
src:wiki-data:anivia,char:anivia,CHAMPION,Anivia — WIKI_REFERENCE,https://wiki.leagueoflegends.com/en-us/Template%3AData_Anivia,wiki.leagueoflegends.com,WIKI_REFERENCE,OFFICIAL_COMMUNITY_REFERENCE,MAIN_RUNETERRA,CURRENT_OR_REVIEW,UNFETCHED,,Use primary Riot text as highest-priority evidence; Wiki should point back to underlying Riot sources.
src:ddragon:anivia,char:anivia,CHAMPION,Anivia — DATA_DRAGON,https://ddragon.leagueoflegends.com/cdn/16.18.1/data/en_US/champion/Anivia.json,ddragon.leagueoflegends.com,DATA_DRAGON,PRIMARY_OFFICIAL_STATIC,MAIN_RUNETERRA,CURRENT_OR_REVIEW,UNFETCHED,,Use primary Riot text as highest-priority evidence; Wiki should point back to underlying Riot sources.
src:riot-bio:annie,char:annie,CHAMPION,Annie — CHAMPION_BIO,https://www.leagueoflegends.com/en-us/champions/annie/,www.leagueoflegends.com,CHAMPION_BIO,PRIMARY_OFFICIAL,MAIN_RUNETERRA,CURRENT_OR_REVIEW,UNFETCHED,,Use primary Riot text as highest-priority evidence; Wiki should point back to underlying Riot sources.
src:wiki-universe:annie,char:annie,CHAMPION,Annie — WIKI_UNIVERSE,https://wiki.leagueoflegends.com/en-us/Universe%3AAnnie,wiki.leagueoflegends.com,WIKI_UNIVERSE,OFFICIAL_COMMUNITY_REFERENCE,MAIN_RUNETERRA,CURRENT_OR_REVIEW,UNFETCHED,,Use primary Riot text as highest-priority evidence; Wiki should point back to underlying Riot sources.
src:wiki-data:annie,char:annie,CHAMPION,Annie — WIKI_REFERENCE,https://wiki.leagueoflegends.com/en-us/Template%3AData_Annie,wiki.leagueoflegends.com,WIKI_REFERENCE,OFFICIAL_COMMUNITY_REFERENCE,MAIN_RUNETERRA,CURRENT_OR_REVIEW,UNFETCHED,,Use primary Riot text as highest-priority evidence; Wiki should point back to underlying Riot sources.
src:ddragon:annie,char:annie,CHAMPION,Annie — DATA_DRAGON,https://ddragon.leagueoflegends.com/cdn/16.18.1/data/en_US/champion/Annie.json,ddragon.leagueoflegends.com,DATA_DRAGON,PRIMARY_OFFICIAL_STATIC,MAIN_RUNETERRA,CURRENT_OR_REVIEW,UNFETCHED,,Use primary Riot text as highest-priority evidence; Wiki should point back to underlying Riot sources.
src:riot-bio:aphelios,char:aphelios,CHAMPION,Aphelios — CHAMPION_BIO,https://www.leagueoflegends.com/en-us/champions/aphelios/,www.leagueoflegends.com,CHAMPION_BIO,PRIMARY_OFFICIAL,MAIN_RUNETERRA,CURRENT_OR_REVIEW,UNFETCHED,,Use primary Riot text as highest-priority evidence; Wiki should point back to underlying Riot sources.
src:wiki-universe:aphelios,char:aphelios,CHAMPION,Aphelios — WIKI_UNIVERSE,https://wiki.leagueoflegends.com/en-us/Universe%3AAphelios,wiki.leagueoflegends.com,WIKI_UNIVERSE,OFFICIAL_COMMUNITY_REFERENCE,MAIN_RUNETERRA,CURRENT_OR_REVIEW,UNFETCHED,,Use primary Riot text as highest-priority evidence; Wiki should point back to underlying Riot sources.
src:wiki-data:aphelios,char:aphelios,CHAMPION,Aphelios — WIKI_REFERENCE,https://wiki.leagueoflegends.com/en-us/Template%3AData_Aphelios,wiki.leagueoflegends.com,WIKI_REFERENCE,OFFICIAL_COMMUNITY_REFERENCE,MAIN_RUNETERRA,CURRENT_OR_REVIEW,UNFETCHED,,Use primary Riot text as highest-priority evidence; Wiki should point back to underlying Riot sources.
src:ddragon:aphelios,char:aphelios,CHAMPION,Aphelios — DATA_DRAGON,https://ddragon.leagueoflegends.com/cdn/16.18.1/data/en_US/champion/Aphelios.json,ddragon.leagueoflegends.com,DATA_DRAGON,PRIMARY_OFFICIAL_STATIC,MAIN_RUNETERRA,CURRENT_OR_REVIEW,UNFETCHED,,Use primary Riot text as highest-priority evidence; Wiki should point back to underlying Riot sources.
src:riot-bio:ashe,char:ashe,CHAMPION,Ashe — CHAMPION_BIO,https://www.leagueoflegends.com/en-us/champions/ashe/,www.leagueoflegends.com,CHAMPION_BIO,PRIMARY_OFFICIAL,MAIN_RUNETERRA,CURRENT_OR_REVIEW,UNFETCHED,,Use primary Riot text as highest-priority evidence; Wiki should point back to underlying Riot sources.
src:wiki-universe:ashe,char:ashe,CHAMPION,Ashe — WIKI_UNIVERSE,https://wiki.leagueoflegends.com/en-us/Universe%3AAshe,wiki.leagueoflegends.com,WIKI_UNIVERSE,OFFICIAL_COMMUNITY_REFERENCE,MAIN_RUNETERRA,CURRENT_OR_REVIEW,UNFETCHED,,Use primary Riot text as highest-priority evidence; Wiki should point back to underlying Riot sources.
src:wiki-data:ashe,char:ashe,CHAMPION,Ashe — WIKI_REFERENCE,https://wiki.leagueoflegends.com/en-us/Template%3AData_Ashe,wiki.leagueoflegends.com,WIKI_REFERENCE,OFFICIAL_COMMUNITY_REFERENCE,MAIN_RUNETERRA,CURRENT_OR_REVIEW,UNFETCHED,,Use primary Riot text as highest-priority evidence; Wiki should point back to underlying Riot sources.
src:ddragon:ashe,char:ashe,CHAMPION,Ashe — DATA_DRAGON,https://ddragon.leagueoflegends.com/cdn/16.18.1/data/en_US/champion/Ashe.json,ddragon.leagueoflegends.com,DATA_DRAGON,PRIMARY_OFFICIAL_STATIC,MAIN_RUNETERRA,CURRENT_OR_REVIEW,UNFETCHED,,Use primary Riot text as highest-priority evidence; Wiki should point back to underlying Riot sources.
src:riot-bio:aurelion-sol,char:aurelion-sol,CHAMPION,Aurelion Sol — CHAMPION_BIO,https://www.leagueoflegends.com/en-us/champions/aurelion-sol/,www.leagueoflegends.com,CHAMPION_BIO,PRIMARY_OFFICIAL,MAIN_RUNETERRA,CURRENT_OR_REVIEW,UNFETCHED,,Use primary Riot text as highest-priority evidence; Wiki should point back to underlying Riot sources.
src:wiki-universe:aurelion-sol,char:aurelion-sol,CHAMPION,Aurelion Sol — WIKI_UNIVERSE,https://wiki.leagueoflegends.com/en-us/Universe%3AAurelion_Sol,wiki.leagueoflegends.com,WIKI_UNIVERSE,OFFICIAL_COMMUNITY_REFERENCE,MAIN_RUNETERRA,CURRENT_OR_REVIEW,UNFETCHED,,Use primary Riot text as highest-priority evidence; Wiki should point back to underlying Riot sources.
src:wiki-data:aurelion-sol,char:aurelion-sol,CHAMPION,Aurelion Sol — WIKI_REFERENCE,https://wiki.leagueoflegends.com/en-us/Template%3AData_Aurelion_Sol,wiki.leagueoflegends.com,WIKI_REFERENCE,OFFICIAL_COMMUNITY_REFERENCE,MAIN_RUNETERRA,CURRENT_OR_REVIEW,UNFETCHED,,Use primary Riot text as highest-priority evidence; Wiki should point back to underlying Riot sources.
src:ddragon:aurelion-sol,char:aurelion-sol,CHAMPION,Aurelion Sol — DATA_DRAGON,https://ddragon.leagueoflegends.com/cdn/16.18.1/data/en_US/champion/AurelionSol.json,ddragon.leagueoflegends.com,DATA_DRAGON,PRIMARY_OFFICIAL_STATIC,MAIN_RUNETERRA,CURRENT_OR_REVIEW,UNFETCHED,,Use primary Riot text as highest-priority evidence; Wiki should point back to underlying Riot sources.
src:riot-bio:aurora,char:aurora,CHAMPION,Aurora — CHAMPION_BIO,https://www.leagueoflegends.com/en-us/champions/aurora/,www.leagueoflegends.com,CHAMPION_BIO,PRIMARY_OFFICIAL,MAIN_RUNETERRA,CURRENT_OR_REVIEW,UNFETCHED,,Use primary Riot text as highest-priority evidence; Wiki should point back to underlying Riot sources.
src:wiki-universe:aurora,char:aurora,CHAMPION,Aurora — WIKI_UNIVERSE,https://wiki.leagueoflegends.com/en-us/Universe%3AAurora,wiki.leagueoflegends.com,WIKI_UNIVERSE,OFFICIAL_COMMUNITY_REFERENCE,MAIN_RUNETERRA,CURRENT_OR_REVIEW,UNFETCHED,,Use primary Riot text as highest-priority evidence; Wiki should point back to underlying Riot sources.
src:wiki-data:aurora,char:aurora,CHAMPION,Aurora — WIKI_REFERENCE,https://wiki.leagueoflegends.com/en-us/Template%3AData_Aurora,wiki.leagueoflegends.com,WIKI_REFERENCE,OFFICIAL_COMMUNITY_REFERENCE,MAIN_RUNETERRA,CURRENT_OR_REVIEW,UNFETCHED,,Use primary Riot text as highest-priority evidence; Wiki should point back to underlying Riot sources.
src:ddragon:aurora,char:aurora,CHAMPION,Aurora — DATA_DRAGON,https://ddragon.leagueoflegends.com/cdn/16.18.1/data/en_US/champion/Aurora.json,ddragon.leagueoflegends.com,DATA_DRAGON,PRIMARY_OFFICIAL_STATIC,MAIN_RUNETERRA,CURRENT_OR_REVIEW,UNFETCHED,,Use primary Riot text as highest-priority evidence; Wiki should point back to underlying Riot sources.
src:riot-bio:azir,char:azir,CHAMPION,Azir — CHAMPION_BIO,https://www.leagueoflegends.com/en-us/champions/azir/,www.leagueoflegends.com,CHAMPION_BIO,PRIMARY_OFFICIAL,MAIN_RUNETERRA,CURRENT_OR_REVIEW,UNFETCHED,,Use primary Riot text as highest-priority evidence; Wiki should point back to underlying Riot sources.
src:wiki-universe:azir,char:azir,CHAMPION,Azir — WIKI_UNIVERSE,https://wiki.leagueoflegends.com/en-us/Universe%3AAzir,wiki.leagueoflegends.com,WIKI_UNIVERSE,OFFICIAL_COMMUNITY_REFERENCE,MAIN_RUNETERRA,CURRENT_OR_REVIEW,UNFETCHED,,Use primary Riot text as highest-priority evidence; Wiki should point back to underlying Riot sources.
src:wiki-data:azir,char:azir,CHAMPION,Azir — WIKI_REFERENCE,https://wiki.leagueoflegends.com/en-us/Template%3AData_Azir,wiki.leagueoflegends.com,WIKI_REFERENCE,OFFICIAL_COMMUNITY_REFERENCE,MAIN_RUNETERRA,CURRENT_OR_REVIEW,UNFETCHED,,Use primary Riot text as highest-priority evidence; Wiki should point back to underlying Riot sources.
src:ddragon:azir,char:azir,CHAMPION,Azir — DATA_DRAGON,https://ddragon.leagueoflegends.com/cdn/16.18.1/data/en_US/champion/Azir.json,ddragon.leagueoflegends.com,DATA_DRAGON,PRIMARY_OFFICIAL_STATIC,MAIN_RUNETERRA,CURRENT_OR_REVIEW,UNFETCHED,,Use primary Riot text as highest-priority evidence; Wiki should point back to underlying Riot sources.
src:riot-bio:bard,char:bard,CHAMPION,Bard — CHAMPION_BIO,https://www.leagueoflegends.com/en-us/champions/bard/,www.leagueoflegends.com,CHAMPION_BIO,PRIMARY_OFFICIAL,MAIN_RUNETERRA,CURRENT_OR_REVIEW,UNFETCHED,,Use primary Riot text as highest-priority evidence; Wiki should point back to underlying Riot sources.
src:wiki-universe:bard,char:bard,CHAMPION,Bard — WIKI_UNIVERSE,https://wiki.leagueoflegends.com/en-us/Universe%3ABard,wiki.leagueoflegends.com,WIKI_UNIVERSE,OFFICIAL_COMMUNITY_REFERENCE,MAIN_RUNETERRA,CURRENT_OR_REVIEW,UNFETCHED,,Use primary Riot text as highest-priority evidence; Wiki should point back to underlying Riot sources.
src:wiki-data:bard,char:bard,CHAMPION,Bard — WIKI_REFERENCE,https://wiki.leagueoflegends.com/en-us/Template%3AData_Bard,wiki.leagueoflegends.com,WIKI_REFERENCE,OFFICIAL_COMMUNITY_REFERENCE,MAIN_RUNETERRA,CURRENT_OR_REVIEW,UNFETCHED,,Use primary Riot text as highest-priority evidence; Wiki should point back to underlying Riot sources.
src:ddragon:bard,char:bard,CHAMPION,Bard — DATA_DRAGON,https://ddragon.leagueoflegends.com/cdn/16.18.1/data/en_US/champion/Bard.json,ddragon.leagueoflegends.com,DATA_DRAGON,PRIMARY_OFFICIAL_STATIC,MAIN_RUNETERRA,CURRENT_OR_REVIEW,UNFETCHED,,Use primary Riot text as highest-priority evidence; Wiki should point back to underlying Riot sources.
src:riot-bio:bel-veth,char:bel-veth,CHAMPION,Bel'Veth — CHAMPION_BIO,https://www.leagueoflegends.com/en-us/champions/bel-veth/,www.leagueoflegends.com,CHAMPION_BIO,PRIMARY_OFFICIAL,MAIN_RUNETERRA,CURRENT_OR_REVIEW,UNFETCHED,,Use primary Riot text as highest-priority evidence; Wiki should point back to underlying Riot sources.
src:wiki-universe:bel-veth,char:bel-veth,CHAMPION,Bel'Veth — WIKI_UNIVERSE,https://wiki.leagueoflegends.com/en-us/Universe%3ABel'Veth,wiki.leagueoflegends.com,WIKI_UNIVERSE,OFFICIAL_COMMUNITY_REFERENCE,MAIN_RUNETERRA,CURRENT_OR_REVIEW,UNFETCHED,,Use primary Riot text as highest-priority evidence; Wiki should point back to underlying Riot sources.
src:wiki-data:bel-veth,char:bel-veth,CHAMPION,Bel'Veth — WIKI_REFERENCE,https://wiki.leagueoflegends.com/en-us/Template%3AData_Bel'Veth,wiki.leagueoflegends.com,WIKI_REFERENCE,OFFICIAL_COMMUNITY_REFERENCE,MAIN_RUNETERRA,CURRENT_OR_REVIEW,UNFETCHED,,Use primary Riot text as highest-priority evidence; Wiki should point back to underlying Riot sources.
src:ddragon:bel-veth,char:bel-veth,CHAMPION,Bel'Veth — DATA_DRAGON,https://ddragon.leagueoflegends.com/cdn/16.18.1/data/en_US/champion/Belveth.json,ddragon.leagueoflegends.com,DATA_DRAGON,PRIMARY_OFFICIAL_STATIC,MAIN_RUNETERRA,CURRENT_OR_REVIEW,UNFETCHED,,Use primary Riot text as highest-priority evidence; Wiki should point back to underlying Riot sources.
src:riot-bio:blitzcrank,char:blitzcrank,CHAMPION,Blitzcrank — CHAMPION_BIO,https://www.leagueoflegends.com/en-us/champions/blitzcrank/,www.leagueoflegends.com,CHAMPION_BIO,PRIMARY_OFFICIAL,MAIN_RUNETERRA,CURRENT_OR_REVIEW,UNFETCHED,,Use primary Riot text as highest-priority evidence; Wiki should point back to underlying Riot sources.
src:wiki-universe:blitzcrank,char:blitzcrank,CHAMPION,Blitzcrank — WIKI_UNIVERSE,https://wiki.leagueoflegends.com/en-us/Universe%3ABlitzcrank,wiki.leagueoflegends.com,WIKI_UNIVERSE,OFFICIAL_COMMUNITY_REFERENCE,MAIN_RUNETERRA,CURRENT_OR_REVIEW,UNFETCHED,,Use primary Riot text as highest-priority evidence; Wiki should point back to underlying Riot sources.
src:wiki-data:blitzcrank,char:blitzcrank,CHAMPION,Blitzcrank — WIKI_REFERENCE,https://wiki.leagueoflegends.com/en-us/Template%3AData_Blitzcrank,wiki.leagueoflegends.com,WIKI_REFERENCE,OFFICIAL_COMMUNITY_REFERENCE,MAIN_RUNETERRA,CURRENT_OR_REVIEW,UNFETCHED,,Use primary Riot text as highest-priority evidence; Wiki should point back to underlying Riot sources.
src:ddragon:blitzcrank,char:blitzcrank,CHAMPION,Blitzcrank — DATA_DRAGON,https://ddragon.leagueoflegends.com/cdn/16.18.1/data/en_US/champion/Blitzcrank.json,ddragon.leagueoflegends.com,DATA_DRAGON,PRIMARY_OFFICIAL_STATIC,MAIN_RUNETERRA,CURRENT_OR_REVIEW,UNFETCHED,,Use primary Riot text as highest-priority evidence; Wiki should point back to underlying Riot sources.
src:riot-bio:brand,char:brand,CHAMPION,Brand — CHAMPION_BIO,https://www.leagueoflegends.com/en-us/champions/brand/,www.leagueoflegends.com,CHAMPION_BIO,PRIMARY_OFFICIAL,MAIN_RUNETERRA,CURRENT_OR_REVIEW,UNFETCHED,,Use primary Riot text as highest-priority evidence; Wiki should point back to underlying Riot sources.
src:wiki-universe:brand,char:brand,CHAMPION,Brand — WIKI_UNIVERSE,https://wiki.leagueoflegends.com/en-us/Universe%3ABrand,wiki.leagueoflegends.com,WIKI_UNIVERSE,OFFICIAL_COMMUNITY_REFERENCE,MAIN_RUNETERRA,CURRENT_OR_REVIEW,UNFETCHED,,Use primary Riot text as highest-priority evidence; Wiki should point back to underlying Riot sources.
src:wiki-data:brand,char:brand,CHAMPION,Brand — WIKI_REFERENCE,https://wiki.leagueoflegends.com/en-us/Template%3AData_Brand,wiki.leagueoflegends.com,WIKI_REFERENCE,OFFICIAL_COMMUNITY_REFERENCE,MAIN_RUNETERRA,CURRENT_OR_REVIEW,UNFETCHED,,Use primary Riot text as highest-priority evidence; Wiki should point back to underlying Riot sources.
src:ddragon:brand,char:brand,CHAMPION,Brand — DATA_DRAGON,https://ddragon.leagueoflegends.com/cdn/16.18.1/data/en_US/champion/Brand.json,ddragon.leagueoflegends.com,DATA_DRAGON,PRIMARY_OFFICIAL_STATIC,MAIN_RUNETERRA,CURRENT_OR_REVIEW,UNFETCHED,,Use primary Riot text as highest-priority evidence; Wiki should point back to underlying Riot sources.
src:riot-bio:braum,char:braum,CHAMPION,Braum — CHAMPION_BIO,https://www.leagueoflegends.com/en-us/champions/braum/,www.leagueoflegends.com,CHAMPION_BIO,PRIMARY_OFFICIAL,MAIN_RUNETERRA,CURRENT_OR_REVIEW,UNFETCHED,,Use primary Riot text as highest-priority evidence; Wiki should point back to underlying Riot sources.
src:wiki-universe:braum,char:braum,CHAMPION,Braum — WIKI_UNIVERSE,https://wiki.leagueoflegends.com/en-us/Universe%3ABraum,wiki.leagueoflegends.com,WIKI_UNIVERSE,OFFICIAL_COMMUNITY_REFERENCE,MAIN_RUNETERRA,CURRENT_OR_REVIEW,UNFETCHED,,Use primary Riot text as highest-priority evidence; Wiki should point back to underlying Riot sources.
src:wiki-data:braum,char:braum,CHAMPION,Braum — WIKI_REFERENCE,https://wiki.leagueoflegends.com/en-us/Template%3AData_Braum,wiki.leagueoflegends.com,WIKI_REFERENCE,OFFICIAL_COMMUNITY_REFERENCE,MAIN_RUNETERRA,CURRENT_OR_REVIEW,UNFETCHED,,Use primary Riot text as highest-priority evidence; Wiki should point back to underlying Riot sources.
src:ddragon:braum,char:braum,CHAMPION,Braum — DATA_DRAGON,https://ddragon.leagueoflegends.com/cdn/16.18.1/data/en_US/champion/Braum.json,ddragon.leagueoflegends.com,DATA_DRAGON,PRIMARY_OFFICIAL_STATIC,MAIN_RUNETERRA,CURRENT_OR_REVIEW,UNFETCHED,,Use primary Riot text as highest-priority evidence; Wiki should point back to underlying Riot sources.
src:riot-bio:briar,char:briar,CHAMPION,Briar — CHAMPION_BIO,https://www.leagueoflegends.com/en-us/champions/briar/,www.leagueoflegends.com,CHAMPION_BIO,PRIMARY_OFFICIAL,MAIN_RUNETERRA,CURRENT_OR_REVIEW,UNFETCHED,,Use primary Riot text as highest-priority evidence; Wiki should point back to underlying Riot sources.
src:wiki-universe:briar,char:briar,CHAMPION,Briar — WIKI_UNIVERSE,https://wiki.leagueoflegends.com/en-us/Universe%3ABriar,wiki.leagueoflegends.com,WIKI_UNIVERSE,OFFICIAL_COMMUNITY_REFERENCE,MAIN_RUNETERRA,CURRENT_OR_REVIEW,UNFETCHED,,Use primary Riot text as highest-priority evidence; Wiki should point back to underlying Riot sources.
src:wiki-data:briar,char:briar,CHAMPION,Briar — WIKI_REFERENCE,https://wiki.leagueoflegends.com/en-us/Template%3AData_Briar,wiki.leagueoflegends.com,WIKI_REFERENCE,OFFICIAL_COMMUNITY_REFERENCE,MAIN_RUNETERRA,CURRENT_OR_REVIEW,UNFETCHED,,Use primary Riot text as highest-priority evidence; Wiki should point back to underlying Riot sources.
src:ddragon:briar,char:briar,CHAMPION,Briar — DATA_DRAGON,https://ddragon.leagueoflegends.com/cdn/16.18.1/data/en_US/champion/Briar.json,ddragon.leagueoflegends.com,DATA_DRAGON,PRIMARY_OFFICIAL_STATIC,MAIN_RUNETERRA,CURRENT_OR_REVIEW,UNFETCHED,,Use primary Riot text as highest-priority evidence; Wiki should point back to underlying Riot sources.
src:riot-bio:caitlyn,char:caitlyn,CHAMPION,Caitlyn — CHAMPION_BIO,https://www.leagueoflegends.com/en-us/champions/caitlyn/,www.leagueoflegends.com,CHAMPION_BIO,PRIMARY_OFFICIAL,MAIN_RUNETERRA,CURRENT_OR_REVIEW,UNFETCHED,,Use primary Riot text as highest-priority evidence; Wiki should point back to underlying Riot sources.
src:wiki-universe:caitlyn,char:caitlyn,CHAMPION,Caitlyn — WIKI_UNIVERSE,https://wiki.leagueoflegends.com/en-us/Universe%3ACaitlyn,wiki.leagueoflegends.com,WIKI_UNIVERSE,OFFICIAL_COMMUNITY_REFERENCE,MAIN_RUNETERRA,CURRENT_OR_REVIEW,UNFETCHED,,Use primary Riot text as highest-priority evidence; Wiki should point back to underlying Riot sources.
src:wiki-data:caitlyn,char:caitlyn,CHAMPION,Caitlyn — WIKI_REFERENCE,https://wiki.leagueoflegends.com/en-us/Template%3AData_Caitlyn,wiki.leagueoflegends.com,WIKI_REFERENCE,OFFICIAL_COMMUNITY_REFERENCE,MAIN_RUNETERRA,CURRENT_OR_REVIEW,UNFETCHED,,Use primary Riot text as highest-priority evidence; Wiki should point back to underlying Riot sources.
src:ddragon:caitlyn,char:caitlyn,CHAMPION,Caitlyn — DATA_DRAGON,https://ddragon.leagueoflegends.com/cdn/16.18.1/data/en_US/champion/Caitlyn.json,ddragon.leagueoflegends.com,DATA_DRAGON,PRIMARY_OFFICIAL_STATIC,MAIN_RUNETERRA,CURRENT_OR_REVIEW,UNFETCHED,,Use primary Riot text as highest-priority evidence; Wiki should point back to underlying Riot sources.
src:riot-bio:camille,char:camille,CHAMPION,Camille — CHAMPION_BIO,https://www.leagueoflegends.com/en-us/champions/camille/,www.leagueoflegends.com,CHAMPION_BIO,PRIMARY_OFFICIAL,MAIN_RUNETERRA,CURRENT_OR_REVIEW,UNFETCHED,,Use primary Riot text as highest-priority evidence; Wiki should point back to underlying Riot sources.
src:wiki-universe:camille,char:camille,CHAMPION,Camille — WIKI_UNIVERSE,https://wiki.leagueoflegends.com/en-us/Universe%3ACamille,wiki.leagueoflegends.com,WIKI_UNIVERSE,OFFICIAL_COMMUNITY_REFERENCE,MAIN_RUNETERRA,CURRENT_OR_REVIEW,UNFETCHED,,Use primary Riot text as highest-priority evidence; Wiki should point back to underlying Riot sources.
src:wiki-data:camille,char:camille,CHAMPION,Camille — WIKI_REFERENCE,https://wiki.leagueoflegends.com/en-us/Template%3AData_Camille,wiki.leagueoflegends.com,WIKI_REFERENCE,OFFICIAL_COMMUNITY_REFERENCE,MAIN_RUNETERRA,CURRENT_OR_REVIEW,UNFETCHED,,Use primary Riot text as highest-priority evidence; Wiki should point back to underlying Riot sources.
src:ddragon:camille,char:camille,CHAMPION,Camille — DATA_DRAGON,https://ddragon.leagueoflegends.com/cdn/16.18.1/data/en_US/champion/Camille.json,ddragon.leagueoflegends.com,DATA_DRAGON,PRIMARY_OFFICIAL_STATIC,MAIN_RUNETERRA,CURRENT_OR_REVIEW,UNFETCHED,,Use primary Riot text as highest-priority evidence; Wiki should point back to underlying Riot sources.
src:riot-bio:cassiopeia,char:cassiopeia,CHAMPION,Cassiopeia — CHAMPION_BIO,https://www.leagueoflegends.com/en-us/champions/cassiopeia/,www.leagueoflegends.com,CHAMPION_BIO,PRIMARY_OFFICIAL,MAIN_RUNETERRA,CURRENT_OR_REVIEW,UNFETCHED,,Use primary Riot text as highest-priority evidence; Wiki should point back to underlying Riot sources.
src:wiki-universe:cassiopeia,char:cassiopeia,CHAMPION,Cassiopeia — WIKI_UNIVERSE,https://wiki.leagueoflegends.com/en-us/Universe%3ACassiopeia,wiki.leagueoflegends.com,WIKI_UNIVERSE,OFFICIAL_COMMUNITY_REFERENCE,MAIN_RUNETERRA,CURRENT_OR_REVIEW,UNFETCHED,,Use primary Riot text as highest-priority evidence; Wiki should point back to underlying Riot sources.
src:wiki-data:cassiopeia,char:cassiopeia,CHAMPION,Cassiopeia — WIKI_REFERENCE,https://wiki.leagueoflegends.com/en-us/Template%3AData_Cassiopeia,wiki.leagueoflegends.com,WIKI_REFERENCE,OFFICIAL_COMMUNITY_REFERENCE,MAIN_RUNETERRA,CURRENT_OR_REVIEW,UNFETCHED,,Use primary Riot text as highest-priority evidence; Wiki should point back to underlying Riot sources.
src:ddragon:cassiopeia,char:cassiopeia,CHAMPION,Cassiopeia — DATA_DRAGON,https://ddragon.leagueoflegends.com/cdn/16.18.1/data/en_US/champion/Cassiopeia.json,ddragon.leagueoflegends.com,DATA_DRAGON,PRIMARY_OFFICIAL_STATIC,MAIN_RUNETERRA,CURRENT_OR_REVIEW,UNFETCHED,,Use primary Riot text as highest-priority evidence; Wiki should point back to underlying Riot sources.
src:riot-bio:cho-gath,char:cho-gath,CHAMPION,Cho'Gath — CHAMPION_BIO,https://www.leagueoflegends.com/en-us/champions/cho-gath/,www.leagueoflegends.com,CHAMPION_BIO,PRIMARY_OFFICIAL,MAIN_RUNETERRA,CURRENT_OR_REVIEW,UNFETCHED,,Use primary Riot text as highest-priority evidence; Wiki should point back to underlying Riot sources.
src:wiki-universe:cho-gath,char:cho-gath,CHAMPION,Cho'Gath — WIKI_UNIVERSE,https://wiki.leagueoflegends.com/en-us/Universe%3ACho'Gath,wiki.leagueoflegends.com,WIKI_UNIVERSE,OFFICIAL_COMMUNITY_REFERENCE,MAIN_RUNETERRA,CURRENT_OR_REVIEW,UNFETCHED,,Use primary Riot text as highest-priority evidence; Wiki should point back to underlying Riot sources.
src:wiki-data:cho-gath,char:cho-gath,CHAMPION,Cho'Gath — WIKI_REFERENCE,https://wiki.leagueoflegends.com/en-us/Template%3AData_Cho'Gath,wiki.leagueoflegends.com,WIKI_REFERENCE,OFFICIAL_COMMUNITY_REFERENCE,MAIN_RUNETERRA,CURRENT_OR_REVIEW,UNFETCHED,,Use primary Riot text as highest-priority evidence; Wiki should point back to underlying Riot sources.
src:ddragon:cho-gath,char:cho-gath,CHAMPION,Cho'Gath — DATA_DRAGON,https://ddragon.leagueoflegends.com/cdn/16.18.1/data/en_US/champion/Chogath.json,ddragon.leagueoflegends.com,DATA_DRAGON,PRIMARY_OFFICIAL_STATIC,MAIN_RUNETERRA,CURRENT_OR_REVIEW,UNFETCHED,,Use primary Riot text as highest-priority evidence; Wiki should point back to underlying Riot sources.
src:riot-bio:corki,char:corki,CHAMPION,Corki — CHAMPION_BIO,https://www.leagueoflegends.com/en-us/champions/corki/,www.leagueoflegends.com,CHAMPION_BIO,PRIMARY_OFFICIAL,MAIN_RUNETERRA,CURRENT_OR_REVIEW,UNFETCHED,,Use primary Riot text as highest-priority evidence; Wiki should point back to underlying Riot sources.
src:wiki-universe:corki,char:corki,CHAMPION,Corki — WIKI_UNIVERSE,https://wiki.leagueoflegends.com/en-us/Universe%3ACorki,wiki.leagueoflegends.com,WIKI_UNIVERSE,OFFICIAL_COMMUNITY_REFERENCE,MAIN_RUNETERRA,CURRENT_OR_REVIEW,UNFETCHED,,Use primary Riot text as highest-priority evidence; Wiki should point back to underlying Riot sources.
src:wiki-data:corki,char:corki,CHAMPION,Corki — WIKI_REFERENCE,https://wiki.leagueoflegends.com/en-us/Template%3AData_Corki,wiki.leagueoflegends.com,WIKI_REFERENCE,OFFICIAL_COMMUNITY_REFERENCE,MAIN_RUNETERRA,CURRENT_OR_REVIEW,UNFETCHED,,Use primary Riot text as highest-priority evidence; Wiki should point back to underlying Riot sources.
src:ddragon:corki,char:corki,CHAMPION,Corki — DATA_DRAGON,https://ddragon.leagueoflegends.com/cdn/16.18.1/data/en_US/champion/Corki.json,ddragon.leagueoflegends.com,DATA_DRAGON,PRIMARY_OFFICIAL_STATIC,MAIN_RUNETERRA,CURRENT_OR_REVIEW,UNFETCHED,,Use primary Riot text as highest-priority evidence; Wiki should point back to underlying Riot sources.
src:riot-bio:darius,char:darius,CHAMPION,Darius — CHAMPION_BIO,https://www.leagueoflegends.com/en-us/champions/darius/,www.leagueoflegends.com,CHAMPION_BIO,PRIMARY_OFFICIAL,MAIN_RUNETERRA,CURRENT_OR_REVIEW,UNFETCHED,,Use primary Riot text as highest-priority evidence; Wiki should point back to underlying Riot sources.
src:wiki-universe:darius,char:darius,CHAMPION,Darius — WIKI_UNIVERSE,https://wiki.leagueoflegends.com/en-us/Universe%3ADarius,wiki.leagueoflegends.com,WIKI_UNIVERSE,OFFICIAL_COMMUNITY_REFERENCE,MAIN_RUNETERRA,CURRENT_OR_REVIEW,UNFETCHED,,Use primary Riot text as highest-priority evidence; Wiki should point back to underlying Riot sources.
src:wiki-data:darius,char:darius,CHAMPION,Darius — WIKI_REFERENCE,https://wiki.leagueoflegends.com/en-us/Template%3AData_Darius,wiki.leagueoflegends.com,WIKI_REFERENCE,OFFICIAL_COMMUNITY_REFERENCE,MAIN_RUNETERRA,CURRENT_OR_REVIEW,UNFETCHED,,Use primary Riot text as highest-priority evidence; Wiki should point back to underlying Riot sources.
src:ddragon:darius,char:darius,CHAMPION,Darius — DATA_DRAGON,https://ddragon.leagueoflegends.com/cdn/16.18.1/data/en_US/champion/Darius.json,ddragon.leagueoflegends.com,DATA_DRAGON,PRIMARY_OFFICIAL_STATIC,MAIN_RUNETERRA,CURRENT_OR_REVIEW,UNFETCHED,,Use primary Riot text as highest-priority evidence; Wiki should point back to underlying Riot sources.
src:riot-bio:diana,char:diana,CHAMPION,Diana — CHAMPION_BIO,https://www.leagueoflegends.com/en-us/champions/diana/,www.leagueoflegends.com,CHAMPION_BIO,PRIMARY_OFFICIAL,MAIN_RUNETERRA,CURRENT_OR_REVIEW,UNFETCHED,,Use primary Riot text as highest-priority evidence; Wiki should point back to underlying Riot sources.
src:wiki-universe:diana,char:diana,CHAMPION,Diana — WIKI_UNIVERSE,https://wiki.leagueoflegends.com/en-us/Universe%3ADiana,wiki.leagueoflegends.com,WIKI_UNIVERSE,OFFICIAL_COMMUNITY_REFERENCE,MAIN_RUNETERRA,CURRENT_OR_REVIEW,UNFETCHED,,Use primary Riot text as highest-priority evidence; Wiki should point back to underlying Riot sources.
src:wiki-data:diana,char:diana,CHAMPION,Diana — WIKI_REFERENCE,https://wiki.leagueoflegends.com/en-us/Template%3AData_Diana,wiki.leagueoflegends.com,WIKI_REFERENCE,OFFICIAL_COMMUNITY_REFERENCE,MAIN_RUNETERRA,CURRENT_OR_REVIEW,UNFETCHED,,Use primary Riot text as highest-priority evidence; Wiki should point back to underlying Riot sources.
src:ddragon:diana,char:diana,CHAMPION,Diana — DATA_DRAGON,https://ddragon.leagueoflegends.com/cdn/16.18.1/data/en_US/champion/Diana.json,ddragon.leagueoflegends.com,DATA_DRAGON,PRIMARY_OFFICIAL_STATIC,MAIN_RUNETERRA,CURRENT_OR_REVIEW,UNFETCHED,,Use primary Riot text as highest-priority evidence; Wiki should point back to underlying Riot sources.
src:riot-bio:dr-mundo,char:dr-mundo,CHAMPION,Dr. Mundo — CHAMPION_BIO,https://www.leagueoflegends.com/en-us/champions/dr-mundo/,www.leagueoflegends.com,CHAMPION_BIO,PRIMARY_OFFICIAL,MAIN_RUNETERRA,CURRENT_OR_REVIEW,UNFETCHED,,Use primary Riot text as highest-priority evidence; Wiki should point back to underlying Riot sources.
src:wiki-universe:dr-mundo,char:dr-mundo,CHAMPION,Dr. Mundo — WIKI_UNIVERSE,https://wiki.leagueoflegends.com/en-us/Universe%3ADr._Mundo,wiki.leagueoflegends.com,WIKI_UNIVERSE,OFFICIAL_COMMUNITY_REFERENCE,MAIN_RUNETERRA,CURRENT_OR_REVIEW,UNFETCHED,,Use primary Riot text as highest-priority evidence; Wiki should point back to underlying Riot sources.
src:wiki-data:dr-mundo,char:dr-mundo,CHAMPION,Dr. Mundo — WIKI_REFERENCE,https://wiki.leagueoflegends.com/en-us/Template%3AData_Dr._Mundo,wiki.leagueoflegends.com,WIKI_REFERENCE,OFFICIAL_COMMUNITY_REFERENCE,MAIN_RUNETERRA,CURRENT_OR_REVIEW,UNFETCHED,,Use primary Riot text as highest-priority evidence; Wiki should point back to underlying Riot sources.
src:ddragon:dr-mundo,char:dr-mundo,CHAMPION,Dr. Mundo — DATA_DRAGON,https://ddragon.leagueoflegends.com/cdn/16.18.1/data/en_US/champion/DrMundo.json,ddragon.leagueoflegends.com,DATA_DRAGON,PRIMARY_OFFICIAL_STATIC,MAIN_RUNETERRA,CURRENT_OR_REVIEW,UNFETCHED,,Use primary Riot text as highest-priority evidence; Wiki should point back to underlying Riot sources.
src:riot-bio:draven,char:draven,CHAMPION,Draven — CHAMPION_BIO,https://www.leagueoflegends.com/en-us/champions/draven/,www.leagueoflegends.com,CHAMPION_BIO,PRIMARY_OFFICIAL,MAIN_RUNETERRA,CURRENT_OR_REVIEW,UNFETCHED,,Use primary Riot text as highest-priority evidence; Wiki should point back to underlying Riot sources.
src:wiki-universe:draven,char:draven,CHAMPION,Draven — WIKI_UNIVERSE,https://wiki.leagueoflegends.com/en-us/Universe%3ADraven,wiki.leagueoflegends.com,WIKI_UNIVERSE,OFFICIAL_COMMUNITY_REFERENCE,MAIN_RUNETERRA,CURRENT_OR_REVIEW,UNFETCHED,,Use primary Riot text as highest-priority evidence; Wiki should point back to underlying Riot sources.
src:wiki-data:draven,char:draven,CHAMPION,Draven — WIKI_REFERENCE,https://wiki.leagueoflegends.com/en-us/Template%3AData_Draven,wiki.leagueoflegends.com,WIKI_REFERENCE,OFFICIAL_COMMUNITY_REFERENCE,MAIN_RUNETERRA,CURRENT_OR_REVIEW,UNFETCHED,,Use primary Riot text as highest-priority evidence; Wiki should point back to underlying Riot sources.
src:ddragon:draven,char:draven,CHAMPION,Draven — DATA_DRAGON,https://ddragon.leagueoflegends.com/cdn/16.18.1/data/en_US/champion/Draven.json,ddragon.leagueoflegends.com,DATA_DRAGON,PRIMARY_OFFICIAL_STATIC,MAIN_RUNETERRA,CURRENT_OR_REVIEW,UNFETCHED,,Use primary Riot text as highest-priority evidence; Wiki should point back to underlying Riot sources.
src:riot-bio:ekko,char:ekko,CHAMPION,Ekko — CHAMPION_BIO,https://www.leagueoflegends.com/en-us/champions/ekko/,www.leagueoflegends.com,CHAMPION_BIO,PRIMARY_OFFICIAL,MAIN_RUNETERRA,CURRENT_OR_REVIEW,UNFETCHED,,Use primary Riot text as highest-priority evidence; Wiki should point back to underlying Riot sources.
src:wiki-universe:ekko,char:ekko,CHAMPION,Ekko — WIKI_UNIVERSE,https://wiki.leagueoflegends.com/en-us/Universe%3AEkko,wiki.leagueoflegends.com,WIKI_UNIVERSE,OFFICIAL_COMMUNITY_REFERENCE,MAIN_RUNETERRA,CURRENT_OR_REVIEW,UNFETCHED,,Use primary Riot text as highest-priority evidence; Wiki should point back to underlying Riot sources.
src:wiki-data:ekko,char:ekko,CHAMPION,Ekko — WIKI_REFERENCE,https://wiki.leagueoflegends.com/en-us/Template%3AData_Ekko,wiki.leagueoflegends.com,WIKI_REFERENCE,OFFICIAL_COMMUNITY_REFERENCE,MAIN_RUNETERRA,CURRENT_OR_REVIEW,UNFETCHED,,Use primary Riot text as highest-priority evidence; Wiki should point back to underlying Riot sources.
src:ddragon:ekko,char:ekko,CHAMPION,Ekko — DATA_DRAGON,https://ddragon.leagueoflegends.com/cdn/16.18.1/data/en_US/champion/Ekko.json,ddragon.leagueoflegends.com,DATA_DRAGON,PRIMARY_OFFICIAL_STATIC,MAIN_RUNETERRA,CURRENT_OR_REVIEW,UNFETCHED,,Use primary Riot text as highest-priority evidence; Wiki should point back to underlying Riot sources.
src:riot-bio:elise,char:elise,CHAMPION,Elise — CHAMPION_BIO,https://www.leagueoflegends.com/en-us/champions/elise/,www.leagueoflegends.com,CHAMPION_BIO,PRIMARY_OFFICIAL,MAIN_RUNETERRA,CURRENT_OR_REVIEW,UNFETCHED,,Use primary Riot text as highest-priority evidence; Wiki should point back to underlying Riot sources.
src:wiki-universe:elise,char:elise,CHAMPION,Elise — WIKI_UNIVERSE,https://wiki.leagueoflegends.com/en-us/Universe%3AElise,wiki.leagueoflegends.com,WIKI_UNIVERSE,OFFICIAL_COMMUNITY_REFERENCE,MAIN_RUNETERRA,CURRENT_OR_REVIEW,UNFETCHED,,Use primary Riot text as highest-priority evidence; Wiki should point back to underlying Riot sources.
src:wiki-data:elise,char:elise,CHAMPION,Elise — WIKI_REFERENCE,https://wiki.leagueoflegends.com/en-us/Template%3AData_Elise,wiki.leagueoflegends.com,WIKI_REFERENCE,OFFICIAL_COMMUNITY_REFERENCE,MAIN_RUNETERRA,CURRENT_OR_REVIEW,UNFETCHED,,Use primary Riot text as highest-priority evidence; Wiki should point back to underlying Riot sources.
src:ddragon:elise,char:elise,CHAMPION,Elise — DATA_DRAGON,https://ddragon.leagueoflegends.com/cdn/16.18.1/data/en_US/champion/Elise.json,ddragon.leagueoflegends.com,DATA_DRAGON,PRIMARY_OFFICIAL_STATIC,MAIN_RUNETERRA,CURRENT_OR_REVIEW,UNFETCHED,,Use primary Riot text as highest-priority evidence; Wiki should point back to underlying Riot sources.
src:riot-bio:evelynn,char:evelynn,CHAMPION,Evelynn — CHAMPION_BIO,https://www.leagueoflegends.com/en-us/champions/evelynn/,www.leagueoflegends.com,CHAMPION_BIO,PRIMARY_OFFICIAL,MAIN_RUNETERRA,CURRENT_OR_REVIEW,UNFETCHED,,Use primary Riot text as highest-priority evidence; Wiki should point back to underlying Riot sources.
src:wiki-universe:evelynn,char:evelynn,CHAMPION,Evelynn — WIKI_UNIVERSE,https://wiki.leagueoflegends.com/en-us/Universe%3AEvelynn,wiki.leagueoflegends.com,WIKI_UNIVERSE,OFFICIAL_COMMUNITY_REFERENCE,MAIN_RUNETERRA,CURRENT_OR_REVIEW,UNFETCHED,,Use primary Riot text as highest-priority evidence; Wiki should point back to underlying Riot sources.
src:wiki-data:evelynn,char:evelynn,CHAMPION,Evelynn — WIKI_REFERENCE,https://wiki.leagueoflegends.com/en-us/Template%3AData_Evelynn,wiki.leagueoflegends.com,WIKI_REFERENCE,OFFICIAL_COMMUNITY_REFERENCE,MAIN_RUNETERRA,CURRENT_OR_REVIEW,UNFETCHED,,Use primary Riot text as highest-priority evidence; Wiki should point back to underlying Riot sources.
src:ddragon:evelynn,char:evelynn,CHAMPION,Evelynn — DATA_DRAGON,https://ddragon.leagueoflegends.com/cdn/16.18.1/data/en_US/champion/Evelynn.json,ddragon.leagueoflegends.com,DATA_DRAGON,PRIMARY_OFFICIAL_STATIC,MAIN_RUNETERRA,CURRENT_OR_REVIEW,UNFETCHED,,Use primary Riot text as highest-priority evidence; Wiki should point back to underlying Riot sources.
src:riot-bio:ezreal,char:ezreal,CHAMPION,Ezreal — CHAMPION_BIO,https://www.leagueoflegends.com/en-us/champions/ezreal/,www.leagueoflegends.com,CHAMPION_BIO,PRIMARY_OFFICIAL,MAIN_RUNETERRA,CURRENT_OR_REVIEW,UNFETCHED,,Use primary Riot text as highest-priority evidence; Wiki should point back to underlying Riot sources.
src:wiki-universe:ezreal,char:ezreal,CHAMPION,Ezreal — WIKI_UNIVERSE,https://wiki.leagueoflegends.com/en-us/Universe%3AEzreal,wiki.leagueoflegends.com,WIKI_UNIVERSE,OFFICIAL_COMMUNITY_REFERENCE,MAIN_RUNETERRA,CURRENT_OR_REVIEW,UNFETCHED,,Use primary Riot text as highest-priority evidence; Wiki should point back to underlying Riot sources.
src:wiki-data:ezreal,char:ezreal,CHAMPION,Ezreal — WIKI_REFERENCE,https://wiki.leagueoflegends.com/en-us/Template%3AData_Ezreal,wiki.leagueoflegends.com,WIKI_REFERENCE,OFFICIAL_COMMUNITY_REFERENCE,MAIN_RUNETERRA,CURRENT_OR_REVIEW,UNFETCHED,,Use primary Riot text as highest-priority evidence; Wiki should point back to underlying Riot sources.
src:ddragon:ezreal,char:ezreal,CHAMPION,Ezreal — DATA_DRAGON,https://ddragon.leagueoflegends.com/cdn/16.18.1/data/en_US/champion/Ezreal.json,ddragon.leagueoflegends.com,DATA_DRAGON,PRIMARY_OFFICIAL_STATIC,MAIN_RUNETERRA,CURRENT_OR_REVIEW,UNFETCHED,,Use primary Riot text as highest-priority evidence; Wiki should point back to underlying Riot sources.
src:riot-bio:fiddlesticks,char:fiddlesticks,CHAMPION,Fiddlesticks — CHAMPION_BIO,https://www.leagueoflegends.com/en-us/champions/fiddlesticks/,www.leagueoflegends.com,CHAMPION_BIO,PRIMARY_OFFICIAL,MAIN_RUNETERRA,CURRENT_OR_REVIEW,UNFETCHED,,Use primary Riot text as highest-priority evidence; Wiki should point back to underlying Riot sources.
src:wiki-universe:fiddlesticks,char:fiddlesticks,CHAMPION,Fiddlesticks — WIKI_UNIVERSE,https://wiki.leagueoflegends.com/en-us/Universe%3AFiddlesticks,wiki.leagueoflegends.com,WIKI_UNIVERSE,OFFICIAL_COMMUNITY_REFERENCE,MAIN_RUNETERRA,CURRENT_OR_REVIEW,UNFETCHED,,Use primary Riot text as highest-priority evidence; Wiki should point back to underlying Riot sources.
src:wiki-data:fiddlesticks,char:fiddlesticks,CHAMPION,Fiddlesticks — WIKI_REFERENCE,https://wiki.leagueoflegends.com/en-us/Template%3AData_Fiddlesticks,wiki.leagueoflegends.com,WIKI_REFERENCE,OFFICIAL_COMMUNITY_REFERENCE,MAIN_RUNETERRA,CURRENT_OR_REVIEW,UNFETCHED,,Use primary Riot text as highest-priority evidence; Wiki should point back to underlying Riot sources.
src:ddragon:fiddlesticks,char:fiddlesticks,CHAMPION,Fiddlesticks — DATA_DRAGON,https://ddragon.leagueoflegends.com/cdn/16.18.1/data/en_US/champion/Fiddlesticks.json,ddragon.leagueoflegends.com,DATA_DRAGON,PRIMARY_OFFICIAL_STATIC,MAIN_RUNETERRA,CURRENT_OR_REVIEW,UNFETCHED,,Use primary Riot text as highest-priority evidence; Wiki should point back to underlying Riot sources.
src:riot-bio:fiora,char:fiora,CHAMPION,Fiora — CHAMPION_BIO,https://www.leagueoflegends.com/en-us/champions/fiora/,www.leagueoflegends.com,CHAMPION_BIO,PRIMARY_OFFICIAL,MAIN_RUNETERRA,CURRENT_OR_REVIEW,UNFETCHED,,Use primary Riot text as highest-priority evidence; Wiki should point back to underlying Riot sources.
src:wiki-universe:fiora,char:fiora,CHAMPION,Fiora — WIKI_UNIVERSE,https://wiki.leagueoflegends.com/en-us/Universe%3AFiora,wiki.leagueoflegends.com,WIKI_UNIVERSE,OFFICIAL_COMMUNITY_REFERENCE,MAIN_RUNETERRA,CURRENT_OR_REVIEW,UNFETCHED,,Use primary Riot text as highest-priority evidence; Wiki should point back to underlying Riot sources.
src:wiki-data:fiora,char:fiora,CHAMPION,Fiora — WIKI_REFERENCE,https://wiki.leagueoflegends.com/en-us/Template%3AData_Fiora,wiki.leagueoflegends.com,WIKI_REFERENCE,OFFICIAL_COMMUNITY_REFERENCE,MAIN_RUNETERRA,CURRENT_OR_REVIEW,UNFETCHED,,Use primary Riot text as highest-priority evidence; Wiki should point back to underlying Riot sources.
src:ddragon:fiora,char:fiora,CHAMPION,Fiora — DATA_DRAGON,https://ddragon.leagueoflegends.com/cdn/16.18.1/data/en_US/champion/Fiora.json,ddragon.leagueoflegends.com,DATA_DRAGON,PRIMARY_OFFICIAL_STATIC,MAIN_RUNETERRA,CURRENT_OR_REVIEW,UNFETCHED,,Use primary Riot text as highest-priority evidence; Wiki should point back to underlying Riot sources.
src:riot-bio:fizz,char:fizz,CHAMPION,Fizz — CHAMPION_BIO,https://www.leagueoflegends.com/en-us/champions/fizz/,www.leagueoflegends.com,CHAMPION_BIO,PRIMARY_OFFICIAL,MAIN_RUNETERRA,CURRENT_OR_REVIEW,UNFETCHED,,Use primary Riot text as highest-priority evidence; Wiki should point back to underlying Riot sources.
src:wiki-universe:fizz,char:fizz,CHAMPION,Fizz — WIKI_UNIVERSE,https://wiki.leagueoflegends.com/en-us/Universe%3AFizz,wiki.leagueoflegends.com,WIKI_UNIVERSE,OFFICIAL_COMMUNITY_REFERENCE,MAIN_RUNETERRA,CURRENT_OR_REVIEW,UNFETCHED,,Use primary Riot text as highest-priority evidence; Wiki should point back to underlying Riot sources.
src:wiki-data:fizz,char:fizz,CHAMPION,Fizz — WIKI_REFERENCE,https://wiki.leagueoflegends.com/en-us/Template%3AData_Fizz,wiki.leagueoflegends.com,WIKI_REFERENCE,OFFICIAL_COMMUNITY_REFERENCE,MAIN_RUNETERRA,CURRENT_OR_REVIEW,UNFETCHED,,Use primary Riot text as highest-priority evidence; Wiki should point back to underlying Riot sources.
src:ddragon:fizz,char:fizz,CHAMPION,Fizz — DATA_DRAGON,https://ddragon.leagueoflegends.com/cdn/16.18.1/data/en_US/champion/Fizz.json,ddragon.leagueoflegends.com,DATA_DRAGON,PRIMARY_OFFICIAL_STATIC,MAIN_RUNETERRA,CURRENT_OR_REVIEW,UNFETCHED,,Use primary Riot text as highest-priority evidence; Wiki should point back to underlying Riot sources.
src:riot-bio:galio,char:galio,CHAMPION,Galio — CHAMPION_BIO,https://www.leagueoflegends.com/en-us/champions/galio/,www.leagueoflegends.com,CHAMPION_BIO,PRIMARY_OFFICIAL,MAIN_RUNETERRA,CURRENT_OR_REVIEW,UNFETCHED,,Use primary Riot text as highest-priority evidence; Wiki should point back to underlying Riot sources.
src:wiki-universe:galio,char:galio,CHAMPION,Galio — WIKI_UNIVERSE,https://wiki.leagueoflegends.com/en-us/Universe%3AGalio,wiki.leagueoflegends.com,WIKI_UNIVERSE,OFFICIAL_COMMUNITY_REFERENCE,MAIN_RUNETERRA,CURRENT_OR_REVIEW,UNFETCHED,,Use primary Riot text as highest-priority evidence; Wiki should point back to underlying Riot sources.
src:wiki-data:galio,char:galio,CHAMPION,Galio — WIKI_REFERENCE,https://wiki.leagueoflegends.com/en-us/Template%3AData_Galio,wiki.leagueoflegends.com,WIKI_REFERENCE,OFFICIAL_COMMUNITY_REFERENCE,MAIN_RUNETERRA,CURRENT_OR_REVIEW,UNFETCHED,,Use primary Riot text as highest-priority evidence; Wiki should point back to underlying Riot sources.
src:ddragon:galio,char:galio,CHAMPION,Galio — DATA_DRAGON,https://ddragon.leagueoflegends.com/cdn/16.18.1/data/en_US/champion/Galio.json,ddragon.leagueoflegends.com,DATA_DRAGON,PRIMARY_OFFICIAL_STATIC,MAIN_RUNETERRA,CURRENT_OR_REVIEW,UNFETCHED,,Use primary Riot text as highest-priority evidence; Wiki should point back to underlying Riot sources.
src:riot-bio:gangplank,char:gangplank,CHAMPION,Gangplank — CHAMPION_BIO,https://www.leagueoflegends.com/en-us/champions/gangplank/,www.leagueoflegends.com,CHAMPION_BIO,PRIMARY_OFFICIAL,MAIN_RUNETERRA,CURRENT_OR_REVIEW,UNFETCHED,,Use primary Riot text as highest-priority evidence; Wiki should point back to underlying Riot sources.
src:wiki-universe:gangplank,char:gangplank,CHAMPION,Gangplank — WIKI_UNIVERSE,https://wiki.leagueoflegends.com/en-us/Universe%3AGangplank,wiki.leagueoflegends.com,WIKI_UNIVERSE,OFFICIAL_COMMUNITY_REFERENCE,MAIN_RUNETERRA,CURRENT_OR_REVIEW,UNFETCHED,,Use primary Riot text as highest-priority evidence; Wiki should point back to underlying Riot sources.
src:wiki-data:gangplank,char:gangplank,CHAMPION,Gangplank — WIKI_REFERENCE,https://wiki.leagueoflegends.com/en-us/Template%3AData_Gangplank,wiki.leagueoflegends.com,WIKI_REFERENCE,OFFICIAL_COMMUNITY_REFERENCE,MAIN_RUNETERRA,CURRENT_OR_REVIEW,UNFETCHED,,Use primary Riot text as highest-priority evidence; Wiki should point back to underlying Riot sources.
src:ddragon:gangplank,char:gangplank,CHAMPION,Gangplank — DATA_DRAGON,https://ddragon.leagueoflegends.com/cdn/16.18.1/data/en_US/champion/Gangplank.json,ddragon.leagueoflegends.com,DATA_DRAGON,PRIMARY_OFFICIAL_STATIC,MAIN_RUNETERRA,CURRENT_OR_REVIEW,UNFETCHED,,Use primary Riot text as highest-priority evidence; Wiki should point back to underlying Riot sources.
src:riot-bio:garen,char:garen,CHAMPION,Garen — CHAMPION_BIO,https://www.leagueoflegends.com/en-us/champions/garen/,www.leagueoflegends.com,CHAMPION_BIO,PRIMARY_OFFICIAL,MAIN_RUNETERRA,CURRENT_OR_REVIEW,UNFETCHED,,Use primary Riot text as highest-priority evidence; Wiki should point back to underlying Riot sources.
src:wiki-universe:garen,char:garen,CHAMPION,Garen — WIKI_UNIVERSE,https://wiki.leagueoflegends.com/en-us/Universe%3AGaren,wiki.leagueoflegends.com,WIKI_UNIVERSE,OFFICIAL_COMMUNITY_REFERENCE,MAIN_RUNETERRA,CURRENT_OR_REVIEW,UNFETCHED,,Use primary Riot text as highest-priority evidence; Wiki should point back to underlying Riot sources.
src:wiki-data:garen,char:garen,CHAMPION,Garen — WIKI_REFERENCE,https://wiki.leagueoflegends.com/en-us/Template%3AData_Garen,wiki.leagueoflegends.com,WIKI_REFERENCE,OFFICIAL_COMMUNITY_REFERENCE,MAIN_RUNETERRA,CURRENT_OR_REVIEW,UNFETCHED,,Use primary Riot text as highest-priority evidence; Wiki should point back to underlying Riot sources.
src:ddragon:garen,char:garen,CHAMPION,Garen — DATA_DRAGON,https://ddragon.leagueoflegends.com/cdn/16.18.1/data/en_US/champion/Garen.json,ddragon.leagueoflegends.com,DATA_DRAGON,PRIMARY_OFFICIAL_STATIC,MAIN_RUNETERRA,CURRENT_OR_REVIEW,UNFETCHED,,Use primary Riot text as highest-priority evidence; Wiki should point back to underlying Riot sources.
src:riot-bio:gnar,char:gnar,CHAMPION,Gnar — CHAMPION_BIO,https://www.leagueoflegends.com/en-us/champions/gnar/,www.leagueoflegends.com,CHAMPION_BIO,PRIMARY_OFFICIAL,MAIN_RUNETERRA,CURRENT_OR_REVIEW,UNFETCHED,,Use primary Riot text as highest-priority evidence; Wiki should point back to underlying Riot sources.
src:wiki-universe:gnar,char:gnar,CHAMPION,Gnar — WIKI_UNIVERSE,https://wiki.leagueoflegends.com/en-us/Universe%3AGnar,wiki.leagueoflegends.com,WIKI_UNIVERSE,OFFICIAL_COMMUNITY_REFERENCE,MAIN_RUNETERRA,CURRENT_OR_REVIEW,UNFETCHED,,Use primary Riot text as highest-priority evidence; Wiki should point back to underlying Riot sources.
src:wiki-data:gnar,char:gnar,CHAMPION,Gnar — WIKI_REFERENCE,https://wiki.leagueoflegends.com/en-us/Template%3AData_Gnar,wiki.leagueoflegends.com,WIKI_REFERENCE,OFFICIAL_COMMUNITY_REFERENCE,MAIN_RUNETERRA,CURRENT_OR_REVIEW,UNFETCHED,,Use primary Riot text as highest-priority evidence; Wiki should point back to underlying Riot sources.
src:ddragon:gnar,char:gnar,CHAMPION,Gnar — DATA_DRAGON,https://ddragon.leagueoflegends.com/cdn/16.18.1/data/en_US/champion/Gnar.json,ddragon.leagueoflegends.com,DATA_DRAGON,PRIMARY_OFFICIAL_STATIC,MAIN_RUNETERRA,CURRENT_OR_REVIEW,UNFETCHED,,Use primary Riot text as highest-priority evidence; Wiki should point back to underlying Riot sources.
src:riot-bio:gragas,char:gragas,CHAMPION,Gragas — CHAMPION_BIO,https://www.leagueoflegends.com/en-us/champions/gragas/,www.leagueoflegends.com,CHAMPION_BIO,PRIMARY_OFFICIAL,MAIN_RUNETERRA,CURRENT_OR_REVIEW,UNFETCHED,,Use primary Riot text as highest-priority evidence; Wiki should point back to underlying Riot sources.
src:wiki-universe:gragas,char:gragas,CHAMPION,Gragas — WIKI_UNIVERSE,https://wiki.leagueoflegends.com/en-us/Universe%3AGragas,wiki.leagueoflegends.com,WIKI_UNIVERSE,OFFICIAL_COMMUNITY_REFERENCE,MAIN_RUNETERRA,CURRENT_OR_REVIEW,UNFETCHED,,Use primary Riot text as highest-priority evidence; Wiki should point back to underlying Riot sources.
src:wiki-data:gragas,char:gragas,CHAMPION,Gragas — WIKI_REFERENCE,https://wiki.leagueoflegends.com/en-us/Template%3AData_Gragas,wiki.leagueoflegends.com,WIKI_REFERENCE,OFFICIAL_COMMUNITY_REFERENCE,MAIN_RUNETERRA,CURRENT_OR_REVIEW,UNFETCHED,,Use primary Riot text as highest-priority evidence; Wiki should point back to underlying Riot sources.
src:ddragon:gragas,char:gragas,CHAMPION,Gragas — DATA_DRAGON,https://ddragon.leagueoflegends.com/cdn/16.18.1/data/en_US/champion/Gragas.json,ddragon.leagueoflegends.com,DATA_DRAGON,PRIMARY_OFFICIAL_STATIC,MAIN_RUNETERRA,CURRENT_OR_REVIEW,UNFETCHED,,Use primary Riot text as highest-priority evidence; Wiki should point back to underlying Riot sources.
src:riot-bio:graves,char:graves,CHAMPION,Graves — CHAMPION_BIO,https://www.leagueoflegends.com/en-us/champions/graves/,www.leagueoflegends.com,CHAMPION_BIO,PRIMARY_OFFICIAL,MAIN_RUNETERRA,CURRENT_OR_REVIEW,UNFETCHED,,Use primary Riot text as highest-priority evidence; Wiki should point back to underlying Riot sources.
src:wiki-universe:graves,char:graves,CHAMPION,Graves — WIKI_UNIVERSE,https://wiki.leagueoflegends.com/en-us/Universe%3AGraves,wiki.leagueoflegends.com,WIKI_UNIVERSE,OFFICIAL_COMMUNITY_REFERENCE,MAIN_RUNETERRA,CURRENT_OR_REVIEW,UNFETCHED,,Use primary Riot text as highest-priority evidence; Wiki should point back to underlying Riot sources.
src:wiki-data:graves,char:graves,CHAMPION,Graves — WIKI_REFERENCE,https://wiki.leagueoflegends.com/en-us/Template%3AData_Graves,wiki.leagueoflegends.com,WIKI_REFERENCE,OFFICIAL_COMMUNITY_REFERENCE,MAIN_RUNETERRA,CURRENT_OR_REVIEW,UNFETCHED,,Use primary Riot text as highest-priority evidence; Wiki should point back to underlying Riot sources.
src:ddragon:graves,char:graves,CHAMPION,Graves — DATA_DRAGON,https://ddragon.leagueoflegends.com/cdn/16.18.1/data/en_US/champion/Graves.json,ddragon.leagueoflegends.com,DATA_DRAGON,PRIMARY_OFFICIAL_STATIC,MAIN_RUNETERRA,CURRENT_OR_REVIEW,UNFETCHED,,Use primary Riot text as highest-priority evidence; Wiki should point back to underlying Riot sources.
src:riot-bio:gwen,char:gwen,CHAMPION,Gwen — CHAMPION_BIO,https://www.leagueoflegends.com/en-us/champions/gwen/,www.leagueoflegends.com,CHAMPION_BIO,PRIMARY_OFFICIAL,MAIN_RUNETERRA,CURRENT_OR_REVIEW,UNFETCHED,,Use primary Riot text as highest-priority evidence; Wiki should point back to underlying Riot sources.
src:wiki-universe:gwen,char:gwen,CHAMPION,Gwen — WIKI_UNIVERSE,https://wiki.leagueoflegends.com/en-us/Universe%3AGwen,wiki.leagueoflegends.com,WIKI_UNIVERSE,OFFICIAL_COMMUNITY_REFERENCE,MAIN_RUNETERRA,CURRENT_OR_REVIEW,UNFETCHED,,Use primary Riot text as highest-priority evidence; Wiki should point back to underlying Riot sources.
src:wiki-data:gwen,char:gwen,CHAMPION,Gwen — WIKI_REFERENCE,https://wiki.leagueoflegends.com/en-us/Template%3AData_Gwen,wiki.leagueoflegends.com,WIKI_REFERENCE,OFFICIAL_COMMUNITY_REFERENCE,MAIN_RUNETERRA,CURRENT_OR_REVIEW,UNFETCHED,,Use primary Riot text as highest-priority evidence; Wiki should point back to underlying Riot sources.
src:ddragon:gwen,char:gwen,CHAMPION,Gwen — DATA_DRAGON,https://ddragon.leagueoflegends.com/cdn/16.18.1/data/en_US/champion/Gwen.json,ddragon.leagueoflegends.com,DATA_DRAGON,PRIMARY_OFFICIAL_STATIC,MAIN_RUNETERRA,CURRENT_OR_REVIEW,UNFETCHED,,Use primary Riot text as highest-priority evidence; Wiki should point back to underlying Riot sources.
src:riot-bio:hecarim,char:hecarim,CHAMPION,Hecarim — CHAMPION_BIO,https://www.leagueoflegends.com/en-us/champions/hecarim/,www.leagueoflegends.com,CHAMPION_BIO,PRIMARY_OFFICIAL,MAIN_RUNETERRA,CURRENT_OR_REVIEW,UNFETCHED,,Use primary Riot text as highest-priority evidence; Wiki should point back to underlying Riot sources.
src:wiki-universe:hecarim,char:hecarim,CHAMPION,Hecarim — WIKI_UNIVERSE,https://wiki.leagueoflegends.com/en-us/Universe%3AHecarim,wiki.leagueoflegends.com,WIKI_UNIVERSE,OFFICIAL_COMMUNITY_REFERENCE,MAIN_RUNETERRA,CURRENT_OR_REVIEW,UNFETCHED,,Use primary Riot text as highest-priority evidence; Wiki should point back to underlying Riot sources.
src:wiki-data:hecarim,char:hecarim,CHAMPION,Hecarim — WIKI_REFERENCE,https://wiki.leagueoflegends.com/en-us/Template%3AData_Hecarim,wiki.leagueoflegends.com,WIKI_REFERENCE,OFFICIAL_COMMUNITY_REFERENCE,MAIN_RUNETERRA,CURRENT_OR_REVIEW,UNFETCHED,,Use primary Riot text as highest-priority evidence; Wiki should point back to underlying Riot sources.
src:ddragon:hecarim,char:hecarim,CHAMPION,Hecarim — DATA_DRAGON,https://ddragon.leagueoflegends.com/cdn/16.18.1/data/en_US/champion/Hecarim.json,ddragon.leagueoflegends.com,DATA_DRAGON,PRIMARY_OFFICIAL_STATIC,MAIN_RUNETERRA,CURRENT_OR_REVIEW,UNFETCHED,,Use primary Riot text as highest-priority evidence; Wiki should point back to underlying Riot sources.
src:riot-bio:heimerdinger,char:heimerdinger,CHAMPION,Heimerdinger — CHAMPION_BIO,https://www.leagueoflegends.com/en-us/champions/heimerdinger/,www.leagueoflegends.com,CHAMPION_BIO,PRIMARY_OFFICIAL,MAIN_RUNETERRA,CURRENT_OR_REVIEW,UNFETCHED,,Use primary Riot text as highest-priority evidence; Wiki should point back to underlying Riot sources.
src:wiki-universe:heimerdinger,char:heimerdinger,CHAMPION,Heimerdinger — WIKI_UNIVERSE,https://wiki.leagueoflegends.com/en-us/Universe%3AHeimerdinger,wiki.leagueoflegends.com,WIKI_UNIVERSE,OFFICIAL_COMMUNITY_REFERENCE,MAIN_RUNETERRA,CURRENT_OR_REVIEW,UNFETCHED,,Use primary Riot text as highest-priority evidence; Wiki should point back to underlying Riot sources.
src:wiki-data:heimerdinger,char:heimerdinger,CHAMPION,Heimerdinger — WIKI_REFERENCE,https://wiki.leagueoflegends.com/en-us/Template%3AData_Heimerdinger,wiki.leagueoflegends.com,WIKI_REFERENCE,OFFICIAL_COMMUNITY_REFERENCE,MAIN_RUNETERRA,CURRENT_OR_REVIEW,UNFETCHED,,Use primary Riot text as highest-priority evidence; Wiki should point back to underlying Riot sources.
src:ddragon:heimerdinger,char:heimerdinger,CHAMPION,Heimerdinger — DATA_DRAGON,https://ddragon.leagueoflegends.com/cdn/16.18.1/data/en_US/champion/Heimerdinger.json,ddragon.leagueoflegends.com,DATA_DRAGON,PRIMARY_OFFICIAL_STATIC,MAIN_RUNETERRA,CURRENT_OR_REVIEW,UNFETCHED,,Use primary Riot text as highest-priority evidence; Wiki should point back to underlying Riot sources.
src:riot-bio:hwei,char:hwei,CHAMPION,Hwei — CHAMPION_BIO,https://www.leagueoflegends.com/en-us/champions/hwei/,www.leagueoflegends.com,CHAMPION_BIO,PRIMARY_OFFICIAL,MAIN_RUNETERRA,CURRENT_OR_REVIEW,UNFETCHED,,Use primary Riot text as highest-priority evidence; Wiki should point back to underlying Riot sources.
src:wiki-universe:hwei,char:hwei,CHAMPION,Hwei — WIKI_UNIVERSE,https://wiki.leagueoflegends.com/en-us/Universe%3AHwei,wiki.leagueoflegends.com,WIKI_UNIVERSE,OFFICIAL_COMMUNITY_REFERENCE,MAIN_RUNETERRA,CURRENT_OR_REVIEW,UNFETCHED,,Use primary Riot text as highest-priority evidence; Wiki should point back to underlying Riot sources.
src:wiki-data:hwei,char:hwei,CHAMPION,Hwei — WIKI_REFERENCE,https://wiki.leagueoflegends.com/en-us/Template%3AData_Hwei,wiki.leagueoflegends.com,WIKI_REFERENCE,OFFICIAL_COMMUNITY_REFERENCE,MAIN_RUNETERRA,CURRENT_OR_REVIEW,UNFETCHED,,Use primary Riot text as highest-priority evidence; Wiki should point back to underlying Riot sources.
src:ddragon:hwei,char:hwei,CHAMPION,Hwei — DATA_DRAGON,https://ddragon.leagueoflegends.com/cdn/16.18.1/data/en_US/champion/Hwei.json,ddragon.leagueoflegends.com,DATA_DRAGON,PRIMARY_OFFICIAL_STATIC,MAIN_RUNETERRA,CURRENT_OR_REVIEW,UNFETCHED,,Use primary Riot text as highest-priority evidence; Wiki should point back to underlying Riot sources.
src:riot-bio:illaoi,char:illaoi,CHAMPION,Illaoi — CHAMPION_BIO,https://www.leagueoflegends.com/en-us/champions/illaoi/,www.leagueoflegends.com,CHAMPION_BIO,PRIMARY_OFFICIAL,MAIN_RUNETERRA,CURRENT_OR_REVIEW,UNFETCHED,,Use primary Riot text as highest-priority evidence; Wiki should point back to underlying Riot sources.
src:wiki-universe:illaoi,char:illaoi,CHAMPION,Illaoi — WIKI_UNIVERSE,https://wiki.leagueoflegends.com/en-us/Universe%3AIllaoi,wiki.leagueoflegends.com,WIKI_UNIVERSE,OFFICIAL_COMMUNITY_REFERENCE,MAIN_RUNETERRA,CURRENT_OR_REVIEW,UNFETCHED,,Use primary Riot text as highest-priority evidence; Wiki should point back to underlying Riot sources.
src:wiki-data:illaoi,char:illaoi,CHAMPION,Illaoi — WIKI_REFERENCE,https://wiki.leagueoflegends.com/en-us/Template%3AData_Illaoi,wiki.leagueoflegends.com,WIKI_REFERENCE,OFFICIAL_COMMUNITY_REFERENCE,MAIN_RUNETERRA,CURRENT_OR_REVIEW,UNFETCHED,,Use primary Riot text as highest-priority evidence; Wiki should point back to underlying Riot sources.
src:ddragon:illaoi,char:illaoi,CHAMPION,Illaoi — DATA_DRAGON,https://ddragon.leagueoflegends.com/cdn/16.18.1/data/en_US/champion/Illaoi.json,ddragon.leagueoflegends.com,DATA_DRAGON,PRIMARY_OFFICIAL_STATIC,MAIN_RUNETERRA,CURRENT_OR_REVIEW,UNFETCHED,,Use primary Riot text as highest-priority evidence; Wiki should point back to underlying Riot sources.
src:riot-bio:irelia,char:irelia,CHAMPION,Irelia — CHAMPION_BIO,https://www.leagueoflegends.com/en-us/champions/irelia/,www.leagueoflegends.com,CHAMPION_BIO,PRIMARY_OFFICIAL,MAIN_RUNETERRA,CURRENT_OR_REVIEW,UNFETCHED,,Use primary Riot text as highest-priority evidence; Wiki should point back to underlying Riot sources.
src:wiki-universe:irelia,char:irelia,CHAMPION,Irelia — WIKI_UNIVERSE,https://wiki.leagueoflegends.com/en-us/Universe%3AIrelia,wiki.leagueoflegends.com,WIKI_UNIVERSE,OFFICIAL_COMMUNITY_REFERENCE,MAIN_RUNETERRA,CURRENT_OR_REVIEW,UNFETCHED,,Use primary Riot text as highest-priority evidence; Wiki should point back to underlying Riot sources.
src:wiki-data:irelia,char:irelia,CHAMPION,Irelia — WIKI_REFERENCE,https://wiki.leagueoflegends.com/en-us/Template%3AData_Irelia,wiki.leagueoflegends.com,WIKI_REFERENCE,OFFICIAL_COMMUNITY_REFERENCE,MAIN_RUNETERRA,CURRENT_OR_REVIEW,UNFETCHED,,Use primary Riot text as highest-priority evidence; Wiki should point back to underlying Riot sources.
src:ddragon:irelia,char:irelia,CHAMPION,Irelia — DATA_DRAGON,https://ddragon.leagueoflegends.com/cdn/16.18.1/data/en_US/champion/Irelia.json,ddragon.leagueoflegends.com,DATA_DRAGON,PRIMARY_OFFICIAL_STATIC,MAIN_RUNETERRA,CURRENT_OR_REVIEW,UNFETCHED,,Use primary Riot text as highest-priority evidence; Wiki should point back to underlying Riot sources.
src:riot-bio:ivern,char:ivern,CHAMPION,Ivern — CHAMPION_BIO,https://www.leagueoflegends.com/en-us/champions/ivern/,www.leagueoflegends.com,CHAMPION_BIO,PRIMARY_OFFICIAL,MAIN_RUNETERRA,CURRENT_OR_REVIEW,UNFETCHED,,Use primary Riot text as highest-priority evidence; Wiki should point back to underlying Riot sources.
src:wiki-universe:ivern,char:ivern,CHAMPION,Ivern — WIKI_UNIVERSE,https://wiki.leagueoflegends.com/en-us/Universe%3AIvern,wiki.leagueoflegends.com,WIKI_UNIVERSE,OFFICIAL_COMMUNITY_REFERENCE,MAIN_RUNETERRA,CURRENT_OR_REVIEW,UNFETCHED,,Use primary Riot text as highest-priority evidence; Wiki should point back to underlying Riot sources.
src:wiki-data:ivern,char:ivern,CHAMPION,Ivern — WIKI_REFERENCE,https://wiki.leagueoflegends.com/en-us/Template%3AData_Ivern,wiki.leagueoflegends.com,WIKI_REFERENCE,OFFICIAL_COMMUNITY_REFERENCE,MAIN_RUNETERRA,CURRENT_OR_REVIEW,UNFETCHED,,Use primary Riot text as highest-priority evidence; Wiki should point back to underlying Riot sources.
src:ddragon:ivern,char:ivern,CHAMPION,Ivern — DATA_DRAGON,https://ddragon.leagueoflegends.com/cdn/16.18.1/data/en_US/champion/Ivern.json,ddragon.leagueoflegends.com,DATA_DRAGON,PRIMARY_OFFICIAL_STATIC,MAIN_RUNETERRA,CURRENT_OR_REVIEW,UNFETCHED,,Use primary Riot text as highest-priority evidence; Wiki should point back to underlying Riot sources.
src:riot-bio:janna,char:janna,CHAMPION,Janna — CHAMPION_BIO,https://www.leagueoflegends.com/en-us/champions/janna/,www.leagueoflegends.com,CHAMPION_BIO,PRIMARY_OFFICIAL,MAIN_RUNETERRA,CURRENT_OR_REVIEW,UNFETCHED,,Use primary Riot text as highest-priority evidence; Wiki should point back to underlying Riot sources.
src:wiki-universe:janna,char:janna,CHAMPION,Janna — WIKI_UNIVERSE,https://wiki.leagueoflegends.com/en-us/Universe%3AJanna,wiki.leagueoflegends.com,WIKI_UNIVERSE,OFFICIAL_COMMUNITY_REFERENCE,MAIN_RUNETERRA,CURRENT_OR_REVIEW,UNFETCHED,,Use primary Riot text as highest-priority evidence; Wiki should point back to underlying Riot sources.
src:wiki-data:janna,char:janna,CHAMPION,Janna — WIKI_REFERENCE,https://wiki.leagueoflegends.com/en-us/Template%3AData_Janna,wiki.leagueoflegends.com,WIKI_REFERENCE,OFFICIAL_COMMUNITY_REFERENCE,MAIN_RUNETERRA,CURRENT_OR_REVIEW,UNFETCHED,,Use primary Riot text as highest-priority evidence; Wiki should point back to underlying Riot sources.
src:ddragon:janna,char:janna,CHAMPION,Janna — DATA_DRAGON,https://ddragon.leagueoflegends.com/cdn/16.18.1/data/en_US/champion/Janna.json,ddragon.leagueoflegends.com,DATA_DRAGON,PRIMARY_OFFICIAL_STATIC,MAIN_RUNETERRA,CURRENT_OR_REVIEW,UNFETCHED,,Use primary Riot text as highest-priority evidence; Wiki should point back to underlying Riot sources.
src:riot-bio:jarvan-iv,char:jarvan-iv,CHAMPION,Jarvan IV — CHAMPION_BIO,https://www.leagueoflegends.com/en-us/champions/jarvan-iv/,www.leagueoflegends.com,CHAMPION_BIO,PRIMARY_OFFICIAL,MAIN_RUNETERRA,CURRENT_OR_REVIEW,UNFETCHED,,Use primary Riot text as highest-priority evidence; Wiki should point back to underlying Riot sources.
src:wiki-universe:jarvan-iv,char:jarvan-iv,CHAMPION,Jarvan IV — WIKI_UNIVERSE,https://wiki.leagueoflegends.com/en-us/Universe%3AJarvan_IV,wiki.leagueoflegends.com,WIKI_UNIVERSE,OFFICIAL_COMMUNITY_REFERENCE,MAIN_RUNETERRA,CURRENT_OR_REVIEW,UNFETCHED,,Use primary Riot text as highest-priority evidence; Wiki should point back to underlying Riot sources.
src:wiki-data:jarvan-iv,char:jarvan-iv,CHAMPION,Jarvan IV — WIKI_REFERENCE,https://wiki.leagueoflegends.com/en-us/Template%3AData_Jarvan_IV,wiki.leagueoflegends.com,WIKI_REFERENCE,OFFICIAL_COMMUNITY_REFERENCE,MAIN_RUNETERRA,CURRENT_OR_REVIEW,UNFETCHED,,Use primary Riot text as highest-priority evidence; Wiki should point back to underlying Riot sources.
src:ddragon:jarvan-iv,char:jarvan-iv,CHAMPION,Jarvan IV — DATA_DRAGON,https://ddragon.leagueoflegends.com/cdn/16.18.1/data/en_US/champion/JarvanIV.json,ddragon.leagueoflegends.com,DATA_DRAGON,PRIMARY_OFFICIAL_STATIC,MAIN_RUNETERRA,CURRENT_OR_REVIEW,UNFETCHED,,Use primary Riot text as highest-priority evidence; Wiki should point back to underlying Riot sources.
src:riot-bio:jax,char:jax,CHAMPION,Jax — CHAMPION_BIO,https://www.leagueoflegends.com/en-us/champions/jax/,www.leagueoflegends.com,CHAMPION_BIO,PRIMARY_OFFICIAL,MAIN_RUNETERRA,CURRENT_OR_REVIEW,UNFETCHED,,Use primary Riot text as highest-priority evidence; Wiki should point back to underlying Riot sources.
src:wiki-universe:jax,char:jax,CHAMPION,Jax — WIKI_UNIVERSE,https://wiki.leagueoflegends.com/en-us/Universe%3AJax,wiki.leagueoflegends.com,WIKI_UNIVERSE,OFFICIAL_COMMUNITY_REFERENCE,MAIN_RUNETERRA,CURRENT_OR_REVIEW,UNFETCHED,,Use primary Riot text as highest-priority evidence; Wiki should point back to underlying Riot sources.
src:wiki-data:jax,char:jax,CHAMPION,Jax — WIKI_REFERENCE,https://wiki.leagueoflegends.com/en-us/Template%3AData_Jax,wiki.leagueoflegends.com,WIKI_REFERENCE,OFFICIAL_COMMUNITY_REFERENCE,MAIN_RUNETERRA,CURRENT_OR_REVIEW,UNFETCHED,,Use primary Riot text as highest-priority evidence; Wiki should point back to underlying Riot sources.
src:ddragon:jax,char:jax,CHAMPION,Jax — DATA_DRAGON,https://ddragon.leagueoflegends.com/cdn/16.18.1/data/en_US/champion/Jax.json,ddragon.leagueoflegends.com,DATA_DRAGON,PRIMARY_OFFICIAL_STATIC,MAIN_RUNETERRA,CURRENT_OR_REVIEW,UNFETCHED,,Use primary Riot text as highest-priority evidence; Wiki should point back to underlying Riot sources.
src:riot-bio:jayce,char:jayce,CHAMPION,Jayce — CHAMPION_BIO,https://www.leagueoflegends.com/en-us/champions/jayce/,www.leagueoflegends.com,CHAMPION_BIO,PRIMARY_OFFICIAL,MAIN_RUNETERRA,CURRENT_OR_REVIEW,UNFETCHED,,Use primary Riot text as highest-priority evidence; Wiki should point back to underlying Riot sources.
src:wiki-universe:jayce,char:jayce,CHAMPION,Jayce — WIKI_UNIVERSE,https://wiki.leagueoflegends.com/en-us/Universe%3AJayce,wiki.leagueoflegends.com,WIKI_UNIVERSE,OFFICIAL_COMMUNITY_REFERENCE,MAIN_RUNETERRA,CURRENT_OR_REVIEW,UNFETCHED,,Use primary Riot text as highest-priority evidence; Wiki should point back to underlying Riot sources.
src:wiki-data:jayce,char:jayce,CHAMPION,Jayce — WIKI_REFERENCE,https://wiki.leagueoflegends.com/en-us/Template%3AData_Jayce,wiki.leagueoflegends.com,WIKI_REFERENCE,OFFICIAL_COMMUNITY_REFERENCE,MAIN_RUNETERRA,CURRENT_OR_REVIEW,UNFETCHED,,Use primary Riot text as highest-priority evidence; Wiki should point back to underlying Riot sources.
src:ddragon:jayce,char:jayce,CHAMPION,Jayce — DATA_DRAGON,https://ddragon.leagueoflegends.com/cdn/16.18.1/data/en_US/champion/Jayce.json,ddragon.leagueoflegends.com,DATA_DRAGON,PRIMARY_OFFICIAL_STATIC,MAIN_RUNETERRA,CURRENT_OR_REVIEW,UNFETCHED,,Use primary Riot text as highest-priority evidence; Wiki should point back to underlying Riot sources.
src:riot-bio:jhin,char:jhin,CHAMPION,Jhin — CHAMPION_BIO,https://www.leagueoflegends.com/en-us/champions/jhin/,www.leagueoflegends.com,CHAMPION_BIO,PRIMARY_OFFICIAL,MAIN_RUNETERRA,CURRENT_OR_REVIEW,UNFETCHED,,Use primary Riot text as highest-priority evidence; Wiki should point back to underlying Riot sources.
src:wiki-universe:jhin,char:jhin,CHAMPION,Jhin — WIKI_UNIVERSE,https://wiki.leagueoflegends.com/en-us/Universe%3AJhin,wiki.leagueoflegends.com,WIKI_UNIVERSE,OFFICIAL_COMMUNITY_REFERENCE,MAIN_RUNETERRA,CURRENT_OR_REVIEW,UNFETCHED,,Use primary Riot text as highest-priority evidence; Wiki should point back to underlying Riot sources.
src:wiki-data:jhin,char:jhin,CHAMPION,Jhin — WIKI_REFERENCE,https://wiki.leagueoflegends.com/en-us/Template%3AData_Jhin,wiki.leagueoflegends.com,WIKI_REFERENCE,OFFICIAL_COMMUNITY_REFERENCE,MAIN_RUNETERRA,CURRENT_OR_REVIEW,UNFETCHED,,Use primary Riot text as highest-priority evidence; Wiki should point back to underlying Riot sources.
src:ddragon:jhin,char:jhin,CHAMPION,Jhin — DATA_DRAGON,https://ddragon.leagueoflegends.com/cdn/16.18.1/data/en_US/champion/Jhin.json,ddragon.leagueoflegends.com,DATA_DRAGON,PRIMARY_OFFICIAL_STATIC,MAIN_RUNETERRA,CURRENT_OR_REVIEW,UNFETCHED,,Use primary Riot text as highest-priority evidence; Wiki should point back to underlying Riot sources.
src:riot-bio:jinx,char:jinx,CHAMPION,Jinx — CHAMPION_BIO,https://www.leagueoflegends.com/en-us/champions/jinx/,www.leagueoflegends.com,CHAMPION_BIO,PRIMARY_OFFICIAL,MAIN_RUNETERRA,CURRENT_OR_REVIEW,UNFETCHED,,Use primary Riot text as highest-priority evidence; Wiki should point back to underlying Riot sources.
src:wiki-universe:jinx,char:jinx,CHAMPION,Jinx — WIKI_UNIVERSE,https://wiki.leagueoflegends.com/en-us/Universe%3AJinx,wiki.leagueoflegends.com,WIKI_UNIVERSE,OFFICIAL_COMMUNITY_REFERENCE,MAIN_RUNETERRA,CURRENT_OR_REVIEW,UNFETCHED,,Use primary Riot text as highest-priority evidence; Wiki should point back to underlying Riot sources.
src:wiki-data:jinx,char:jinx,CHAMPION,Jinx — WIKI_REFERENCE,https://wiki.leagueoflegends.com/en-us/Template%3AData_Jinx,wiki.leagueoflegends.com,WIKI_REFERENCE,OFFICIAL_COMMUNITY_REFERENCE,MAIN_RUNETERRA,CURRENT_OR_REVIEW,UNFETCHED,,Use primary Riot text as highest-priority evidence; Wiki should point back to underlying Riot sources.
src:ddragon:jinx,char:jinx,CHAMPION,Jinx — DATA_DRAGON,https://ddragon.leagueoflegends.com/cdn/16.18.1/data/en_US/champion/Jinx.json,ddragon.leagueoflegends.com,DATA_DRAGON,PRIMARY_OFFICIAL_STATIC,MAIN_RUNETERRA,CURRENT_OR_REVIEW,UNFETCHED,,Use primary Riot text as highest-priority evidence; Wiki should point back to underlying Riot sources.
src:riot-bio:k-sante,char:k-sante,CHAMPION,K'Sante — CHAMPION_BIO,https://www.leagueoflegends.com/en-us/champions/k-sante/,www.leagueoflegends.com,CHAMPION_BIO,PRIMARY_OFFICIAL,MAIN_RUNETERRA,CURRENT_OR_REVIEW,UNFETCHED,,Use primary Riot text as highest-priority evidence; Wiki should point back to underlying Riot sources.
src:wiki-universe:k-sante,char:k-sante,CHAMPION,K'Sante — WIKI_UNIVERSE,https://wiki.leagueoflegends.com/en-us/Universe%3AK'Sante,wiki.leagueoflegends.com,WIKI_UNIVERSE,OFFICIAL_COMMUNITY_REFERENCE,MAIN_RUNETERRA,CURRENT_OR_REVIEW,UNFETCHED,,Use primary Riot text as highest-priority evidence; Wiki should point back to underlying Riot sources.
src:wiki-data:k-sante,char:k-sante,CHAMPION,K'Sante — WIKI_REFERENCE,https://wiki.leagueoflegends.com/en-us/Template%3AData_K'Sante,wiki.leagueoflegends.com,WIKI_REFERENCE,OFFICIAL_COMMUNITY_REFERENCE,MAIN_RUNETERRA,CURRENT_OR_REVIEW,UNFETCHED,,Use primary Riot text as highest-priority evidence; Wiki should point back to underlying Riot sources.
src:ddragon:k-sante,char:k-sante,CHAMPION,K'Sante — DATA_DRAGON,https://ddragon.leagueoflegends.com/cdn/16.18.1/data/en_US/champion/KSante.json,ddragon.leagueoflegends.com,DATA_DRAGON,PRIMARY_OFFICIAL_STATIC,MAIN_RUNETERRA,CURRENT_OR_REVIEW,UNFETCHED,,Use primary Riot text as highest-priority evidence; Wiki should point back to underlying Riot sources.
src:riot-bio:kai-sa,char:kai-sa,CHAMPION,Kai'Sa — CHAMPION_BIO,https://www.leagueoflegends.com/en-us/champions/kai-sa/,www.leagueoflegends.com,CHAMPION_BIO,PRIMARY_OFFICIAL,MAIN_RUNETERRA,CURRENT_OR_REVIEW,UNFETCHED,,Use primary Riot text as highest-priority evidence; Wiki should point back to underlying Riot sources.
src:wiki-universe:kai-sa,char:kai-sa,CHAMPION,Kai'Sa — WIKI_UNIVERSE,https://wiki.leagueoflegends.com/en-us/Universe%3AKai'Sa,wiki.leagueoflegends.com,WIKI_UNIVERSE,OFFICIAL_COMMUNITY_REFERENCE,MAIN_RUNETERRA,CURRENT_OR_REVIEW,UNFETCHED,,Use primary Riot text as highest-priority evidence; Wiki should point back to underlying Riot sources.
src:wiki-data:kai-sa,char:kai-sa,CHAMPION,Kai'Sa — WIKI_REFERENCE,https://wiki.leagueoflegends.com/en-us/Template%3AData_Kai'Sa,wiki.leagueoflegends.com,WIKI_REFERENCE,OFFICIAL_COMMUNITY_REFERENCE,MAIN_RUNETERRA,CURRENT_OR_REVIEW,UNFETCHED,,Use primary Riot text as highest-priority evidence; Wiki should point back to underlying Riot sources.
src:ddragon:kai-sa,char:kai-sa,CHAMPION,Kai'Sa — DATA_DRAGON,https://ddragon.leagueoflegends.com/cdn/16.18.1/data/en_US/champion/Kaisa.json,ddragon.leagueoflegends.com,DATA_DRAGON,PRIMARY_OFFICIAL_STATIC,MAIN_RUNETERRA,CURRENT_OR_REVIEW,UNFETCHED,,Use primary Riot text as highest-priority evidence; Wiki should point back to underlying Riot sources.
src:riot-bio:kalista,char:kalista,CHAMPION,Kalista — CHAMPION_BIO,https://www.leagueoflegends.com/en-us/champions/kalista/,www.leagueoflegends.com,CHAMPION_BIO,PRIMARY_OFFICIAL,MAIN_RUNETERRA,CURRENT_OR_REVIEW,UNFETCHED,,Use primary Riot text as highest-priority evidence; Wiki should point back to underlying Riot sources.
src:wiki-universe:kalista,char:kalista,CHAMPION,Kalista — WIKI_UNIVERSE,https://wiki.leagueoflegends.com/en-us/Universe%3AKalista,wiki.leagueoflegends.com,WIKI_UNIVERSE,OFFICIAL_COMMUNITY_REFERENCE,MAIN_RUNETERRA,CURRENT_OR_REVIEW,UNFETCHED,,Use primary Riot text as highest-priority evidence; Wiki should point back to underlying Riot sources.
src:wiki-data:kalista,char:kalista,CHAMPION,Kalista — WIKI_REFERENCE,https://wiki.leagueoflegends.com/en-us/Template%3AData_Kalista,wiki.leagueoflegends.com,WIKI_REFERENCE,OFFICIAL_COMMUNITY_REFERENCE,MAIN_RUNETERRA,CURRENT_OR_REVIEW,UNFETCHED,,Use primary Riot text as highest-priority evidence; Wiki should point back to underlying Riot sources.
src:ddragon:kalista,char:kalista,CHAMPION,Kalista — DATA_DRAGON,https://ddragon.leagueoflegends.com/cdn/16.18.1/data/en_US/champion/Kalista.json,ddragon.leagueoflegends.com,DATA_DRAGON,PRIMARY_OFFICIAL_STATIC,MAIN_RUNETERRA,CURRENT_OR_REVIEW,UNFETCHED,,Use primary Riot text as highest-priority evidence; Wiki should point back to underlying Riot sources.
src:riot-bio:karma,char:karma,CHAMPION,Karma — CHAMPION_BIO,https://www.leagueoflegends.com/en-us/champions/karma/,www.leagueoflegends.com,CHAMPION_BIO,PRIMARY_OFFICIAL,MAIN_RUNETERRA,CURRENT_OR_REVIEW,UNFETCHED,,Use primary Riot text as highest-priority evidence; Wiki should point back to underlying Riot sources.
src:wiki-universe:karma,char:karma,CHAMPION,Karma — WIKI_UNIVERSE,https://wiki.leagueoflegends.com/en-us/Universe%3AKarma,wiki.leagueoflegends.com,WIKI_UNIVERSE,OFFICIAL_COMMUNITY_REFERENCE,MAIN_RUNETERRA,CURRENT_OR_REVIEW,UNFETCHED,,Use primary Riot text as highest-priority evidence; Wiki should point back to underlying Riot sources.
src:wiki-data:karma,char:karma,CHAMPION,Karma — WIKI_REFERENCE,https://wiki.leagueoflegends.com/en-us/Template%3AData_Karma,wiki.leagueoflegends.com,WIKI_REFERENCE,OFFICIAL_COMMUNITY_REFERENCE,MAIN_RUNETERRA,CURRENT_OR_REVIEW,UNFETCHED,,Use primary Riot text as highest-priority evidence; Wiki should point back to underlying Riot sources.
src:ddragon:karma,char:karma,CHAMPION,Karma — DATA_DRAGON,https://ddragon.leagueoflegends.com/cdn/16.18.1/data/en_US/champion/Karma.json,ddragon.leagueoflegends.com,DATA_DRAGON,PRIMARY_OFFICIAL_STATIC,MAIN_RUNETERRA,CURRENT_OR_REVIEW,UNFETCHED,,Use primary Riot text as highest-priority evidence; Wiki should point back to underlying Riot sources.
src:riot-bio:karthus,char:karthus,CHAMPION,Karthus — CHAMPION_BIO,https://www.leagueoflegends.com/en-us/champions/karthus/,www.leagueoflegends.com,CHAMPION_BIO,PRIMARY_OFFICIAL,MAIN_RUNETERRA,CURRENT_OR_REVIEW,UNFETCHED,,Use primary Riot text as highest-priority evidence; Wiki should point back to underlying Riot sources.
src:wiki-universe:karthus,char:karthus,CHAMPION,Karthus — WIKI_UNIVERSE,https://wiki.leagueoflegends.com/en-us/Universe%3AKarthus,wiki.leagueoflegends.com,WIKI_UNIVERSE,OFFICIAL_COMMUNITY_REFERENCE,MAIN_RUNETERRA,CURRENT_OR_REVIEW,UNFETCHED,,Use primary Riot text as highest-priority evidence; Wiki should point back to underlying Riot sources.
src:wiki-data:karthus,char:karthus,CHAMPION,Karthus — WIKI_REFERENCE,https://wiki.leagueoflegends.com/en-us/Template%3AData_Karthus,wiki.leagueoflegends.com,WIKI_REFERENCE,OFFICIAL_COMMUNITY_REFERENCE,MAIN_RUNETERRA,CURRENT_OR_REVIEW,UNFETCHED,,Use primary Riot text as highest-priority evidence; Wiki should point back to underlying Riot sources.
src:ddragon:karthus,char:karthus,CHAMPION,Karthus — DATA_DRAGON,https://ddragon.leagueoflegends.com/cdn/16.18.1/data/en_US/champion/Karthus.json,ddragon.leagueoflegends.com,DATA_DRAGON,PRIMARY_OFFICIAL_STATIC,MAIN_RUNETERRA,CURRENT_OR_REVIEW,UNFETCHED,,Use primary Riot text as highest-priority evidence; Wiki should point back to underlying Riot sources.
src:riot-bio:kassadin,char:kassadin,CHAMPION,Kassadin — CHAMPION_BIO,https://www.leagueoflegends.com/en-us/champions/kassadin/,www.leagueoflegends.com,CHAMPION_BIO,PRIMARY_OFFICIAL,MAIN_RUNETERRA,CURRENT_OR_REVIEW,UNFETCHED,,Use primary Riot text as highest-priority evidence; Wiki should point back to underlying Riot sources.
src:wiki-universe:kassadin,char:kassadin,CHAMPION,Kassadin — WIKI_UNIVERSE,https://wiki.leagueoflegends.com/en-us/Universe%3AKassadin,wiki.leagueoflegends.com,WIKI_UNIVERSE,OFFICIAL_COMMUNITY_REFERENCE,MAIN_RUNETERRA,CURRENT_OR_REVIEW,UNFETCHED,,Use primary Riot text as highest-priority evidence; Wiki should point back to underlying Riot sources.
src:wiki-data:kassadin,char:kassadin,CHAMPION,Kassadin — WIKI_REFERENCE,https://wiki.leagueoflegends.com/en-us/Template%3AData_Kassadin,wiki.leagueoflegends.com,WIKI_REFERENCE,OFFICIAL_COMMUNITY_REFERENCE,MAIN_RUNETERRA,CURRENT_OR_REVIEW,UNFETCHED,,Use primary Riot text as highest-priority evidence; Wiki should point back to underlying Riot sources.
src:ddragon:kassadin,char:kassadin,CHAMPION,Kassadin — DATA_DRAGON,https://ddragon.leagueoflegends.com/cdn/16.18.1/data/en_US/champion/Kassadin.json,ddragon.leagueoflegends.com,DATA_DRAGON,PRIMARY_OFFICIAL_STATIC,MAIN_RUNETERRA,CURRENT_OR_REVIEW,UNFETCHED,,Use primary Riot text as highest-priority evidence; Wiki should point back to underlying Riot sources.
src:riot-bio:katarina,char:katarina,CHAMPION,Katarina — CHAMPION_BIO,https://www.leagueoflegends.com/en-us/champions/katarina/,www.leagueoflegends.com,CHAMPION_BIO,PRIMARY_OFFICIAL,MAIN_RUNETERRA,CURRENT_OR_REVIEW,UNFETCHED,,Use primary Riot text as highest-priority evidence; Wiki should point back to underlying Riot sources.
src:wiki-universe:katarina,char:katarina,CHAMPION,Katarina — WIKI_UNIVERSE,https://wiki.leagueoflegends.com/en-us/Universe%3AKatarina,wiki.leagueoflegends.com,WIKI_UNIVERSE,OFFICIAL_COMMUNITY_REFERENCE,MAIN_RUNETERRA,CURRENT_OR_REVIEW,UNFETCHED,,Use primary Riot text as highest-priority evidence; Wiki should point back to underlying Riot sources.
src:wiki-data:katarina,char:katarina,CHAMPION,Katarina — WIKI_REFERENCE,https://wiki.leagueoflegends.com/en-us/Template%3AData_Katarina,wiki.leagueoflegends.com,WIKI_REFERENCE,OFFICIAL_COMMUNITY_REFERENCE,MAIN_RUNETERRA,CURRENT_OR_REVIEW,UNFETCHED,,Use primary Riot text as highest-priority evidence; Wiki should point back to underlying Riot sources.
src:ddragon:katarina,char:katarina,CHAMPION,Katarina — DATA_DRAGON,https://ddragon.leagueoflegends.com/cdn/16.18.1/data/en_US/champion/Katarina.json,ddragon.leagueoflegends.com,DATA_DRAGON,PRIMARY_OFFICIAL_STATIC,MAIN_RUNETERRA,CURRENT_OR_REVIEW,UNFETCHED,,Use primary Riot text as highest-priority evidence; Wiki should point back to underlying Riot sources.
src:riot-bio:kayle,char:kayle,CHAMPION,Kayle — CHAMPION_BIO,https://www.leagueoflegends.com/en-us/champions/kayle/,www.leagueoflegends.com,CHAMPION_BIO,PRIMARY_OFFICIAL,MAIN_RUNETERRA,CURRENT_OR_REVIEW,UNFETCHED,,Use primary Riot text as highest-priority evidence; Wiki should point back to underlying Riot sources.
src:wiki-universe:kayle,char:kayle,CHAMPION,Kayle — WIKI_UNIVERSE,https://wiki.leagueoflegends.com/en-us/Universe%3AKayle,wiki.leagueoflegends.com,WIKI_UNIVERSE,OFFICIAL_COMMUNITY_REFERENCE,MAIN_RUNETERRA,CURRENT_OR_REVIEW,UNFETCHED,,Use primary Riot text as highest-priority evidence; Wiki should point back to underlying Riot sources.
src:wiki-data:kayle,char:kayle,CHAMPION,Kayle — WIKI_REFERENCE,https://wiki.leagueoflegends.com/en-us/Template%3AData_Kayle,wiki.leagueoflegends.com,WIKI_REFERENCE,OFFICIAL_COMMUNITY_REFERENCE,MAIN_RUNETERRA,CURRENT_OR_REVIEW,UNFETCHED,,Use primary Riot text as highest-priority evidence; Wiki should point back to underlying Riot sources.
src:ddragon:kayle,char:kayle,CHAMPION,Kayle — DATA_DRAGON,https://ddragon.leagueoflegends.com/cdn/16.18.1/data/en_US/champion/Kayle.json,ddragon.leagueoflegends.com,DATA_DRAGON,PRIMARY_OFFICIAL_STATIC,MAIN_RUNETERRA,CURRENT_OR_REVIEW,UNFETCHED,,Use primary Riot text as highest-priority evidence; Wiki should point back to underlying Riot sources.
src:riot-bio:kayn,char:kayn,CHAMPION,Kayn — CHAMPION_BIO,https://www.leagueoflegends.com/en-us/champions/kayn/,www.leagueoflegends.com,CHAMPION_BIO,PRIMARY_OFFICIAL,MAIN_RUNETERRA,CURRENT_OR_REVIEW,UNFETCHED,,Use primary Riot text as highest-priority evidence; Wiki should point back to underlying Riot sources.
src:wiki-universe:kayn,char:kayn,CHAMPION,Kayn — WIKI_UNIVERSE,https://wiki.leagueoflegends.com/en-us/Universe%3AKayn,wiki.leagueoflegends.com,WIKI_UNIVERSE,OFFICIAL_COMMUNITY_REFERENCE,MAIN_RUNETERRA,CURRENT_OR_REVIEW,UNFETCHED,,Use primary Riot text as highest-priority evidence; Wiki should point back to underlying Riot sources.
src:wiki-data:kayn,char:kayn,CHAMPION,Kayn — WIKI_REFERENCE,https://wiki.leagueoflegends.com/en-us/Template%3AData_Kayn,wiki.leagueoflegends.com,WIKI_REFERENCE,OFFICIAL_COMMUNITY_REFERENCE,MAIN_RUNETERRA,CURRENT_OR_REVIEW,UNFETCHED,,Use primary Riot text as highest-priority evidence; Wiki should point back to underlying Riot sources.
src:ddragon:kayn,char:kayn,CHAMPION,Kayn — DATA_DRAGON,https://ddragon.leagueoflegends.com/cdn/16.18.1/data/en_US/champion/Kayn.json,ddragon.leagueoflegends.com,DATA_DRAGON,PRIMARY_OFFICIAL_STATIC,MAIN_RUNETERRA,CURRENT_OR_REVIEW,UNFETCHED,,Use primary Riot text as highest-priority evidence; Wiki should point back to underlying Riot sources.
src:riot-bio:kennen,char:kennen,CHAMPION,Kennen — CHAMPION_BIO,https://www.leagueoflegends.com/en-us/champions/kennen/,www.leagueoflegends.com,CHAMPION_BIO,PRIMARY_OFFICIAL,MAIN_RUNETERRA,CURRENT_OR_REVIEW,UNFETCHED,,Use primary Riot text as highest-priority evidence; Wiki should point back to underlying Riot sources.
src:wiki-universe:kennen,char:kennen,CHAMPION,Kennen — WIKI_UNIVERSE,https://wiki.leagueoflegends.com/en-us/Universe%3AKennen,wiki.leagueoflegends.com,WIKI_UNIVERSE,OFFICIAL_COMMUNITY_REFERENCE,MAIN_RUNETERRA,CURRENT_OR_REVIEW,UNFETCHED,,Use primary Riot text as highest-priority evidence; Wiki should point back to underlying Riot sources.
src:wiki-data:kennen,char:kennen,CHAMPION,Kennen — WIKI_REFERENCE,https://wiki.leagueoflegends.com/en-us/Template%3AData_Kennen,wiki.leagueoflegends.com,WIKI_REFERENCE,OFFICIAL_COMMUNITY_REFERENCE,MAIN_RUNETERRA,CURRENT_OR_REVIEW,UNFETCHED,,Use primary Riot text as highest-priority evidence; Wiki should point back to underlying Riot sources.
src:ddragon:kennen,char:kennen,CHAMPION,Kennen — DATA_DRAGON,https://ddragon.leagueoflegends.com/cdn/16.18.1/data/en_US/champion/Kennen.json,ddragon.leagueoflegends.com,DATA_DRAGON,PRIMARY_OFFICIAL_STATIC,MAIN_RUNETERRA,CURRENT_OR_REVIEW,UNFETCHED,,Use primary Riot text as highest-priority evidence; Wiki should point back to underlying Riot sources.
src:riot-bio:kha-zix,char:kha-zix,CHAMPION,Kha'Zix — CHAMPION_BIO,https://www.leagueoflegends.com/en-us/champions/kha-zix/,www.leagueoflegends.com,CHAMPION_BIO,PRIMARY_OFFICIAL,MAIN_RUNETERRA,CURRENT_OR_REVIEW,UNFETCHED,,Use primary Riot text as highest-priority evidence; Wiki should point back to underlying Riot sources.
src:wiki-universe:kha-zix,char:kha-zix,CHAMPION,Kha'Zix — WIKI_UNIVERSE,https://wiki.leagueoflegends.com/en-us/Universe%3AKha'Zix,wiki.leagueoflegends.com,WIKI_UNIVERSE,OFFICIAL_COMMUNITY_REFERENCE,MAIN_RUNETERRA,CURRENT_OR_REVIEW,UNFETCHED,,Use primary Riot text as highest-priority evidence; Wiki should point back to underlying Riot sources.
src:wiki-data:kha-zix,char:kha-zix,CHAMPION,Kha'Zix — WIKI_REFERENCE,https://wiki.leagueoflegends.com/en-us/Template%3AData_Kha'Zix,wiki.leagueoflegends.com,WIKI_REFERENCE,OFFICIAL_COMMUNITY_REFERENCE,MAIN_RUNETERRA,CURRENT_OR_REVIEW,UNFETCHED,,Use primary Riot text as highest-priority evidence; Wiki should point back to underlying Riot sources.
src:ddragon:kha-zix,char:kha-zix,CHAMPION,Kha'Zix — DATA_DRAGON,https://ddragon.leagueoflegends.com/cdn/16.18.1/data/en_US/champion/Khazix.json,ddragon.leagueoflegends.com,DATA_DRAGON,PRIMARY_OFFICIAL_STATIC,MAIN_RUNETERRA,CURRENT_OR_REVIEW,UNFETCHED,,Use primary Riot text as highest-priority evidence; Wiki should point back to underlying Riot sources.
src:riot-bio:kindred,char:kindred,CHAMPION,Kindred — CHAMPION_BIO,https://www.leagueoflegends.com/en-us/champions/kindred/,www.leagueoflegends.com,CHAMPION_BIO,PRIMARY_OFFICIAL,MAIN_RUNETERRA,CURRENT_OR_REVIEW,UNFETCHED,,Use primary Riot text as highest-priority evidence; Wiki should point back to underlying Riot sources.
src:wiki-universe:kindred,char:kindred,CHAMPION,Kindred — WIKI_UNIVERSE,https://wiki.leagueoflegends.com/en-us/Universe%3AKindred,wiki.leagueoflegends.com,WIKI_UNIVERSE,OFFICIAL_COMMUNITY_REFERENCE,MAIN_RUNETERRA,CURRENT_OR_REVIEW,UNFETCHED,,Use primary Riot text as highest-priority evidence; Wiki should point back to underlying Riot sources.
src:wiki-data:kindred,char:kindred,CHAMPION,Kindred — WIKI_REFERENCE,https://wiki.leagueoflegends.com/en-us/Template%3AData_Kindred,wiki.leagueoflegends.com,WIKI_REFERENCE,OFFICIAL_COMMUNITY_REFERENCE,MAIN_RUNETERRA,CURRENT_OR_REVIEW,UNFETCHED,,Use primary Riot text as highest-priority evidence; Wiki should point back to underlying Riot sources.
src:ddragon:kindred,char:kindred,CHAMPION,Kindred — DATA_DRAGON,https://ddragon.leagueoflegends.com/cdn/16.18.1/data/en_US/champion/Kindred.json,ddragon.leagueoflegends.com,DATA_DRAGON,PRIMARY_OFFICIAL_STATIC,MAIN_RUNETERRA,CURRENT_OR_REVIEW,UNFETCHED,,Use primary Riot text as highest-priority evidence; Wiki should point back to underlying Riot sources.
src:riot-bio:kled,char:kled,CHAMPION,Kled — CHAMPION_BIO,https://www.leagueoflegends.com/en-us/champions/kled/,www.leagueoflegends.com,CHAMPION_BIO,PRIMARY_OFFICIAL,MAIN_RUNETERRA,CURRENT_OR_REVIEW,UNFETCHED,,Use primary Riot text as highest-priority evidence; Wiki should point back to underlying Riot sources.
src:wiki-universe:kled,char:kled,CHAMPION,Kled — WIKI_UNIVERSE,https://wiki.leagueoflegends.com/en-us/Universe%3AKled,wiki.leagueoflegends.com,WIKI_UNIVERSE,OFFICIAL_COMMUNITY_REFERENCE,MAIN_RUNETERRA,CURRENT_OR_REVIEW,UNFETCHED,,Use primary Riot text as highest-priority evidence; Wiki should point back to underlying Riot sources.
src:wiki-data:kled,char:kled,CHAMPION,Kled — WIKI_REFERENCE,https://wiki.leagueoflegends.com/en-us/Template%3AData_Kled,wiki.leagueoflegends.com,WIKI_REFERENCE,OFFICIAL_COMMUNITY_REFERENCE,MAIN_RUNETERRA,CURRENT_OR_REVIEW,UNFETCHED,,Use primary Riot text as highest-priority evidence; Wiki should point back to underlying Riot sources.
src:ddragon:kled,char:kled,CHAMPION,Kled — DATA_DRAGON,https://ddragon.leagueoflegends.com/cdn/16.18.1/data/en_US/champion/Kled.json,ddragon.leagueoflegends.com,DATA_DRAGON,PRIMARY_OFFICIAL_STATIC,MAIN_RUNETERRA,CURRENT_OR_REVIEW,UNFETCHED,,Use primary Riot text as highest-priority evidence; Wiki should point back to underlying Riot sources.
src:riot-bio:kog-maw,char:kog-maw,CHAMPION,Kog'Maw — CHAMPION_BIO,https://www.leagueoflegends.com/en-us/champions/kog-maw/,www.leagueoflegends.com,CHAMPION_BIO,PRIMARY_OFFICIAL,MAIN_RUNETERRA,CURRENT_OR_REVIEW,UNFETCHED,,Use primary Riot text as highest-priority evidence; Wiki should point back to underlying Riot sources.
src:wiki-universe:kog-maw,char:kog-maw,CHAMPION,Kog'Maw — WIKI_UNIVERSE,https://wiki.leagueoflegends.com/en-us/Universe%3AKog'Maw,wiki.leagueoflegends.com,WIKI_UNIVERSE,OFFICIAL_COMMUNITY_REFERENCE,MAIN_RUNETERRA,CURRENT_OR_REVIEW,UNFETCHED,,Use primary Riot text as highest-priority evidence; Wiki should point back to underlying Riot sources.
src:wiki-data:kog-maw,char:kog-maw,CHAMPION,Kog'Maw — WIKI_REFERENCE,https://wiki.leagueoflegends.com/en-us/Template%3AData_Kog'Maw,wiki.leagueoflegends.com,WIKI_REFERENCE,OFFICIAL_COMMUNITY_REFERENCE,MAIN_RUNETERRA,CURRENT_OR_REVIEW,UNFETCHED,,Use primary Riot text as highest-priority evidence; Wiki should point back to underlying Riot sources.
src:ddragon:kog-maw,char:kog-maw,CHAMPION,Kog'Maw — DATA_DRAGON,https://ddragon.leagueoflegends.com/cdn/16.18.1/data/en_US/champion/KogMaw.json,ddragon.leagueoflegends.com,DATA_DRAGON,PRIMARY_OFFICIAL_STATIC,MAIN_RUNETERRA,CURRENT_OR_REVIEW,UNFETCHED,,Use primary Riot text as highest-priority evidence; Wiki should point back to underlying Riot sources.
src:riot-bio:leblanc,char:leblanc,CHAMPION,LeBlanc — CHAMPION_BIO,https://www.leagueoflegends.com/en-us/champions/leblanc/,www.leagueoflegends.com,CHAMPION_BIO,PRIMARY_OFFICIAL,MAIN_RUNETERRA,CURRENT_OR_REVIEW,UNFETCHED,,Use primary Riot text as highest-priority evidence; Wiki should point back to underlying Riot sources.
src:wiki-universe:leblanc,char:leblanc,CHAMPION,LeBlanc — WIKI_UNIVERSE,https://wiki.leagueoflegends.com/en-us/Universe%3ALeBlanc,wiki.leagueoflegends.com,WIKI_UNIVERSE,OFFICIAL_COMMUNITY_REFERENCE,MAIN_RUNETERRA,CURRENT_OR_REVIEW,UNFETCHED,,Use primary Riot text as highest-priority evidence; Wiki should point back to underlying Riot sources.
src:wiki-data:leblanc,char:leblanc,CHAMPION,LeBlanc — WIKI_REFERENCE,https://wiki.leagueoflegends.com/en-us/Template%3AData_LeBlanc,wiki.leagueoflegends.com,WIKI_REFERENCE,OFFICIAL_COMMUNITY_REFERENCE,MAIN_RUNETERRA,CURRENT_OR_REVIEW,UNFETCHED,,Use primary Riot text as highest-priority evidence; Wiki should point back to underlying Riot sources.
src:ddragon:leblanc,char:leblanc,CHAMPION,LeBlanc — DATA_DRAGON,https://ddragon.leagueoflegends.com/cdn/16.18.1/data/en_US/champion/Leblanc.json,ddragon.leagueoflegends.com,DATA_DRAGON,PRIMARY_OFFICIAL_STATIC,MAIN_RUNETERRA,CURRENT_OR_REVIEW,UNFETCHED,,Use primary Riot text as highest-priority evidence; Wiki should point back to underlying Riot sources.
src:riot-bio:lee-sin,char:lee-sin,CHAMPION,Lee Sin — CHAMPION_BIO,https://www.leagueoflegends.com/en-us/champions/lee-sin/,www.leagueoflegends.com,CHAMPION_BIO,PRIMARY_OFFICIAL,MAIN_RUNETERRA,CURRENT_OR_REVIEW,UNFETCHED,,Use primary Riot text as highest-priority evidence; Wiki should point back to underlying Riot sources.
src:wiki-universe:lee-sin,char:lee-sin,CHAMPION,Lee Sin — WIKI_UNIVERSE,https://wiki.leagueoflegends.com/en-us/Universe%3ALee_Sin,wiki.leagueoflegends.com,WIKI_UNIVERSE,OFFICIAL_COMMUNITY_REFERENCE,MAIN_RUNETERRA,CURRENT_OR_REVIEW,UNFETCHED,,Use primary Riot text as highest-priority evidence; Wiki should point back to underlying Riot sources.
src:wiki-data:lee-sin,char:lee-sin,CHAMPION,Lee Sin — WIKI_REFERENCE,https://wiki.leagueoflegends.com/en-us/Template%3AData_Lee_Sin,wiki.leagueoflegends.com,WIKI_REFERENCE,OFFICIAL_COMMUNITY_REFERENCE,MAIN_RUNETERRA,CURRENT_OR_REVIEW,UNFETCHED,,Use primary Riot text as highest-priority evidence; Wiki should point back to underlying Riot sources.
src:ddragon:lee-sin,char:lee-sin,CHAMPION,Lee Sin — DATA_DRAGON,https://ddragon.leagueoflegends.com/cdn/16.18.1/data/en_US/champion/LeeSin.json,ddragon.leagueoflegends.com,DATA_DRAGON,PRIMARY_OFFICIAL_STATIC,MAIN_RUNETERRA,CURRENT_OR_REVIEW,UNFETCHED,,Use primary Riot text as highest-priority evidence; Wiki should point back to underlying Riot sources.
src:riot-bio:leona,char:leona,CHAMPION,Leona — CHAMPION_BIO,https://www.leagueoflegends.com/en-us/champions/leona/,www.leagueoflegends.com,CHAMPION_BIO,PRIMARY_OFFICIAL,MAIN_RUNETERRA,CURRENT_OR_REVIEW,UNFETCHED,,Use primary Riot text as highest-priority evidence; Wiki should point back to underlying Riot sources.
src:wiki-universe:leona,char:leona,CHAMPION,Leona — WIKI_UNIVERSE,https://wiki.leagueoflegends.com/en-us/Universe%3ALeona,wiki.leagueoflegends.com,WIKI_UNIVERSE,OFFICIAL_COMMUNITY_REFERENCE,MAIN_RUNETERRA,CURRENT_OR_REVIEW,UNFETCHED,,Use primary Riot text as highest-priority evidence; Wiki should point back to underlying Riot sources.
src:wiki-data:leona,char:leona,CHAMPION,Leona — WIKI_REFERENCE,https://wiki.leagueoflegends.com/en-us/Template%3AData_Leona,wiki.leagueoflegends.com,WIKI_REFERENCE,OFFICIAL_COMMUNITY_REFERENCE,MAIN_RUNETERRA,CURRENT_OR_REVIEW,UNFETCHED,,Use primary Riot text as highest-priority evidence; Wiki should point back to underlying Riot sources.
src:ddragon:leona,char:leona,CHAMPION,Leona — DATA_DRAGON,https://ddragon.leagueoflegends.com/cdn/16.18.1/data/en_US/champion/Leona.json,ddragon.leagueoflegends.com,DATA_DRAGON,PRIMARY_OFFICIAL_STATIC,MAIN_RUNETERRA,CURRENT_OR_REVIEW,UNFETCHED,,Use primary Riot text as highest-priority evidence; Wiki should point back to underlying Riot sources.
src:riot-bio:lillia,char:lillia,CHAMPION,Lillia — CHAMPION_BIO,https://www.leagueoflegends.com/en-us/champions/lillia/,www.leagueoflegends.com,CHAMPION_BIO,PRIMARY_OFFICIAL,MAIN_RUNETERRA,CURRENT_OR_REVIEW,UNFETCHED,,Use primary Riot text as highest-priority evidence; Wiki should point back to underlying Riot sources.
src:wiki-universe:lillia,char:lillia,CHAMPION,Lillia — WIKI_UNIVERSE,https://wiki.leagueoflegends.com/en-us/Universe%3ALillia,wiki.leagueoflegends.com,WIKI_UNIVERSE,OFFICIAL_COMMUNITY_REFERENCE,MAIN_RUNETERRA,CURRENT_OR_REVIEW,UNFETCHED,,Use primary Riot text as highest-priority evidence; Wiki should point back to underlying Riot sources.
src:wiki-data:lillia,char:lillia,CHAMPION,Lillia — WIKI_REFERENCE,https://wiki.leagueoflegends.com/en-us/Template%3AData_Lillia,wiki.leagueoflegends.com,WIKI_REFERENCE,OFFICIAL_COMMUNITY_REFERENCE,MAIN_RUNETERRA,CURRENT_OR_REVIEW,UNFETCHED,,Use primary Riot text as highest-priority evidence; Wiki should point back to underlying Riot sources.
src:ddragon:lillia,char:lillia,CHAMPION,Lillia — DATA_DRAGON,https://ddragon.leagueoflegends.com/cdn/16.18.1/data/en_US/champion/Lillia.json,ddragon.leagueoflegends.com,DATA_DRAGON,PRIMARY_OFFICIAL_STATIC,MAIN_RUNETERRA,CURRENT_OR_REVIEW,UNFETCHED,,Use primary Riot text as highest-priority evidence; Wiki should point back to underlying Riot sources.
src:riot-bio:lissandra,char:lissandra,CHAMPION,Lissandra — CHAMPION_BIO,https://www.leagueoflegends.com/en-us/champions/lissandra/,www.leagueoflegends.com,CHAMPION_BIO,PRIMARY_OFFICIAL,MAIN_RUNETERRA,CURRENT_OR_REVIEW,UNFETCHED,,Use primary Riot text as highest-priority evidence; Wiki should point back to underlying Riot sources.
src:wiki-universe:lissandra,char:lissandra,CHAMPION,Lissandra — WIKI_UNIVERSE,https://wiki.leagueoflegends.com/en-us/Universe%3ALissandra,wiki.leagueoflegends.com,WIKI_UNIVERSE,OFFICIAL_COMMUNITY_REFERENCE,MAIN_RUNETERRA,CURRENT_OR_REVIEW,UNFETCHED,,Use primary Riot text as highest-priority evidence; Wiki should point back to underlying Riot sources.
src:wiki-data:lissandra,char:lissandra,CHAMPION,Lissandra — WIKI_REFERENCE,https://wiki.leagueoflegends.com/en-us/Template%3AData_Lissandra,wiki.leagueoflegends.com,WIKI_REFERENCE,OFFICIAL_COMMUNITY_REFERENCE,MAIN_RUNETERRA,CURRENT_OR_REVIEW,UNFETCHED,,Use primary Riot text as highest-priority evidence; Wiki should point back to underlying Riot sources.
src:ddragon:lissandra,char:lissandra,CHAMPION,Lissandra — DATA_DRAGON,https://ddragon.leagueoflegends.com/cdn/16.18.1/data/en_US/champion/Lissandra.json,ddragon.leagueoflegends.com,DATA_DRAGON,PRIMARY_OFFICIAL_STATIC,MAIN_RUNETERRA,CURRENT_OR_REVIEW,UNFETCHED,,Use primary Riot text as highest-priority evidence; Wiki should point back to underlying Riot sources.
src:riot-bio:locke,char:locke,CHAMPION,Locke — CHAMPION_BIO,https://www.leagueoflegends.com/en-us/champions/locke/,www.leagueoflegends.com,CHAMPION_BIO,PRIMARY_OFFICIAL,MAIN_RUNETERRA,CURRENT_OR_REVIEW,VERIFIED,2026-09-16,Use primary Riot text as highest-priority evidence; Wiki should point back to underlying Riot sources.
src:wiki-universe:locke,char:locke,CHAMPION,Locke — WIKI_UNIVERSE,https://wiki.leagueoflegends.com/en-us/Universe%3ALocke,wiki.leagueoflegends.com,WIKI_UNIVERSE,OFFICIAL_COMMUNITY_REFERENCE,MAIN_RUNETERRA,CURRENT_OR_REVIEW,UNFETCHED,,Use primary Riot text as highest-priority evidence; Wiki should point back to underlying Riot sources.
src:wiki-data:locke,char:locke,CHAMPION,Locke — WIKI_REFERENCE,https://wiki.leagueoflegends.com/en-us/Template%3AData_Locke,wiki.leagueoflegends.com,WIKI_REFERENCE,OFFICIAL_COMMUNITY_REFERENCE,MAIN_RUNETERRA,CURRENT_OR_REVIEW,UNFETCHED,,Use primary Riot text as highest-priority evidence; Wiki should point back to underlying Riot sources.
src:ddragon:locke,char:locke,CHAMPION,Locke — DATA_DRAGON,https://ddragon.leagueoflegends.com/cdn/16.18.1/data/en_US/champion/Locke.json,ddragon.leagueoflegends.com,DATA_DRAGON,PRIMARY_OFFICIAL_STATIC,MAIN_RUNETERRA,CURRENT_OR_REVIEW,UNFETCHED,,Use primary Riot text as highest-priority evidence; Wiki should point back to underlying Riot sources.
src:riot-bio:lucian,char:lucian,CHAMPION,Lucian — CHAMPION_BIO,https://www.leagueoflegends.com/en-us/champions/lucian/,www.leagueoflegends.com,CHAMPION_BIO,PRIMARY_OFFICIAL,MAIN_RUNETERRA,CURRENT_OR_REVIEW,UNFETCHED,,Use primary Riot text as highest-priority evidence; Wiki should point back to underlying Riot sources.
src:wiki-universe:lucian,char:lucian,CHAMPION,Lucian — WIKI_UNIVERSE,https://wiki.leagueoflegends.com/en-us/Universe%3ALucian,wiki.leagueoflegends.com,WIKI_UNIVERSE,OFFICIAL_COMMUNITY_REFERENCE,MAIN_RUNETERRA,CURRENT_OR_REVIEW,UNFETCHED,,Use primary Riot text as highest-priority evidence; Wiki should point back to underlying Riot sources.
src:wiki-data:lucian,char:lucian,CHAMPION,Lucian — WIKI_REFERENCE,https://wiki.leagueoflegends.com/en-us/Template%3AData_Lucian,wiki.leagueoflegends.com,WIKI_REFERENCE,OFFICIAL_COMMUNITY_REFERENCE,MAIN_RUNETERRA,CURRENT_OR_REVIEW,UNFETCHED,,Use primary Riot text as highest-priority evidence; Wiki should point back to underlying Riot sources.
src:ddragon:lucian,char:lucian,CHAMPION,Lucian — DATA_DRAGON,https://ddragon.leagueoflegends.com/cdn/16.18.1/data/en_US/champion/Lucian.json,ddragon.leagueoflegends.com,DATA_DRAGON,PRIMARY_OFFICIAL_STATIC,MAIN_RUNETERRA,CURRENT_OR_REVIEW,UNFETCHED,,Use primary Riot text as highest-priority evidence; Wiki should point back to underlying Riot sources.
src:riot-bio:lulu,char:lulu,CHAMPION,Lulu — CHAMPION_BIO,https://www.leagueoflegends.com/en-us/champions/lulu/,www.leagueoflegends.com,CHAMPION_BIO,PRIMARY_OFFICIAL,MAIN_RUNETERRA,CURRENT_OR_REVIEW,UNFETCHED,,Use primary Riot text as highest-priority evidence; Wiki should point back to underlying Riot sources.
src:wiki-universe:lulu,char:lulu,CHAMPION,Lulu — WIKI_UNIVERSE,https://wiki.leagueoflegends.com/en-us/Universe%3ALulu,wiki.leagueoflegends.com,WIKI_UNIVERSE,OFFICIAL_COMMUNITY_REFERENCE,MAIN_RUNETERRA,CURRENT_OR_REVIEW,UNFETCHED,,Use primary Riot text as highest-priority evidence; Wiki should point back to underlying Riot sources.
src:wiki-data:lulu,char:lulu,CHAMPION,Lulu — WIKI_REFERENCE,https://wiki.leagueoflegends.com/en-us/Template%3AData_Lulu,wiki.leagueoflegends.com,WIKI_REFERENCE,OFFICIAL_COMMUNITY_REFERENCE,MAIN_RUNETERRA,CURRENT_OR_REVIEW,UNFETCHED,,Use primary Riot text as highest-priority evidence; Wiki should point back to underlying Riot sources.
src:ddragon:lulu,char:lulu,CHAMPION,Lulu — DATA_DRAGON,https://ddragon.leagueoflegends.com/cdn/16.18.1/data/en_US/champion/Lulu.json,ddragon.leagueoflegends.com,DATA_DRAGON,PRIMARY_OFFICIAL_STATIC,MAIN_RUNETERRA,CURRENT_OR_REVIEW,UNFETCHED,,Use primary Riot text as highest-priority evidence; Wiki should point back to underlying Riot sources.
src:riot-bio:lux,char:lux,CHAMPION,Lux — CHAMPION_BIO,https://www.leagueoflegends.com/en-us/champions/lux/,www.leagueoflegends.com,CHAMPION_BIO,PRIMARY_OFFICIAL,MAIN_RUNETERRA,CURRENT_OR_REVIEW,UNFETCHED,,Use primary Riot text as highest-priority evidence; Wiki should point back to underlying Riot sources.
src:wiki-universe:lux,char:lux,CHAMPION,Lux — WIKI_UNIVERSE,https://wiki.leagueoflegends.com/en-us/Universe%3ALux,wiki.leagueoflegends.com,WIKI_UNIVERSE,OFFICIAL_COMMUNITY_REFERENCE,MAIN_RUNETERRA,CURRENT_OR_REVIEW,UNFETCHED,,Use primary Riot text as highest-priority evidence; Wiki should point back to underlying Riot sources.
src:wiki-data:lux,char:lux,CHAMPION,Lux — WIKI_REFERENCE,https://wiki.leagueoflegends.com/en-us/Template%3AData_Lux,wiki.leagueoflegends.com,WIKI_REFERENCE,OFFICIAL_COMMUNITY_REFERENCE,MAIN_RUNETERRA,CURRENT_OR_REVIEW,UNFETCHED,,Use primary Riot text as highest-priority evidence; Wiki should point back to underlying Riot sources.
src:ddragon:lux,char:lux,CHAMPION,Lux — DATA_DRAGON,https://ddragon.leagueoflegends.com/cdn/16.18.1/data/en_US/champion/Lux.json,ddragon.leagueoflegends.com,DATA_DRAGON,PRIMARY_OFFICIAL_STATIC,MAIN_RUNETERRA,CURRENT_OR_REVIEW,UNFETCHED,,Use primary Riot text as highest-priority evidence; Wiki should point back to underlying Riot sources.
src:riot-bio:malphite,char:malphite,CHAMPION,Malphite — CHAMPION_BIO,https://www.leagueoflegends.com/en-us/champions/malphite/,www.leagueoflegends.com,CHAMPION_BIO,PRIMARY_OFFICIAL,MAIN_RUNETERRA,CURRENT_OR_REVIEW,UNFETCHED,,Use primary Riot text as highest-priority evidence; Wiki should point back to underlying Riot sources.
src:wiki-universe:malphite,char:malphite,CHAMPION,Malphite — WIKI_UNIVERSE,https://wiki.leagueoflegends.com/en-us/Universe%3AMalphite,wiki.leagueoflegends.com,WIKI_UNIVERSE,OFFICIAL_COMMUNITY_REFERENCE,MAIN_RUNETERRA,CURRENT_OR_REVIEW,UNFETCHED,,Use primary Riot text as highest-priority evidence; Wiki should point back to underlying Riot sources.
src:wiki-data:malphite,char:malphite,CHAMPION,Malphite — WIKI_REFERENCE,https://wiki.leagueoflegends.com/en-us/Template%3AData_Malphite,wiki.leagueoflegends.com,WIKI_REFERENCE,OFFICIAL_COMMUNITY_REFERENCE,MAIN_RUNETERRA,CURRENT_OR_REVIEW,UNFETCHED,,Use primary Riot text as highest-priority evidence; Wiki should point back to underlying Riot sources.
src:ddragon:malphite,char:malphite,CHAMPION,Malphite — DATA_DRAGON,https://ddragon.leagueoflegends.com/cdn/16.18.1/data/en_US/champion/Malphite.json,ddragon.leagueoflegends.com,DATA_DRAGON,PRIMARY_OFFICIAL_STATIC,MAIN_RUNETERRA,CURRENT_OR_REVIEW,UNFETCHED,,Use primary Riot text as highest-priority evidence; Wiki should point back to underlying Riot sources.
src:riot-bio:malzahar,char:malzahar,CHAMPION,Malzahar — CHAMPION_BIO,https://www.leagueoflegends.com/en-us/champions/malzahar/,www.leagueoflegends.com,CHAMPION_BIO,PRIMARY_OFFICIAL,MAIN_RUNETERRA,CURRENT_OR_REVIEW,UNFETCHED,,Use primary Riot text as highest-priority evidence; Wiki should point back to underlying Riot sources.
src:wiki-universe:malzahar,char:malzahar,CHAMPION,Malzahar — WIKI_UNIVERSE,https://wiki.leagueoflegends.com/en-us/Universe%3AMalzahar,wiki.leagueoflegends.com,WIKI_UNIVERSE,OFFICIAL_COMMUNITY_REFERENCE,MAIN_RUNETERRA,CURRENT_OR_REVIEW,UNFETCHED,,Use primary Riot text as highest-priority evidence; Wiki should point back to underlying Riot sources.
src:wiki-data:malzahar,char:malzahar,CHAMPION,Malzahar — WIKI_REFERENCE,https://wiki.leagueoflegends.com/en-us/Template%3AData_Malzahar,wiki.leagueoflegends.com,WIKI_REFERENCE,OFFICIAL_COMMUNITY_REFERENCE,MAIN_RUNETERRA,CURRENT_OR_REVIEW,UNFETCHED,,Use primary Riot text as highest-priority evidence; Wiki should point back to underlying Riot sources.
src:ddragon:malzahar,char:malzahar,CHAMPION,Malzahar — DATA_DRAGON,https://ddragon.leagueoflegends.com/cdn/16.18.1/data/en_US/champion/Malzahar.json,ddragon.leagueoflegends.com,DATA_DRAGON,PRIMARY_OFFICIAL_STATIC,MAIN_RUNETERRA,CURRENT_OR_REVIEW,UNFETCHED,,Use primary Riot text as highest-priority evidence; Wiki should point back to underlying Riot sources.
src:riot-bio:maokai,char:maokai,CHAMPION,Maokai — CHAMPION_BIO,https://www.leagueoflegends.com/en-us/champions/maokai/,www.leagueoflegends.com,CHAMPION_BIO,PRIMARY_OFFICIAL,MAIN_RUNETERRA,CURRENT_OR_REVIEW,UNFETCHED,,Use primary Riot text as highest-priority evidence; Wiki should point back to underlying Riot sources.
src:wiki-universe:maokai,char:maokai,CHAMPION,Maokai — WIKI_UNIVERSE,https://wiki.leagueoflegends.com/en-us/Universe%3AMaokai,wiki.leagueoflegends.com,WIKI_UNIVERSE,OFFICIAL_COMMUNITY_REFERENCE,MAIN_RUNETERRA,CURRENT_OR_REVIEW,UNFETCHED,,Use primary Riot text as highest-priority evidence; Wiki should point back to underlying Riot sources.
src:wiki-data:maokai,char:maokai,CHAMPION,Maokai — WIKI_REFERENCE,https://wiki.leagueoflegends.com/en-us/Template%3AData_Maokai,wiki.leagueoflegends.com,WIKI_REFERENCE,OFFICIAL_COMMUNITY_REFERENCE,MAIN_RUNETERRA,CURRENT_OR_REVIEW,UNFETCHED,,Use primary Riot text as highest-priority evidence; Wiki should point back to underlying Riot sources.
src:ddragon:maokai,char:maokai,CHAMPION,Maokai — DATA_DRAGON,https://ddragon.leagueoflegends.com/cdn/16.18.1/data/en_US/champion/Maokai.json,ddragon.leagueoflegends.com,DATA_DRAGON,PRIMARY_OFFICIAL_STATIC,MAIN_RUNETERRA,CURRENT_OR_REVIEW,UNFETCHED,,Use primary Riot text as highest-priority evidence; Wiki should point back to underlying Riot sources.
src:riot-bio:master-yi,char:master-yi,CHAMPION,Master Yi — CHAMPION_BIO,https://www.leagueoflegends.com/en-us/champions/master-yi/,www.leagueoflegends.com,CHAMPION_BIO,PRIMARY_OFFICIAL,MAIN_RUNETERRA,CURRENT_OR_REVIEW,UNFETCHED,,Use primary Riot text as highest-priority evidence; Wiki should point back to underlying Riot sources.
src:wiki-universe:master-yi,char:master-yi,CHAMPION,Master Yi — WIKI_UNIVERSE,https://wiki.leagueoflegends.com/en-us/Universe%3AMaster_Yi,wiki.leagueoflegends.com,WIKI_UNIVERSE,OFFICIAL_COMMUNITY_REFERENCE,MAIN_RUNETERRA,CURRENT_OR_REVIEW,UNFETCHED,,Use primary Riot text as highest-priority evidence; Wiki should point back to underlying Riot sources.
src:wiki-data:master-yi,char:master-yi,CHAMPION,Master Yi — WIKI_REFERENCE,https://wiki.leagueoflegends.com/en-us/Template%3AData_Master_Yi,wiki.leagueoflegends.com,WIKI_REFERENCE,OFFICIAL_COMMUNITY_REFERENCE,MAIN_RUNETERRA,CURRENT_OR_REVIEW,UNFETCHED,,Use primary Riot text as highest-priority evidence; Wiki should point back to underlying Riot sources.
src:ddragon:master-yi,char:master-yi,CHAMPION,Master Yi — DATA_DRAGON,https://ddragon.leagueoflegends.com/cdn/16.18.1/data/en_US/champion/MasterYi.json,ddragon.leagueoflegends.com,DATA_DRAGON,PRIMARY_OFFICIAL_STATIC,MAIN_RUNETERRA,CURRENT_OR_REVIEW,UNFETCHED,,Use primary Riot text as highest-priority evidence; Wiki should point back to underlying Riot sources.
src:riot-bio:mel,char:mel,CHAMPION,Mel — CHAMPION_BIO,https://www.leagueoflegends.com/en-us/champions/mel/,www.leagueoflegends.com,CHAMPION_BIO,PRIMARY_OFFICIAL,MAIN_RUNETERRA,CURRENT_OR_REVIEW,UNFETCHED,,Use primary Riot text as highest-priority evidence; Wiki should point back to underlying Riot sources.
src:wiki-universe:mel,char:mel,CHAMPION,Mel — WIKI_UNIVERSE,https://wiki.leagueoflegends.com/en-us/Universe%3AMel,wiki.leagueoflegends.com,WIKI_UNIVERSE,OFFICIAL_COMMUNITY_REFERENCE,MAIN_RUNETERRA,CURRENT_OR_REVIEW,UNFETCHED,,Use primary Riot text as highest-priority evidence; Wiki should point back to underlying Riot sources.
src:wiki-data:mel,char:mel,CHAMPION,Mel — WIKI_REFERENCE,https://wiki.leagueoflegends.com/en-us/Template%3AData_Mel,wiki.leagueoflegends.com,WIKI_REFERENCE,OFFICIAL_COMMUNITY_REFERENCE,MAIN_RUNETERRA,CURRENT_OR_REVIEW,UNFETCHED,,Use primary Riot text as highest-priority evidence; Wiki should point back to underlying Riot sources.
src:ddragon:mel,char:mel,CHAMPION,Mel — DATA_DRAGON,https://ddragon.leagueoflegends.com/cdn/16.18.1/data/en_US/champion/Mel.json,ddragon.leagueoflegends.com,DATA_DRAGON,PRIMARY_OFFICIAL_STATIC,MAIN_RUNETERRA,CURRENT_OR_REVIEW,UNFETCHED,,Use primary Riot text as highest-priority evidence; Wiki should point back to underlying Riot sources.
src:riot-bio:milio,char:milio,CHAMPION,Milio — CHAMPION_BIO,https://www.leagueoflegends.com/en-us/champions/milio/,www.leagueoflegends.com,CHAMPION_BIO,PRIMARY_OFFICIAL,MAIN_RUNETERRA,CURRENT_OR_REVIEW,UNFETCHED,,Use primary Riot text as highest-priority evidence; Wiki should point back to underlying Riot sources.
src:wiki-universe:milio,char:milio,CHAMPION,Milio — WIKI_UNIVERSE,https://wiki.leagueoflegends.com/en-us/Universe%3AMilio,wiki.leagueoflegends.com,WIKI_UNIVERSE,OFFICIAL_COMMUNITY_REFERENCE,MAIN_RUNETERRA,CURRENT_OR_REVIEW,UNFETCHED,,Use primary Riot text as highest-priority evidence; Wiki should point back to underlying Riot sources.
src:wiki-data:milio,char:milio,CHAMPION,Milio — WIKI_REFERENCE,https://wiki.leagueoflegends.com/en-us/Template%3AData_Milio,wiki.leagueoflegends.com,WIKI_REFERENCE,OFFICIAL_COMMUNITY_REFERENCE,MAIN_RUNETERRA,CURRENT_OR_REVIEW,UNFETCHED,,Use primary Riot text as highest-priority evidence; Wiki should point back to underlying Riot sources.
src:ddragon:milio,char:milio,CHAMPION,Milio — DATA_DRAGON,https://ddragon.leagueoflegends.com/cdn/16.18.1/data/en_US/champion/Milio.json,ddragon.leagueoflegends.com,DATA_DRAGON,PRIMARY_OFFICIAL_STATIC,MAIN_RUNETERRA,CURRENT_OR_REVIEW,UNFETCHED,,Use primary Riot text as highest-priority evidence; Wiki should point back to underlying Riot sources.
src:riot-bio:miss-fortune,char:miss-fortune,CHAMPION,Miss Fortune — CHAMPION_BIO,https://www.leagueoflegends.com/en-us/champions/miss-fortune/,www.leagueoflegends.com,CHAMPION_BIO,PRIMARY_OFFICIAL,MAIN_RUNETERRA,CURRENT_OR_REVIEW,UNFETCHED,,Use primary Riot text as highest-priority evidence; Wiki should point back to underlying Riot sources.
src:wiki-universe:miss-fortune,char:miss-fortune,CHAMPION,Miss Fortune — WIKI_UNIVERSE,https://wiki.leagueoflegends.com/en-us/Universe%3AMiss_Fortune,wiki.leagueoflegends.com,WIKI_UNIVERSE,OFFICIAL_COMMUNITY_REFERENCE,MAIN_RUNETERRA,CURRENT_OR_REVIEW,UNFETCHED,,Use primary Riot text as highest-priority evidence; Wiki should point back to underlying Riot sources.
src:wiki-data:miss-fortune,char:miss-fortune,CHAMPION,Miss Fortune — WIKI_REFERENCE,https://wiki.leagueoflegends.com/en-us/Template%3AData_Miss_Fortune,wiki.leagueoflegends.com,WIKI_REFERENCE,OFFICIAL_COMMUNITY_REFERENCE,MAIN_RUNETERRA,CURRENT_OR_REVIEW,UNFETCHED,,Use primary Riot text as highest-priority evidence; Wiki should point back to underlying Riot sources.
src:ddragon:miss-fortune,char:miss-fortune,CHAMPION,Miss Fortune — DATA_DRAGON,https://ddragon.leagueoflegends.com/cdn/16.18.1/data/en_US/champion/MissFortune.json,ddragon.leagueoflegends.com,DATA_DRAGON,PRIMARY_OFFICIAL_STATIC,MAIN_RUNETERRA,CURRENT_OR_REVIEW,UNFETCHED,,Use primary Riot text as highest-priority evidence; Wiki should point back to underlying Riot sources.
src:riot-bio:mordekaiser,char:mordekaiser,CHAMPION,Mordekaiser — CHAMPION_BIO,https://www.leagueoflegends.com/en-us/champions/mordekaiser/,www.leagueoflegends.com,CHAMPION_BIO,PRIMARY_OFFICIAL,MAIN_RUNETERRA,CURRENT_OR_REVIEW,UNFETCHED,,Use primary Riot text as highest-priority evidence; Wiki should point back to underlying Riot sources.
src:wiki-universe:mordekaiser,char:mordekaiser,CHAMPION,Mordekaiser — WIKI_UNIVERSE,https://wiki.leagueoflegends.com/en-us/Universe%3AMordekaiser,wiki.leagueoflegends.com,WIKI_UNIVERSE,OFFICIAL_COMMUNITY_REFERENCE,MAIN_RUNETERRA,CURRENT_OR_REVIEW,UNFETCHED,,Use primary Riot text as highest-priority evidence; Wiki should point back to underlying Riot sources.
src:wiki-data:mordekaiser,char:mordekaiser,CHAMPION,Mordekaiser — WIKI_REFERENCE,https://wiki.leagueoflegends.com/en-us/Template%3AData_Mordekaiser,wiki.leagueoflegends.com,WIKI_REFERENCE,OFFICIAL_COMMUNITY_REFERENCE,MAIN_RUNETERRA,CURRENT_OR_REVIEW,UNFETCHED,,Use primary Riot text as highest-priority evidence; Wiki should point back to underlying Riot sources.
src:ddragon:mordekaiser,char:mordekaiser,CHAMPION,Mordekaiser — DATA_DRAGON,https://ddragon.leagueoflegends.com/cdn/16.18.1/data/en_US/champion/Mordekaiser.json,ddragon.leagueoflegends.com,DATA_DRAGON,PRIMARY_OFFICIAL_STATIC,MAIN_RUNETERRA,CURRENT_OR_REVIEW,UNFETCHED,,Use primary Riot text as highest-priority evidence; Wiki should point back to underlying Riot sources.
src:riot-bio:morgana,char:morgana,CHAMPION,Morgana — CHAMPION_BIO,https://www.leagueoflegends.com/en-us/champions/morgana/,www.leagueoflegends.com,CHAMPION_BIO,PRIMARY_OFFICIAL,MAIN_RUNETERRA,CURRENT_OR_REVIEW,UNFETCHED,,Use primary Riot text as highest-priority evidence; Wiki should point back to underlying Riot sources.
src:wiki-universe:morgana,char:morgana,CHAMPION,Morgana — WIKI_UNIVERSE,https://wiki.leagueoflegends.com/en-us/Universe%3AMorgana,wiki.leagueoflegends.com,WIKI_UNIVERSE,OFFICIAL_COMMUNITY_REFERENCE,MAIN_RUNETERRA,CURRENT_OR_REVIEW,UNFETCHED,,Use primary Riot text as highest-priority evidence; Wiki should point back to underlying Riot sources.
src:wiki-data:morgana,char:morgana,CHAMPION,Morgana — WIKI_REFERENCE,https://wiki.leagueoflegends.com/en-us/Template%3AData_Morgana,wiki.leagueoflegends.com,WIKI_REFERENCE,OFFICIAL_COMMUNITY_REFERENCE,MAIN_RUNETERRA,CURRENT_OR_REVIEW,UNFETCHED,,Use primary Riot text as highest-priority evidence; Wiki should point back to underlying Riot sources.
src:ddragon:morgana,char:morgana,CHAMPION,Morgana — DATA_DRAGON,https://ddragon.leagueoflegends.com/cdn/16.18.1/data/en_US/champion/Morgana.json,ddragon.leagueoflegends.com,DATA_DRAGON,PRIMARY_OFFICIAL_STATIC,MAIN_RUNETERRA,CURRENT_OR_REVIEW,UNFETCHED,,Use primary Riot text as highest-priority evidence; Wiki should point back to underlying Riot sources.
src:riot-bio:naafiri,char:naafiri,CHAMPION,Naafiri — CHAMPION_BIO,https://www.leagueoflegends.com/en-us/champions/naafiri/,www.leagueoflegends.com,CHAMPION_BIO,PRIMARY_OFFICIAL,MAIN_RUNETERRA,CURRENT_OR_REVIEW,UNFETCHED,,Use primary Riot text as highest-priority evidence; Wiki should point back to underlying Riot sources.
src:wiki-universe:naafiri,char:naafiri,CHAMPION,Naafiri — WIKI_UNIVERSE,https://wiki.leagueoflegends.com/en-us/Universe%3ANaafiri,wiki.leagueoflegends.com,WIKI_UNIVERSE,OFFICIAL_COMMUNITY_REFERENCE,MAIN_RUNETERRA,CURRENT_OR_REVIEW,UNFETCHED,,Use primary Riot text as highest-priority evidence; Wiki should point back to underlying Riot sources.
src:wiki-data:naafiri,char:naafiri,CHAMPION,Naafiri — WIKI_REFERENCE,https://wiki.leagueoflegends.com/en-us/Template%3AData_Naafiri,wiki.leagueoflegends.com,WIKI_REFERENCE,OFFICIAL_COMMUNITY_REFERENCE,MAIN_RUNETERRA,CURRENT_OR_REVIEW,UNFETCHED,,Use primary Riot text as highest-priority evidence; Wiki should point back to underlying Riot sources.
src:ddragon:naafiri,char:naafiri,CHAMPION,Naafiri — DATA_DRAGON,https://ddragon.leagueoflegends.com/cdn/16.18.1/data/en_US/champion/Naafiri.json,ddragon.leagueoflegends.com,DATA_DRAGON,PRIMARY_OFFICIAL_STATIC,MAIN_RUNETERRA,CURRENT_OR_REVIEW,UNFETCHED,,Use primary Riot text as highest-priority evidence; Wiki should point back to underlying Riot sources.
src:riot-bio:nami,char:nami,CHAMPION,Nami — CHAMPION_BIO,https://www.leagueoflegends.com/en-us/champions/nami/,www.leagueoflegends.com,CHAMPION_BIO,PRIMARY_OFFICIAL,MAIN_RUNETERRA,CURRENT_OR_REVIEW,UNFETCHED,,Use primary Riot text as highest-priority evidence; Wiki should point back to underlying Riot sources.
src:wiki-universe:nami,char:nami,CHAMPION,Nami — WIKI_UNIVERSE,https://wiki.leagueoflegends.com/en-us/Universe%3ANami,wiki.leagueoflegends.com,WIKI_UNIVERSE,OFFICIAL_COMMUNITY_REFERENCE,MAIN_RUNETERRA,CURRENT_OR_REVIEW,UNFETCHED,,Use primary Riot text as highest-priority evidence; Wiki should point back to underlying Riot sources.
src:wiki-data:nami,char:nami,CHAMPION,Nami — WIKI_REFERENCE,https://wiki.leagueoflegends.com/en-us/Template%3AData_Nami,wiki.leagueoflegends.com,WIKI_REFERENCE,OFFICIAL_COMMUNITY_REFERENCE,MAIN_RUNETERRA,CURRENT_OR_REVIEW,UNFETCHED,,Use primary Riot text as highest-priority evidence; Wiki should point back to underlying Riot sources.
src:ddragon:nami,char:nami,CHAMPION,Nami — DATA_DRAGON,https://ddragon.leagueoflegends.com/cdn/16.18.1/data/en_US/champion/Nami.json,ddragon.leagueoflegends.com,DATA_DRAGON,PRIMARY_OFFICIAL_STATIC,MAIN_RUNETERRA,CURRENT_OR_REVIEW,UNFETCHED,,Use primary Riot text as highest-priority evidence; Wiki should point back to underlying Riot sources.
src:riot-bio:nasus,char:nasus,CHAMPION,Nasus — CHAMPION_BIO,https://www.leagueoflegends.com/en-us/champions/nasus/,www.leagueoflegends.com,CHAMPION_BIO,PRIMARY_OFFICIAL,MAIN_RUNETERRA,CURRENT_OR_REVIEW,UNFETCHED,,Use primary Riot text as highest-priority evidence; Wiki should point back to underlying Riot sources.
src:wiki-universe:nasus,char:nasus,CHAMPION,Nasus — WIKI_UNIVERSE,https://wiki.leagueoflegends.com/en-us/Universe%3ANasus,wiki.leagueoflegends.com,WIKI_UNIVERSE,OFFICIAL_COMMUNITY_REFERENCE,MAIN_RUNETERRA,CURRENT_OR_REVIEW,UNFETCHED,,Use primary Riot text as highest-priority evidence; Wiki should point back to underlying Riot sources.
src:wiki-data:nasus,char:nasus,CHAMPION,Nasus — WIKI_REFERENCE,https://wiki.leagueoflegends.com/en-us/Template%3AData_Nasus,wiki.leagueoflegends.com,WIKI_REFERENCE,OFFICIAL_COMMUNITY_REFERENCE,MAIN_RUNETERRA,CURRENT_OR_REVIEW,UNFETCHED,,Use primary Riot text as highest-priority evidence; Wiki should point back to underlying Riot sources.
src:ddragon:nasus,char:nasus,CHAMPION,Nasus — DATA_DRAGON,https://ddragon.leagueoflegends.com/cdn/16.18.1/data/en_US/champion/Nasus.json,ddragon.leagueoflegends.com,DATA_DRAGON,PRIMARY_OFFICIAL_STATIC,MAIN_RUNETERRA,CURRENT_OR_REVIEW,UNFETCHED,,Use primary Riot text as highest-priority evidence; Wiki should point back to underlying Riot sources.
src:riot-bio:nautilus,char:nautilus,CHAMPION,Nautilus — CHAMPION_BIO,https://www.leagueoflegends.com/en-us/champions/nautilus/,www.leagueoflegends.com,CHAMPION_BIO,PRIMARY_OFFICIAL,MAIN_RUNETERRA,CURRENT_OR_REVIEW,UNFETCHED,,Use primary Riot text as highest-priority evidence; Wiki should point back to underlying Riot sources.
src:wiki-universe:nautilus,char:nautilus,CHAMPION,Nautilus — WIKI_UNIVERSE,https://wiki.leagueoflegends.com/en-us/Universe%3ANautilus,wiki.leagueoflegends.com,WIKI_UNIVERSE,OFFICIAL_COMMUNITY_REFERENCE,MAIN_RUNETERRA,CURRENT_OR_REVIEW,UNFETCHED,,Use primary Riot text as highest-priority evidence; Wiki should point back to underlying Riot sources.
src:wiki-data:nautilus,char:nautilus,CHAMPION,Nautilus — WIKI_REFERENCE,https://wiki.leagueoflegends.com/en-us/Template%3AData_Nautilus,wiki.leagueoflegends.com,WIKI_REFERENCE,OFFICIAL_COMMUNITY_REFERENCE,MAIN_RUNETERRA,CURRENT_OR_REVIEW,UNFETCHED,,Use primary Riot text as highest-priority evidence; Wiki should point back to underlying Riot sources.
src:ddragon:nautilus,char:nautilus,CHAMPION,Nautilus — DATA_DRAGON,https://ddragon.leagueoflegends.com/cdn/16.18.1/data/en_US/champion/Nautilus.json,ddragon.leagueoflegends.com,DATA_DRAGON,PRIMARY_OFFICIAL_STATIC,MAIN_RUNETERRA,CURRENT_OR_REVIEW,UNFETCHED,,Use primary Riot text as highest-priority evidence; Wiki should point back to underlying Riot sources.
src:riot-bio:neeko,char:neeko,CHAMPION,Neeko — CHAMPION_BIO,https://www.leagueoflegends.com/en-us/champions/neeko/,www.leagueoflegends.com,CHAMPION_BIO,PRIMARY_OFFICIAL,MAIN_RUNETERRA,CURRENT_OR_REVIEW,UNFETCHED,,Use primary Riot text as highest-priority evidence; Wiki should point back to underlying Riot sources.
src:wiki-universe:neeko,char:neeko,CHAMPION,Neeko — WIKI_UNIVERSE,https://wiki.leagueoflegends.com/en-us/Universe%3ANeeko,wiki.leagueoflegends.com,WIKI_UNIVERSE,OFFICIAL_COMMUNITY_REFERENCE,MAIN_RUNETERRA,CURRENT_OR_REVIEW,UNFETCHED,,Use primary Riot text as highest-priority evidence; Wiki should point back to underlying Riot sources.
src:wiki-data:neeko,char:neeko,CHAMPION,Neeko — WIKI_REFERENCE,https://wiki.leagueoflegends.com/en-us/Template%3AData_Neeko,wiki.leagueoflegends.com,WIKI_REFERENCE,OFFICIAL_COMMUNITY_REFERENCE,MAIN_RUNETERRA,CURRENT_OR_REVIEW,UNFETCHED,,Use primary Riot text as highest-priority evidence; Wiki should point back to underlying Riot sources.
src:ddragon:neeko,char:neeko,CHAMPION,Neeko — DATA_DRAGON,https://ddragon.leagueoflegends.com/cdn/16.18.1/data/en_US/champion/Neeko.json,ddragon.leagueoflegends.com,DATA_DRAGON,PRIMARY_OFFICIAL_STATIC,MAIN_RUNETERRA,CURRENT_OR_REVIEW,UNFETCHED,,Use primary Riot text as highest-priority evidence; Wiki should point back to underlying Riot sources.
src:riot-bio:nidalee,char:nidalee,CHAMPION,Nidalee — CHAMPION_BIO,https://www.leagueoflegends.com/en-us/champions/nidalee/,www.leagueoflegends.com,CHAMPION_BIO,PRIMARY_OFFICIAL,MAIN_RUNETERRA,CURRENT_OR_REVIEW,UNFETCHED,,Use primary Riot text as highest-priority evidence; Wiki should point back to underlying Riot sources.
src:wiki-universe:nidalee,char:nidalee,CHAMPION,Nidalee — WIKI_UNIVERSE,https://wiki.leagueoflegends.com/en-us/Universe%3ANidalee,wiki.leagueoflegends.com,WIKI_UNIVERSE,OFFICIAL_COMMUNITY_REFERENCE,MAIN_RUNETERRA,CURRENT_OR_REVIEW,UNFETCHED,,Use primary Riot text as highest-priority evidence; Wiki should point back to underlying Riot sources.
src:wiki-data:nidalee,char:nidalee,CHAMPION,Nidalee — WIKI_REFERENCE,https://wiki.leagueoflegends.com/en-us/Template%3AData_Nidalee,wiki.leagueoflegends.com,WIKI_REFERENCE,OFFICIAL_COMMUNITY_REFERENCE,MAIN_RUNETERRA,CURRENT_OR_REVIEW,UNFETCHED,,Use primary Riot text as highest-priority evidence; Wiki should point back to underlying Riot sources.
src:ddragon:nidalee,char:nidalee,CHAMPION,Nidalee — DATA_DRAGON,https://ddragon.leagueoflegends.com/cdn/16.18.1/data/en_US/champion/Nidalee.json,ddragon.leagueoflegends.com,DATA_DRAGON,PRIMARY_OFFICIAL_STATIC,MAIN_RUNETERRA,CURRENT_OR_REVIEW,UNFETCHED,,Use primary Riot text as highest-priority evidence; Wiki should point back to underlying Riot sources.
src:riot-bio:nilah,char:nilah,CHAMPION,Nilah — CHAMPION_BIO,https://www.leagueoflegends.com/en-us/champions/nilah/,www.leagueoflegends.com,CHAMPION_BIO,PRIMARY_OFFICIAL,MAIN_RUNETERRA,CURRENT_OR_REVIEW,UNFETCHED,,Use primary Riot text as highest-priority evidence; Wiki should point back to underlying Riot sources.
src:wiki-universe:nilah,char:nilah,CHAMPION,Nilah — WIKI_UNIVERSE,https://wiki.leagueoflegends.com/en-us/Universe%3ANilah,wiki.leagueoflegends.com,WIKI_UNIVERSE,OFFICIAL_COMMUNITY_REFERENCE,MAIN_RUNETERRA,CURRENT_OR_REVIEW,UNFETCHED,,Use primary Riot text as highest-priority evidence; Wiki should point back to underlying Riot sources.
src:wiki-data:nilah,char:nilah,CHAMPION,Nilah — WIKI_REFERENCE,https://wiki.leagueoflegends.com/en-us/Template%3AData_Nilah,wiki.leagueoflegends.com,WIKI_REFERENCE,OFFICIAL_COMMUNITY_REFERENCE,MAIN_RUNETERRA,CURRENT_OR_REVIEW,UNFETCHED,,Use primary Riot text as highest-priority evidence; Wiki should point back to underlying Riot sources.
src:ddragon:nilah,char:nilah,CHAMPION,Nilah — DATA_DRAGON,https://ddragon.leagueoflegends.com/cdn/16.18.1/data/en_US/champion/Nilah.json,ddragon.leagueoflegends.com,DATA_DRAGON,PRIMARY_OFFICIAL_STATIC,MAIN_RUNETERRA,CURRENT_OR_REVIEW,UNFETCHED,,Use primary Riot text as highest-priority evidence; Wiki should point back to underlying Riot sources.
src:riot-bio:nocturne,char:nocturne,CHAMPION,Nocturne — CHAMPION_BIO,https://www.leagueoflegends.com/en-us/champions/nocturne/,www.leagueoflegends.com,CHAMPION_BIO,PRIMARY_OFFICIAL,MAIN_RUNETERRA,CURRENT_OR_REVIEW,UNFETCHED,,Use primary Riot text as highest-priority evidence; Wiki should point back to underlying Riot sources.
src:wiki-universe:nocturne,char:nocturne,CHAMPION,Nocturne — WIKI_UNIVERSE,https://wiki.leagueoflegends.com/en-us/Universe%3ANocturne,wiki.leagueoflegends.com,WIKI_UNIVERSE,OFFICIAL_COMMUNITY_REFERENCE,MAIN_RUNETERRA,CURRENT_OR_REVIEW,UNFETCHED,,Use primary Riot text as highest-priority evidence; Wiki should point back to underlying Riot sources.
src:wiki-data:nocturne,char:nocturne,CHAMPION,Nocturne — WIKI_REFERENCE,https://wiki.leagueoflegends.com/en-us/Template%3AData_Nocturne,wiki.leagueoflegends.com,WIKI_REFERENCE,OFFICIAL_COMMUNITY_REFERENCE,MAIN_RUNETERRA,CURRENT_OR_REVIEW,UNFETCHED,,Use primary Riot text as highest-priority evidence; Wiki should point back to underlying Riot sources.
src:ddragon:nocturne,char:nocturne,CHAMPION,Nocturne — DATA_DRAGON,https://ddragon.leagueoflegends.com/cdn/16.18.1/data/en_US/champion/Nocturne.json,ddragon.leagueoflegends.com,DATA_DRAGON,PRIMARY_OFFICIAL_STATIC,MAIN_RUNETERRA,CURRENT_OR_REVIEW,UNFETCHED,,Use primary Riot text as highest-priority evidence; Wiki should point back to underlying Riot sources.
src:riot-bio:nunu,char:nunu,CHAMPION,Nunu & Willump — CHAMPION_BIO,https://www.leagueoflegends.com/en-us/champions/nunu/,www.leagueoflegends.com,CHAMPION_BIO,PRIMARY_OFFICIAL,MAIN_RUNETERRA,CURRENT_OR_REVIEW,UNFETCHED,,Use primary Riot text as highest-priority evidence; Wiki should point back to underlying Riot sources.
src:wiki-universe:nunu,char:nunu,CHAMPION,Nunu & Willump — WIKI_UNIVERSE,https://wiki.leagueoflegends.com/en-us/Universe%3ANunu_%26_Willump,wiki.leagueoflegends.com,WIKI_UNIVERSE,OFFICIAL_COMMUNITY_REFERENCE,MAIN_RUNETERRA,CURRENT_OR_REVIEW,UNFETCHED,,Use primary Riot text as highest-priority evidence; Wiki should point back to underlying Riot sources.
src:wiki-data:nunu,char:nunu,CHAMPION,Nunu & Willump — WIKI_REFERENCE,https://wiki.leagueoflegends.com/en-us/Template%3AData_Nunu_%26_Willump,wiki.leagueoflegends.com,WIKI_REFERENCE,OFFICIAL_COMMUNITY_REFERENCE,MAIN_RUNETERRA,CURRENT_OR_REVIEW,UNFETCHED,,Use primary Riot text as highest-priority evidence; Wiki should point back to underlying Riot sources.
src:ddragon:nunu,char:nunu,CHAMPION,Nunu & Willump — DATA_DRAGON,https://ddragon.leagueoflegends.com/cdn/16.18.1/data/en_US/champion/Nunu.json,ddragon.leagueoflegends.com,DATA_DRAGON,PRIMARY_OFFICIAL_STATIC,MAIN_RUNETERRA,CURRENT_OR_REVIEW,UNFETCHED,,Use primary Riot text as highest-priority evidence; Wiki should point back to underlying Riot sources.
src:riot-bio:olaf,char:olaf,CHAMPION,Olaf — CHAMPION_BIO,https://www.leagueoflegends.com/en-us/champions/olaf/,www.leagueoflegends.com,CHAMPION_BIO,PRIMARY_OFFICIAL,MAIN_RUNETERRA,CURRENT_OR_REVIEW,UNFETCHED,,Use primary Riot text as highest-priority evidence; Wiki should point back to underlying Riot sources.
src:wiki-universe:olaf,char:olaf,CHAMPION,Olaf — WIKI_UNIVERSE,https://wiki.leagueoflegends.com/en-us/Universe%3AOlaf,wiki.leagueoflegends.com,WIKI_UNIVERSE,OFFICIAL_COMMUNITY_REFERENCE,MAIN_RUNETERRA,CURRENT_OR_REVIEW,UNFETCHED,,Use primary Riot text as highest-priority evidence; Wiki should point back to underlying Riot sources.
src:wiki-data:olaf,char:olaf,CHAMPION,Olaf — WIKI_REFERENCE,https://wiki.leagueoflegends.com/en-us/Template%3AData_Olaf,wiki.leagueoflegends.com,WIKI_REFERENCE,OFFICIAL_COMMUNITY_REFERENCE,MAIN_RUNETERRA,CURRENT_OR_REVIEW,UNFETCHED,,Use primary Riot text as highest-priority evidence; Wiki should point back to underlying Riot sources.
src:ddragon:olaf,char:olaf,CHAMPION,Olaf — DATA_DRAGON,https://ddragon.leagueoflegends.com/cdn/16.18.1/data/en_US/champion/Olaf.json,ddragon.leagueoflegends.com,DATA_DRAGON,PRIMARY_OFFICIAL_STATIC,MAIN_RUNETERRA,CURRENT_OR_REVIEW,UNFETCHED,,Use primary Riot text as highest-priority evidence; Wiki should point back to underlying Riot sources.
src:riot-bio:orianna,char:orianna,CHAMPION,Orianna — CHAMPION_BIO,https://www.leagueoflegends.com/en-us/champions/orianna/,www.leagueoflegends.com,CHAMPION_BIO,PRIMARY_OFFICIAL,MAIN_RUNETERRA,CURRENT_OR_REVIEW,UNFETCHED,,Use primary Riot text as highest-priority evidence; Wiki should point back to underlying Riot sources.
src:wiki-universe:orianna,char:orianna,CHAMPION,Orianna — WIKI_UNIVERSE,https://wiki.leagueoflegends.com/en-us/Universe%3AOrianna,wiki.leagueoflegends.com,WIKI_UNIVERSE,OFFICIAL_COMMUNITY_REFERENCE,MAIN_RUNETERRA,CURRENT_OR_REVIEW,UNFETCHED,,Use primary Riot text as highest-priority evidence; Wiki should point back to underlying Riot sources.
src:wiki-data:orianna,char:orianna,CHAMPION,Orianna — WIKI_REFERENCE,https://wiki.leagueoflegends.com/en-us/Template%3AData_Orianna,wiki.leagueoflegends.com,WIKI_REFERENCE,OFFICIAL_COMMUNITY_REFERENCE,MAIN_RUNETERRA,CURRENT_OR_REVIEW,UNFETCHED,,Use primary Riot text as highest-priority evidence; Wiki should point back to underlying Riot sources.
src:ddragon:orianna,char:orianna,CHAMPION,Orianna — DATA_DRAGON,https://ddragon.leagueoflegends.com/cdn/16.18.1/data/en_US/champion/Orianna.json,ddragon.leagueoflegends.com,DATA_DRAGON,PRIMARY_OFFICIAL_STATIC,MAIN_RUNETERRA,CURRENT_OR_REVIEW,UNFETCHED,,Use primary Riot text as highest-priority evidence; Wiki should point back to underlying Riot sources.
src:riot-bio:ornn,char:ornn,CHAMPION,Ornn — CHAMPION_BIO,https://www.leagueoflegends.com/en-us/champions/ornn/,www.leagueoflegends.com,CHAMPION_BIO,PRIMARY_OFFICIAL,MAIN_RUNETERRA,CURRENT_OR_REVIEW,UNFETCHED,,Use primary Riot text as highest-priority evidence; Wiki should point back to underlying Riot sources.
src:wiki-universe:ornn,char:ornn,CHAMPION,Ornn — WIKI_UNIVERSE,https://wiki.leagueoflegends.com/en-us/Universe%3AOrnn,wiki.leagueoflegends.com,WIKI_UNIVERSE,OFFICIAL_COMMUNITY_REFERENCE,MAIN_RUNETERRA,CURRENT_OR_REVIEW,UNFETCHED,,Use primary Riot text as highest-priority evidence; Wiki should point back to underlying Riot sources.
src:wiki-data:ornn,char:ornn,CHAMPION,Ornn — WIKI_REFERENCE,https://wiki.leagueoflegends.com/en-us/Template%3AData_Ornn,wiki.leagueoflegends.com,WIKI_REFERENCE,OFFICIAL_COMMUNITY_REFERENCE,MAIN_RUNETERRA,CURRENT_OR_REVIEW,UNFETCHED,,Use primary Riot text as highest-priority evidence; Wiki should point back to underlying Riot sources.
src:ddragon:ornn,char:ornn,CHAMPION,Ornn — DATA_DRAGON,https://ddragon.leagueoflegends.com/cdn/16.18.1/data/en_US/champion/Ornn.json,ddragon.leagueoflegends.com,DATA_DRAGON,PRIMARY_OFFICIAL_STATIC,MAIN_RUNETERRA,CURRENT_OR_REVIEW,UNFETCHED,,Use primary Riot text as highest-priority evidence; Wiki should point back to underlying Riot sources.
src:riot-bio:pantheon,char:pantheon,CHAMPION,Pantheon — CHAMPION_BIO,https://www.leagueoflegends.com/en-us/champions/pantheon/,www.leagueoflegends.com,CHAMPION_BIO,PRIMARY_OFFICIAL,MAIN_RUNETERRA,CURRENT_OR_REVIEW,UNFETCHED,,Use primary Riot text as highest-priority evidence; Wiki should point back to underlying Riot sources.
src:wiki-universe:pantheon,char:pantheon,CHAMPION,Pantheon — WIKI_UNIVERSE,https://wiki.leagueoflegends.com/en-us/Universe%3APantheon,wiki.leagueoflegends.com,WIKI_UNIVERSE,OFFICIAL_COMMUNITY_REFERENCE,MAIN_RUNETERRA,CURRENT_OR_REVIEW,UNFETCHED,,Use primary Riot text as highest-priority evidence; Wiki should point back to underlying Riot sources.
src:wiki-data:pantheon,char:pantheon,CHAMPION,Pantheon — WIKI_REFERENCE,https://wiki.leagueoflegends.com/en-us/Template%3AData_Pantheon,wiki.leagueoflegends.com,WIKI_REFERENCE,OFFICIAL_COMMUNITY_REFERENCE,MAIN_RUNETERRA,CURRENT_OR_REVIEW,UNFETCHED,,Use primary Riot text as highest-priority evidence; Wiki should point back to underlying Riot sources.
src:ddragon:pantheon,char:pantheon,CHAMPION,Pantheon — DATA_DRAGON,https://ddragon.leagueoflegends.com/cdn/16.18.1/data/en_US/champion/Pantheon.json,ddragon.leagueoflegends.com,DATA_DRAGON,PRIMARY_OFFICIAL_STATIC,MAIN_RUNETERRA,CURRENT_OR_REVIEW,UNFETCHED,,Use primary Riot text as highest-priority evidence; Wiki should point back to underlying Riot sources.
src:riot-bio:poppy,char:poppy,CHAMPION,Poppy — CHAMPION_BIO,https://www.leagueoflegends.com/en-us/champions/poppy/,www.leagueoflegends.com,CHAMPION_BIO,PRIMARY_OFFICIAL,MAIN_RUNETERRA,CURRENT_OR_REVIEW,UNFETCHED,,Use primary Riot text as highest-priority evidence; Wiki should point back to underlying Riot sources.
src:wiki-universe:poppy,char:poppy,CHAMPION,Poppy — WIKI_UNIVERSE,https://wiki.leagueoflegends.com/en-us/Universe%3APoppy,wiki.leagueoflegends.com,WIKI_UNIVERSE,OFFICIAL_COMMUNITY_REFERENCE,MAIN_RUNETERRA,CURRENT_OR_REVIEW,UNFETCHED,,Use primary Riot text as highest-priority evidence; Wiki should point back to underlying Riot sources.
src:wiki-data:poppy,char:poppy,CHAMPION,Poppy — WIKI_REFERENCE,https://wiki.leagueoflegends.com/en-us/Template%3AData_Poppy,wiki.leagueoflegends.com,WIKI_REFERENCE,OFFICIAL_COMMUNITY_REFERENCE,MAIN_RUNETERRA,CURRENT_OR_REVIEW,UNFETCHED,,Use primary Riot text as highest-priority evidence; Wiki should point back to underlying Riot sources.
src:ddragon:poppy,char:poppy,CHAMPION,Poppy — DATA_DRAGON,https://ddragon.leagueoflegends.com/cdn/16.18.1/data/en_US/champion/Poppy.json,ddragon.leagueoflegends.com,DATA_DRAGON,PRIMARY_OFFICIAL_STATIC,MAIN_RUNETERRA,CURRENT_OR_REVIEW,UNFETCHED,,Use primary Riot text as highest-priority evidence; Wiki should point back to underlying Riot sources.
src:riot-bio:pyke,char:pyke,CHAMPION,Pyke — CHAMPION_BIO,https://www.leagueoflegends.com/en-us/champions/pyke/,www.leagueoflegends.com,CHAMPION_BIO,PRIMARY_OFFICIAL,MAIN_RUNETERRA,CURRENT_OR_REVIEW,UNFETCHED,,Use primary Riot text as highest-priority evidence; Wiki should point back to underlying Riot sources.
src:wiki-universe:pyke,char:pyke,CHAMPION,Pyke — WIKI_UNIVERSE,https://wiki.leagueoflegends.com/en-us/Universe%3APyke,wiki.leagueoflegends.com,WIKI_UNIVERSE,OFFICIAL_COMMUNITY_REFERENCE,MAIN_RUNETERRA,CURRENT_OR_REVIEW,UNFETCHED,,Use primary Riot text as highest-priority evidence; Wiki should point back to underlying Riot sources.
src:wiki-data:pyke,char:pyke,CHAMPION,Pyke — WIKI_REFERENCE,https://wiki.leagueoflegends.com/en-us/Template%3AData_Pyke,wiki.leagueoflegends.com,WIKI_REFERENCE,OFFICIAL_COMMUNITY_REFERENCE,MAIN_RUNETERRA,CURRENT_OR_REVIEW,UNFETCHED,,Use primary Riot text as highest-priority evidence; Wiki should point back to underlying Riot sources.
src:ddragon:pyke,char:pyke,CHAMPION,Pyke — DATA_DRAGON,https://ddragon.leagueoflegends.com/cdn/16.18.1/data/en_US/champion/Pyke.json,ddragon.leagueoflegends.com,DATA_DRAGON,PRIMARY_OFFICIAL_STATIC,MAIN_RUNETERRA,CURRENT_OR_REVIEW,UNFETCHED,,Use primary Riot text as highest-priority evidence; Wiki should point back to underlying Riot sources.
src:riot-bio:qiyana,char:qiyana,CHAMPION,Qiyana — CHAMPION_BIO,https://www.leagueoflegends.com/en-us/champions/qiyana/,www.leagueoflegends.com,CHAMPION_BIO,PRIMARY_OFFICIAL,MAIN_RUNETERRA,CURRENT_OR_REVIEW,UNFETCHED,,Use primary Riot text as highest-priority evidence; Wiki should point back to underlying Riot sources.
src:wiki-universe:qiyana,char:qiyana,CHAMPION,Qiyana — WIKI_UNIVERSE,https://wiki.leagueoflegends.com/en-us/Universe%3AQiyana,wiki.leagueoflegends.com,WIKI_UNIVERSE,OFFICIAL_COMMUNITY_REFERENCE,MAIN_RUNETERRA,CURRENT_OR_REVIEW,UNFETCHED,,Use primary Riot text as highest-priority evidence; Wiki should point back to underlying Riot sources.
src:wiki-data:qiyana,char:qiyana,CHAMPION,Qiyana — WIKI_REFERENCE,https://wiki.leagueoflegends.com/en-us/Template%3AData_Qiyana,wiki.leagueoflegends.com,WIKI_REFERENCE,OFFICIAL_COMMUNITY_REFERENCE,MAIN_RUNETERRA,CURRENT_OR_REVIEW,UNFETCHED,,Use primary Riot text as highest-priority evidence; Wiki should point back to underlying Riot sources.
src:ddragon:qiyana,char:qiyana,CHAMPION,Qiyana — DATA_DRAGON,https://ddragon.leagueoflegends.com/cdn/16.18.1/data/en_US/champion/Qiyana.json,ddragon.leagueoflegends.com,DATA_DRAGON,PRIMARY_OFFICIAL_STATIC,MAIN_RUNETERRA,CURRENT_OR_REVIEW,UNFETCHED,,Use primary Riot text as highest-priority evidence; Wiki should point back to underlying Riot sources.
src:riot-bio:quinn,char:quinn,CHAMPION,Quinn — CHAMPION_BIO,https://www.leagueoflegends.com/en-us/champions/quinn/,www.leagueoflegends.com,CHAMPION_BIO,PRIMARY_OFFICIAL,MAIN_RUNETERRA,CURRENT_OR_REVIEW,UNFETCHED,,Use primary Riot text as highest-priority evidence; Wiki should point back to underlying Riot sources.
src:wiki-universe:quinn,char:quinn,CHAMPION,Quinn — WIKI_UNIVERSE,https://wiki.leagueoflegends.com/en-us/Universe%3AQuinn,wiki.leagueoflegends.com,WIKI_UNIVERSE,OFFICIAL_COMMUNITY_REFERENCE,MAIN_RUNETERRA,CURRENT_OR_REVIEW,UNFETCHED,,Use primary Riot text as highest-priority evidence; Wiki should point back to underlying Riot sources.
src:wiki-data:quinn,char:quinn,CHAMPION,Quinn — WIKI_REFERENCE,https://wiki.leagueoflegends.com/en-us/Template%3AData_Quinn,wiki.leagueoflegends.com,WIKI_REFERENCE,OFFICIAL_COMMUNITY_REFERENCE,MAIN_RUNETERRA,CURRENT_OR_REVIEW,UNFETCHED,,Use primary Riot text as highest-priority evidence; Wiki should point back to underlying Riot sources.
src:ddragon:quinn,char:quinn,CHAMPION,Quinn — DATA_DRAGON,https://ddragon.leagueoflegends.com/cdn/16.18.1/data/en_US/champion/Quinn.json,ddragon.leagueoflegends.com,DATA_DRAGON,PRIMARY_OFFICIAL_STATIC,MAIN_RUNETERRA,CURRENT_OR_REVIEW,UNFETCHED,,Use primary Riot text as highest-priority evidence; Wiki should point back to underlying Riot sources.
src:riot-bio:rakan,char:rakan,CHAMPION,Rakan — CHAMPION_BIO,https://www.leagueoflegends.com/en-us/champions/rakan/,www.leagueoflegends.com,CHAMPION_BIO,PRIMARY_OFFICIAL,MAIN_RUNETERRA,CURRENT_OR_REVIEW,UNFETCHED,,Use primary Riot text as highest-priority evidence; Wiki should point back to underlying Riot sources.
src:wiki-universe:rakan,char:rakan,CHAMPION,Rakan — WIKI_UNIVERSE,https://wiki.leagueoflegends.com/en-us/Universe%3ARakan,wiki.leagueoflegends.com,WIKI_UNIVERSE,OFFICIAL_COMMUNITY_REFERENCE,MAIN_RUNETERRA,CURRENT_OR_REVIEW,UNFETCHED,,Use primary Riot text as highest-priority evidence; Wiki should point back to underlying Riot sources.
src:wiki-data:rakan,char:rakan,CHAMPION,Rakan — WIKI_REFERENCE,https://wiki.leagueoflegends.com/en-us/Template%3AData_Rakan,wiki.leagueoflegends.com,WIKI_REFERENCE,OFFICIAL_COMMUNITY_REFERENCE,MAIN_RUNETERRA,CURRENT_OR_REVIEW,UNFETCHED,,Use primary Riot text as highest-priority evidence; Wiki should point back to underlying Riot sources.
src:ddragon:rakan,char:rakan,CHAMPION,Rakan — DATA_DRAGON,https://ddragon.leagueoflegends.com/cdn/16.18.1/data/en_US/champion/Rakan.json,ddragon.leagueoflegends.com,DATA_DRAGON,PRIMARY_OFFICIAL_STATIC,MAIN_RUNETERRA,CURRENT_OR_REVIEW,UNFETCHED,,Use primary Riot text as highest-priority evidence; Wiki should point back to underlying Riot sources.
src:riot-bio:rammus,char:rammus,CHAMPION,Rammus — CHAMPION_BIO,https://www.leagueoflegends.com/en-us/champions/rammus/,www.leagueoflegends.com,CHAMPION_BIO,PRIMARY_OFFICIAL,MAIN_RUNETERRA,CURRENT_OR_REVIEW,UNFETCHED,,Use primary Riot text as highest-priority evidence; Wiki should point back to underlying Riot sources.
src:wiki-universe:rammus,char:rammus,CHAMPION,Rammus — WIKI_UNIVERSE,https://wiki.leagueoflegends.com/en-us/Universe%3ARammus,wiki.leagueoflegends.com,WIKI_UNIVERSE,OFFICIAL_COMMUNITY_REFERENCE,MAIN_RUNETERRA,CURRENT_OR_REVIEW,UNFETCHED,,Use primary Riot text as highest-priority evidence; Wiki should point back to underlying Riot sources.
src:wiki-data:rammus,char:rammus,CHAMPION,Rammus — WIKI_REFERENCE,https://wiki.leagueoflegends.com/en-us/Template%3AData_Rammus,wiki.leagueoflegends.com,WIKI_REFERENCE,OFFICIAL_COMMUNITY_REFERENCE,MAIN_RUNETERRA,CURRENT_OR_REVIEW,UNFETCHED,,Use primary Riot text as highest-priority evidence; Wiki should point back to underlying Riot sources.
src:ddragon:rammus,char:rammus,CHAMPION,Rammus — DATA_DRAGON,https://ddragon.leagueoflegends.com/cdn/16.18.1/data/en_US/champion/Rammus.json,ddragon.leagueoflegends.com,DATA_DRAGON,PRIMARY_OFFICIAL_STATIC,MAIN_RUNETERRA,CURRENT_OR_REVIEW,UNFETCHED,,Use primary Riot text as highest-priority evidence; Wiki should point back to underlying Riot sources.
src:riot-bio:rek-sai,char:rek-sai,CHAMPION,Rek'Sai — CHAMPION_BIO,https://www.leagueoflegends.com/en-us/champions/rek-sai/,www.leagueoflegends.com,CHAMPION_BIO,PRIMARY_OFFICIAL,MAIN_RUNETERRA,CURRENT_OR_REVIEW,UNFETCHED,,Use primary Riot text as highest-priority evidence; Wiki should point back to underlying Riot sources.
src:wiki-universe:rek-sai,char:rek-sai,CHAMPION,Rek'Sai — WIKI_UNIVERSE,https://wiki.leagueoflegends.com/en-us/Universe%3ARek'Sai,wiki.leagueoflegends.com,WIKI_UNIVERSE,OFFICIAL_COMMUNITY_REFERENCE,MAIN_RUNETERRA,CURRENT_OR_REVIEW,UNFETCHED,,Use primary Riot text as highest-priority evidence; Wiki should point back to underlying Riot sources.
src:wiki-data:rek-sai,char:rek-sai,CHAMPION,Rek'Sai — WIKI_REFERENCE,https://wiki.leagueoflegends.com/en-us/Template%3AData_Rek'Sai,wiki.leagueoflegends.com,WIKI_REFERENCE,OFFICIAL_COMMUNITY_REFERENCE,MAIN_RUNETERRA,CURRENT_OR_REVIEW,UNFETCHED,,Use primary Riot text as highest-priority evidence; Wiki should point back to underlying Riot sources.
src:ddragon:rek-sai,char:rek-sai,CHAMPION,Rek'Sai — DATA_DRAGON,https://ddragon.leagueoflegends.com/cdn/16.18.1/data/en_US/champion/RekSai.json,ddragon.leagueoflegends.com,DATA_DRAGON,PRIMARY_OFFICIAL_STATIC,MAIN_RUNETERRA,CURRENT_OR_REVIEW,UNFETCHED,,Use primary Riot text as highest-priority evidence; Wiki should point back to underlying Riot sources.
src:riot-bio:rell,char:rell,CHAMPION,Rell — CHAMPION_BIO,https://www.leagueoflegends.com/en-us/champions/rell/,www.leagueoflegends.com,CHAMPION_BIO,PRIMARY_OFFICIAL,MAIN_RUNETERRA,CURRENT_OR_REVIEW,UNFETCHED,,Use primary Riot text as highest-priority evidence; Wiki should point back to underlying Riot sources.
src:wiki-universe:rell,char:rell,CHAMPION,Rell — WIKI_UNIVERSE,https://wiki.leagueoflegends.com/en-us/Universe%3ARell,wiki.leagueoflegends.com,WIKI_UNIVERSE,OFFICIAL_COMMUNITY_REFERENCE,MAIN_RUNETERRA,CURRENT_OR_REVIEW,UNFETCHED,,Use primary Riot text as highest-priority evidence; Wiki should point back to underlying Riot sources.
src:wiki-data:rell,char:rell,CHAMPION,Rell — WIKI_REFERENCE,https://wiki.leagueoflegends.com/en-us/Template%3AData_Rell,wiki.leagueoflegends.com,WIKI_REFERENCE,OFFICIAL_COMMUNITY_REFERENCE,MAIN_RUNETERRA,CURRENT_OR_REVIEW,UNFETCHED,,Use primary Riot text as highest-priority evidence; Wiki should point back to underlying Riot sources.
src:ddragon:rell,char:rell,CHAMPION,Rell — DATA_DRAGON,https://ddragon.leagueoflegends.com/cdn/16.18.1/data/en_US/champion/Rell.json,ddragon.leagueoflegends.com,DATA_DRAGON,PRIMARY_OFFICIAL_STATIC,MAIN_RUNETERRA,CURRENT_OR_REVIEW,UNFETCHED,,Use primary Riot text as highest-priority evidence; Wiki should point back to underlying Riot sources.
src:riot-bio:renata-glasc,char:renata-glasc,CHAMPION,Renata Glasc — CHAMPION_BIO,https://www.leagueoflegends.com/en-us/champions/renata-glasc/,www.leagueoflegends.com,CHAMPION_BIO,PRIMARY_OFFICIAL,MAIN_RUNETERRA,CURRENT_OR_REVIEW,UNFETCHED,,Use primary Riot text as highest-priority evidence; Wiki should point back to underlying Riot sources.
src:wiki-universe:renata-glasc,char:renata-glasc,CHAMPION,Renata Glasc — WIKI_UNIVERSE,https://wiki.leagueoflegends.com/en-us/Universe%3ARenata_Glasc,wiki.leagueoflegends.com,WIKI_UNIVERSE,OFFICIAL_COMMUNITY_REFERENCE,MAIN_RUNETERRA,CURRENT_OR_REVIEW,UNFETCHED,,Use primary Riot text as highest-priority evidence; Wiki should point back to underlying Riot sources.
src:wiki-data:renata-glasc,char:renata-glasc,CHAMPION,Renata Glasc — WIKI_REFERENCE,https://wiki.leagueoflegends.com/en-us/Template%3AData_Renata_Glasc,wiki.leagueoflegends.com,WIKI_REFERENCE,OFFICIAL_COMMUNITY_REFERENCE,MAIN_RUNETERRA,CURRENT_OR_REVIEW,UNFETCHED,,Use primary Riot text as highest-priority evidence; Wiki should point back to underlying Riot sources.
src:ddragon:renata-glasc,char:renata-glasc,CHAMPION,Renata Glasc — DATA_DRAGON,https://ddragon.leagueoflegends.com/cdn/16.18.1/data/en_US/champion/Renata.json,ddragon.leagueoflegends.com,DATA_DRAGON,PRIMARY_OFFICIAL_STATIC,MAIN_RUNETERRA,CURRENT_OR_REVIEW,UNFETCHED,,Use primary Riot text as highest-priority evidence; Wiki should point back to underlying Riot sources.
src:riot-bio:renekton,char:renekton,CHAMPION,Renekton — CHAMPION_BIO,https://www.leagueoflegends.com/en-us/champions/renekton/,www.leagueoflegends.com,CHAMPION_BIO,PRIMARY_OFFICIAL,MAIN_RUNETERRA,CURRENT_OR_REVIEW,UNFETCHED,,Use primary Riot text as highest-priority evidence; Wiki should point back to underlying Riot sources.
src:wiki-universe:renekton,char:renekton,CHAMPION,Renekton — WIKI_UNIVERSE,https://wiki.leagueoflegends.com/en-us/Universe%3ARenekton,wiki.leagueoflegends.com,WIKI_UNIVERSE,OFFICIAL_COMMUNITY_REFERENCE,MAIN_RUNETERRA,CURRENT_OR_REVIEW,UNFETCHED,,Use primary Riot text as highest-priority evidence; Wiki should point back to underlying Riot sources.
src:wiki-data:renekton,char:renekton,CHAMPION,Renekton — WIKI_REFERENCE,https://wiki.leagueoflegends.com/en-us/Template%3AData_Renekton,wiki.leagueoflegends.com,WIKI_REFERENCE,OFFICIAL_COMMUNITY_REFERENCE,MAIN_RUNETERRA,CURRENT_OR_REVIEW,UNFETCHED,,Use primary Riot text as highest-priority evidence; Wiki should point back to underlying Riot sources.
src:ddragon:renekton,char:renekton,CHAMPION,Renekton — DATA_DRAGON,https://ddragon.leagueoflegends.com/cdn/16.18.1/data/en_US/champion/Renekton.json,ddragon.leagueoflegends.com,DATA_DRAGON,PRIMARY_OFFICIAL_STATIC,MAIN_RUNETERRA,CURRENT_OR_REVIEW,UNFETCHED,,Use primary Riot text as highest-priority evidence; Wiki should point back to underlying Riot sources.
src:riot-bio:rengar,char:rengar,CHAMPION,Rengar — CHAMPION_BIO,https://www.leagueoflegends.com/en-us/champions/rengar/,www.leagueoflegends.com,CHAMPION_BIO,PRIMARY_OFFICIAL,MAIN_RUNETERRA,CURRENT_OR_REVIEW,UNFETCHED,,Use primary Riot text as highest-priority evidence; Wiki should point back to underlying Riot sources.
src:wiki-universe:rengar,char:rengar,CHAMPION,Rengar — WIKI_UNIVERSE,https://wiki.leagueoflegends.com/en-us/Universe%3ARengar,wiki.leagueoflegends.com,WIKI_UNIVERSE,OFFICIAL_COMMUNITY_REFERENCE,MAIN_RUNETERRA,CURRENT_OR_REVIEW,UNFETCHED,,Use primary Riot text as highest-priority evidence; Wiki should point back to underlying Riot sources.
src:wiki-data:rengar,char:rengar,CHAMPION,Rengar — WIKI_REFERENCE,https://wiki.leagueoflegends.com/en-us/Template%3AData_Rengar,wiki.leagueoflegends.com,WIKI_REFERENCE,OFFICIAL_COMMUNITY_REFERENCE,MAIN_RUNETERRA,CURRENT_OR_REVIEW,UNFETCHED,,Use primary Riot text as highest-priority evidence; Wiki should point back to underlying Riot sources.
src:ddragon:rengar,char:rengar,CHAMPION,Rengar — DATA_DRAGON,https://ddragon.leagueoflegends.com/cdn/16.18.1/data/en_US/champion/Rengar.json,ddragon.leagueoflegends.com,DATA_DRAGON,PRIMARY_OFFICIAL_STATIC,MAIN_RUNETERRA,CURRENT_OR_REVIEW,UNFETCHED,,Use primary Riot text as highest-priority evidence; Wiki should point back to underlying Riot sources.
src:riot-bio:riven,char:riven,CHAMPION,Riven — CHAMPION_BIO,https://www.leagueoflegends.com/en-us/champions/riven/,www.leagueoflegends.com,CHAMPION_BIO,PRIMARY_OFFICIAL,MAIN_RUNETERRA,CURRENT_OR_REVIEW,UNFETCHED,,Use primary Riot text as highest-priority evidence; Wiki should point back to underlying Riot sources.
src:wiki-universe:riven,char:riven,CHAMPION,Riven — WIKI_UNIVERSE,https://wiki.leagueoflegends.com/en-us/Universe%3ARiven,wiki.leagueoflegends.com,WIKI_UNIVERSE,OFFICIAL_COMMUNITY_REFERENCE,MAIN_RUNETERRA,CURRENT_OR_REVIEW,UNFETCHED,,Use primary Riot text as highest-priority evidence; Wiki should point back to underlying Riot sources.
src:wiki-data:riven,char:riven,CHAMPION,Riven — WIKI_REFERENCE,https://wiki.leagueoflegends.com/en-us/Template%3AData_Riven,wiki.leagueoflegends.com,WIKI_REFERENCE,OFFICIAL_COMMUNITY_REFERENCE,MAIN_RUNETERRA,CURRENT_OR_REVIEW,UNFETCHED,,Use primary Riot text as highest-priority evidence; Wiki should point back to underlying Riot sources.
src:ddragon:riven,char:riven,CHAMPION,Riven — DATA_DRAGON,https://ddragon.leagueoflegends.com/cdn/16.18.1/data/en_US/champion/Riven.json,ddragon.leagueoflegends.com,DATA_DRAGON,PRIMARY_OFFICIAL_STATIC,MAIN_RUNETERRA,CURRENT_OR_REVIEW,UNFETCHED,,Use primary Riot text as highest-priority evidence; Wiki should point back to underlying Riot sources.
src:riot-bio:rumble,char:rumble,CHAMPION,Rumble — CHAMPION_BIO,https://www.leagueoflegends.com/en-us/champions/rumble/,www.leagueoflegends.com,CHAMPION_BIO,PRIMARY_OFFICIAL,MAIN_RUNETERRA,CURRENT_OR_REVIEW,UNFETCHED,,Use primary Riot text as highest-priority evidence; Wiki should point back to underlying Riot sources.
src:wiki-universe:rumble,char:rumble,CHAMPION,Rumble — WIKI_UNIVERSE,https://wiki.leagueoflegends.com/en-us/Universe%3ARumble,wiki.leagueoflegends.com,WIKI_UNIVERSE,OFFICIAL_COMMUNITY_REFERENCE,MAIN_RUNETERRA,CURRENT_OR_REVIEW,UNFETCHED,,Use primary Riot text as highest-priority evidence; Wiki should point back to underlying Riot sources.
src:wiki-data:rumble,char:rumble,CHAMPION,Rumble — WIKI_REFERENCE,https://wiki.leagueoflegends.com/en-us/Template%3AData_Rumble,wiki.leagueoflegends.com,WIKI_REFERENCE,OFFICIAL_COMMUNITY_REFERENCE,MAIN_RUNETERRA,CURRENT_OR_REVIEW,UNFETCHED,,Use primary Riot text as highest-priority evidence; Wiki should point back to underlying Riot sources.
src:ddragon:rumble,char:rumble,CHAMPION,Rumble — DATA_DRAGON,https://ddragon.leagueoflegends.com/cdn/16.18.1/data/en_US/champion/Rumble.json,ddragon.leagueoflegends.com,DATA_DRAGON,PRIMARY_OFFICIAL_STATIC,MAIN_RUNETERRA,CURRENT_OR_REVIEW,UNFETCHED,,Use primary Riot text as highest-priority evidence; Wiki should point back to underlying Riot sources.
src:riot-bio:ryze,char:ryze,CHAMPION,Ryze — CHAMPION_BIO,https://www.leagueoflegends.com/en-us/champions/ryze/,www.leagueoflegends.com,CHAMPION_BIO,PRIMARY_OFFICIAL,MAIN_RUNETERRA,CURRENT_OR_REVIEW,UNFETCHED,,Use primary Riot text as highest-priority evidence; Wiki should point back to underlying Riot sources.
src:wiki-universe:ryze,char:ryze,CHAMPION,Ryze — WIKI_UNIVERSE,https://wiki.leagueoflegends.com/en-us/Universe%3ARyze,wiki.leagueoflegends.com,WIKI_UNIVERSE,OFFICIAL_COMMUNITY_REFERENCE,MAIN_RUNETERRA,CURRENT_OR_REVIEW,UNFETCHED,,Use primary Riot text as highest-priority evidence; Wiki should point back to underlying Riot sources.
src:wiki-data:ryze,char:ryze,CHAMPION,Ryze — WIKI_REFERENCE,https://wiki.leagueoflegends.com/en-us/Template%3AData_Ryze,wiki.leagueoflegends.com,WIKI_REFERENCE,OFFICIAL_COMMUNITY_REFERENCE,MAIN_RUNETERRA,CURRENT_OR_REVIEW,UNFETCHED,,Use primary Riot text as highest-priority evidence; Wiki should point back to underlying Riot sources.
src:ddragon:ryze,char:ryze,CHAMPION,Ryze — DATA_DRAGON,https://ddragon.leagueoflegends.com/cdn/16.18.1/data/en_US/champion/Ryze.json,ddragon.leagueoflegends.com,DATA_DRAGON,PRIMARY_OFFICIAL_STATIC,MAIN_RUNETERRA,CURRENT_OR_REVIEW,UNFETCHED,,Use primary Riot text as highest-priority evidence; Wiki should point back to underlying Riot sources.
src:riot-bio:samira,char:samira,CHAMPION,Samira — CHAMPION_BIO,https://www.leagueoflegends.com/en-us/champions/samira/,www.leagueoflegends.com,CHAMPION_BIO,PRIMARY_OFFICIAL,MAIN_RUNETERRA,CURRENT_OR_REVIEW,UNFETCHED,,Use primary Riot text as highest-priority evidence; Wiki should point back to underlying Riot sources.
src:wiki-universe:samira,char:samira,CHAMPION,Samira — WIKI_UNIVERSE,https://wiki.leagueoflegends.com/en-us/Universe%3ASamira,wiki.leagueoflegends.com,WIKI_UNIVERSE,OFFICIAL_COMMUNITY_REFERENCE,MAIN_RUNETERRA,CURRENT_OR_REVIEW,UNFETCHED,,Use primary Riot text as highest-priority evidence; Wiki should point back to underlying Riot sources.
src:wiki-data:samira,char:samira,CHAMPION,Samira — WIKI_REFERENCE,https://wiki.leagueoflegends.com/en-us/Template%3AData_Samira,wiki.leagueoflegends.com,WIKI_REFERENCE,OFFICIAL_COMMUNITY_REFERENCE,MAIN_RUNETERRA,CURRENT_OR_REVIEW,UNFETCHED,,Use primary Riot text as highest-priority evidence; Wiki should point back to underlying Riot sources.
src:ddragon:samira,char:samira,CHAMPION,Samira — DATA_DRAGON,https://ddragon.leagueoflegends.com/cdn/16.18.1/data/en_US/champion/Samira.json,ddragon.leagueoflegends.com,DATA_DRAGON,PRIMARY_OFFICIAL_STATIC,MAIN_RUNETERRA,CURRENT_OR_REVIEW,UNFETCHED,,Use primary Riot text as highest-priority evidence; Wiki should point back to underlying Riot sources.
src:riot-bio:sejuani,char:sejuani,CHAMPION,Sejuani — CHAMPION_BIO,https://www.leagueoflegends.com/en-us/champions/sejuani/,www.leagueoflegends.com,CHAMPION_BIO,PRIMARY_OFFICIAL,MAIN_RUNETERRA,CURRENT_OR_REVIEW,UNFETCHED,,Use primary Riot text as highest-priority evidence; Wiki should point back to underlying Riot sources.
src:wiki-universe:sejuani,char:sejuani,CHAMPION,Sejuani — WIKI_UNIVERSE,https://wiki.leagueoflegends.com/en-us/Universe%3ASejuani,wiki.leagueoflegends.com,WIKI_UNIVERSE,OFFICIAL_COMMUNITY_REFERENCE,MAIN_RUNETERRA,CURRENT_OR_REVIEW,UNFETCHED,,Use primary Riot text as highest-priority evidence; Wiki should point back to underlying Riot sources.
src:wiki-data:sejuani,char:sejuani,CHAMPION,Sejuani — WIKI_REFERENCE,https://wiki.leagueoflegends.com/en-us/Template%3AData_Sejuani,wiki.leagueoflegends.com,WIKI_REFERENCE,OFFICIAL_COMMUNITY_REFERENCE,MAIN_RUNETERRA,CURRENT_OR_REVIEW,UNFETCHED,,Use primary Riot text as highest-priority evidence; Wiki should point back to underlying Riot sources.
src:ddragon:sejuani,char:sejuani,CHAMPION,Sejuani — DATA_DRAGON,https://ddragon.leagueoflegends.com/cdn/16.18.1/data/en_US/champion/Sejuani.json,ddragon.leagueoflegends.com,DATA_DRAGON,PRIMARY_OFFICIAL_STATIC,MAIN_RUNETERRA,CURRENT_OR_REVIEW,UNFETCHED,,Use primary Riot text as highest-priority evidence; Wiki should point back to underlying Riot sources.
src:riot-bio:senna,char:senna,CHAMPION,Senna — CHAMPION_BIO,https://www.leagueoflegends.com/en-us/champions/senna/,www.leagueoflegends.com,CHAMPION_BIO,PRIMARY_OFFICIAL,MAIN_RUNETERRA,CURRENT_OR_REVIEW,UNFETCHED,,Use primary Riot text as highest-priority evidence; Wiki should point back to underlying Riot sources.
src:wiki-universe:senna,char:senna,CHAMPION,Senna — WIKI_UNIVERSE,https://wiki.leagueoflegends.com/en-us/Universe%3ASenna,wiki.leagueoflegends.com,WIKI_UNIVERSE,OFFICIAL_COMMUNITY_REFERENCE,MAIN_RUNETERRA,CURRENT_OR_REVIEW,UNFETCHED,,Use primary Riot text as highest-priority evidence; Wiki should point back to underlying Riot sources.
src:wiki-data:senna,char:senna,CHAMPION,Senna — WIKI_REFERENCE,https://wiki.leagueoflegends.com/en-us/Template%3AData_Senna,wiki.leagueoflegends.com,WIKI_REFERENCE,OFFICIAL_COMMUNITY_REFERENCE,MAIN_RUNETERRA,CURRENT_OR_REVIEW,UNFETCHED,,Use primary Riot text as highest-priority evidence; Wiki should point back to underlying Riot sources.
src:ddragon:senna,char:senna,CHAMPION,Senna — DATA_DRAGON,https://ddragon.leagueoflegends.com/cdn/16.18.1/data/en_US/champion/Senna.json,ddragon.leagueoflegends.com,DATA_DRAGON,PRIMARY_OFFICIAL_STATIC,MAIN_RUNETERRA,CURRENT_OR_REVIEW,UNFETCHED,,Use primary Riot text as highest-priority evidence; Wiki should point back to underlying Riot sources.
src:riot-bio:seraphine,char:seraphine,CHAMPION,Seraphine — CHAMPION_BIO,https://www.leagueoflegends.com/en-us/champions/seraphine/,www.leagueoflegends.com,CHAMPION_BIO,PRIMARY_OFFICIAL,MAIN_RUNETERRA,CURRENT_OR_REVIEW,UNFETCHED,,Use primary Riot text as highest-priority evidence; Wiki should point back to underlying Riot sources.
src:wiki-universe:seraphine,char:seraphine,CHAMPION,Seraphine — WIKI_UNIVERSE,https://wiki.leagueoflegends.com/en-us/Universe%3ASeraphine,wiki.leagueoflegends.com,WIKI_UNIVERSE,OFFICIAL_COMMUNITY_REFERENCE,MAIN_RUNETERRA,CURRENT_OR_REVIEW,UNFETCHED,,Use primary Riot text as highest-priority evidence; Wiki should point back to underlying Riot sources.
src:wiki-data:seraphine,char:seraphine,CHAMPION,Seraphine — WIKI_REFERENCE,https://wiki.leagueoflegends.com/en-us/Template%3AData_Seraphine,wiki.leagueoflegends.com,WIKI_REFERENCE,OFFICIAL_COMMUNITY_REFERENCE,MAIN_RUNETERRA,CURRENT_OR_REVIEW,UNFETCHED,,Use primary Riot text as highest-priority evidence; Wiki should point back to underlying Riot sources.
src:ddragon:seraphine,char:seraphine,CHAMPION,Seraphine — DATA_DRAGON,https://ddragon.leagueoflegends.com/cdn/16.18.1/data/en_US/champion/Seraphine.json,ddragon.leagueoflegends.com,DATA_DRAGON,PRIMARY_OFFICIAL_STATIC,MAIN_RUNETERRA,CURRENT_OR_REVIEW,UNFETCHED,,Use primary Riot text as highest-priority evidence; Wiki should point back to underlying Riot sources.
src:riot-bio:sett,char:sett,CHAMPION,Sett — CHAMPION_BIO,https://www.leagueoflegends.com/en-us/champions/sett/,www.leagueoflegends.com,CHAMPION_BIO,PRIMARY_OFFICIAL,MAIN_RUNETERRA,CURRENT_OR_REVIEW,UNFETCHED,,Use primary Riot text as highest-priority evidence; Wiki should point back to underlying Riot sources.
src:wiki-universe:sett,char:sett,CHAMPION,Sett — WIKI_UNIVERSE,https://wiki.leagueoflegends.com/en-us/Universe%3ASett,wiki.leagueoflegends.com,WIKI_UNIVERSE,OFFICIAL_COMMUNITY_REFERENCE,MAIN_RUNETERRA,CURRENT_OR_REVIEW,UNFETCHED,,Use primary Riot text as highest-priority evidence; Wiki should point back to underlying Riot sources.
src:wiki-data:sett,char:sett,CHAMPION,Sett — WIKI_REFERENCE,https://wiki.leagueoflegends.com/en-us/Template%3AData_Sett,wiki.leagueoflegends.com,WIKI_REFERENCE,OFFICIAL_COMMUNITY_REFERENCE,MAIN_RUNETERRA,CURRENT_OR_REVIEW,UNFETCHED,,Use primary Riot text as highest-priority evidence; Wiki should point back to underlying Riot sources.
src:ddragon:sett,char:sett,CHAMPION,Sett — DATA_DRAGON,https://ddragon.leagueoflegends.com/cdn/16.18.1/data/en_US/champion/Sett.json,ddragon.leagueoflegends.com,DATA_DRAGON,PRIMARY_OFFICIAL_STATIC,MAIN_RUNETERRA,CURRENT_OR_REVIEW,UNFETCHED,,Use primary Riot text as highest-priority evidence; Wiki should point back to underlying Riot sources.
src:riot-bio:shaco,char:shaco,CHAMPION,Shaco — CHAMPION_BIO,https://www.leagueoflegends.com/en-us/champions/shaco/,www.leagueoflegends.com,CHAMPION_BIO,PRIMARY_OFFICIAL,MAIN_RUNETERRA,CURRENT_OR_REVIEW,UNFETCHED,,Use primary Riot text as highest-priority evidence; Wiki should point back to underlying Riot sources.
src:wiki-universe:shaco,char:shaco,CHAMPION,Shaco — WIKI_UNIVERSE,https://wiki.leagueoflegends.com/en-us/Universe%3AShaco,wiki.leagueoflegends.com,WIKI_UNIVERSE,OFFICIAL_COMMUNITY_REFERENCE,MAIN_RUNETERRA,CURRENT_OR_REVIEW,UNFETCHED,,Use primary Riot text as highest-priority evidence; Wiki should point back to underlying Riot sources.
src:wiki-data:shaco,char:shaco,CHAMPION,Shaco — WIKI_REFERENCE,https://wiki.leagueoflegends.com/en-us/Template%3AData_Shaco,wiki.leagueoflegends.com,WIKI_REFERENCE,OFFICIAL_COMMUNITY_REFERENCE,MAIN_RUNETERRA,CURRENT_OR_REVIEW,UNFETCHED,,Use primary Riot text as highest-priority evidence; Wiki should point back to underlying Riot sources.
src:ddragon:shaco,char:shaco,CHAMPION,Shaco — DATA_DRAGON,https://ddragon.leagueoflegends.com/cdn/16.18.1/data/en_US/champion/Shaco.json,ddragon.leagueoflegends.com,DATA_DRAGON,PRIMARY_OFFICIAL_STATIC,MAIN_RUNETERRA,CURRENT_OR_REVIEW,UNFETCHED,,Use primary Riot text as highest-priority evidence; Wiki should point back to underlying Riot sources.
src:riot-bio:shen,char:shen,CHAMPION,Shen — CHAMPION_BIO,https://www.leagueoflegends.com/en-us/champions/shen/,www.leagueoflegends.com,CHAMPION_BIO,PRIMARY_OFFICIAL,MAIN_RUNETERRA,CURRENT_OR_REVIEW,UNFETCHED,,Use primary Riot text as highest-priority evidence; Wiki should point back to underlying Riot sources.
src:wiki-universe:shen,char:shen,CHAMPION,Shen — WIKI_UNIVERSE,https://wiki.leagueoflegends.com/en-us/Universe%3AShen,wiki.leagueoflegends.com,WIKI_UNIVERSE,OFFICIAL_COMMUNITY_REFERENCE,MAIN_RUNETERRA,CURRENT_OR_REVIEW,UNFETCHED,,Use primary Riot text as highest-priority evidence; Wiki should point back to underlying Riot sources.
src:wiki-data:shen,char:shen,CHAMPION,Shen — WIKI_REFERENCE,https://wiki.leagueoflegends.com/en-us/Template%3AData_Shen,wiki.leagueoflegends.com,WIKI_REFERENCE,OFFICIAL_COMMUNITY_REFERENCE,MAIN_RUNETERRA,CURRENT_OR_REVIEW,UNFETCHED,,Use primary Riot text as highest-priority evidence; Wiki should point back to underlying Riot sources.
src:ddragon:shen,char:shen,CHAMPION,Shen — DATA_DRAGON,https://ddragon.leagueoflegends.com/cdn/16.18.1/data/en_US/champion/Shen.json,ddragon.leagueoflegends.com,DATA_DRAGON,PRIMARY_OFFICIAL_STATIC,MAIN_RUNETERRA,CURRENT_OR_REVIEW,UNFETCHED,,Use primary Riot text as highest-priority evidence; Wiki should point back to underlying Riot sources.
src:riot-bio:shyvana,char:shyvana,CHAMPION,Shyvana — CHAMPION_BIO,https://www.leagueoflegends.com/en-us/champions/shyvana/,www.leagueoflegends.com,CHAMPION_BIO,PRIMARY_OFFICIAL,MAIN_RUNETERRA,CURRENT_OR_REVIEW,UNFETCHED,,Use primary Riot text as highest-priority evidence; Wiki should point back to underlying Riot sources.
src:wiki-universe:shyvana,char:shyvana,CHAMPION,Shyvana — WIKI_UNIVERSE,https://wiki.leagueoflegends.com/en-us/Universe%3AShyvana,wiki.leagueoflegends.com,WIKI_UNIVERSE,OFFICIAL_COMMUNITY_REFERENCE,MAIN_RUNETERRA,CURRENT_OR_REVIEW,UNFETCHED,,Use primary Riot text as highest-priority evidence; Wiki should point back to underlying Riot sources.
src:wiki-data:shyvana,char:shyvana,CHAMPION,Shyvana — WIKI_REFERENCE,https://wiki.leagueoflegends.com/en-us/Template%3AData_Shyvana,wiki.leagueoflegends.com,WIKI_REFERENCE,OFFICIAL_COMMUNITY_REFERENCE,MAIN_RUNETERRA,CURRENT_OR_REVIEW,UNFETCHED,,Use primary Riot text as highest-priority evidence; Wiki should point back to underlying Riot sources.
src:ddragon:shyvana,char:shyvana,CHAMPION,Shyvana — DATA_DRAGON,https://ddragon.leagueoflegends.com/cdn/16.18.1/data/en_US/champion/Shyvana.json,ddragon.leagueoflegends.com,DATA_DRAGON,PRIMARY_OFFICIAL_STATIC,MAIN_RUNETERRA,CURRENT_OR_REVIEW,UNFETCHED,,Use primary Riot text as highest-priority evidence; Wiki should point back to underlying Riot sources.
src:riot-bio:singed,char:singed,CHAMPION,Singed — CHAMPION_BIO,https://www.leagueoflegends.com/en-us/champions/singed/,www.leagueoflegends.com,CHAMPION_BIO,PRIMARY_OFFICIAL,MAIN_RUNETERRA,CURRENT_OR_REVIEW,UNFETCHED,,Use primary Riot text as highest-priority evidence; Wiki should point back to underlying Riot sources.
src:wiki-universe:singed,char:singed,CHAMPION,Singed — WIKI_UNIVERSE,https://wiki.leagueoflegends.com/en-us/Universe%3ASinged,wiki.leagueoflegends.com,WIKI_UNIVERSE,OFFICIAL_COMMUNITY_REFERENCE,MAIN_RUNETERRA,CURRENT_OR_REVIEW,UNFETCHED,,Use primary Riot text as highest-priority evidence; Wiki should point back to underlying Riot sources.
src:wiki-data:singed,char:singed,CHAMPION,Singed — WIKI_REFERENCE,https://wiki.leagueoflegends.com/en-us/Template%3AData_Singed,wiki.leagueoflegends.com,WIKI_REFERENCE,OFFICIAL_COMMUNITY_REFERENCE,MAIN_RUNETERRA,CURRENT_OR_REVIEW,UNFETCHED,,Use primary Riot text as highest-priority evidence; Wiki should point back to underlying Riot sources.
src:ddragon:singed,char:singed,CHAMPION,Singed — DATA_DRAGON,https://ddragon.leagueoflegends.com/cdn/16.18.1/data/en_US/champion/Singed.json,ddragon.leagueoflegends.com,DATA_DRAGON,PRIMARY_OFFICIAL_STATIC,MAIN_RUNETERRA,CURRENT_OR_REVIEW,UNFETCHED,,Use primary Riot text as highest-priority evidence; Wiki should point back to underlying Riot sources.
src:riot-bio:sion,char:sion,CHAMPION,Sion — CHAMPION_BIO,https://www.leagueoflegends.com/en-us/champions/sion/,www.leagueoflegends.com,CHAMPION_BIO,PRIMARY_OFFICIAL,MAIN_RUNETERRA,CURRENT_OR_REVIEW,UNFETCHED,,Use primary Riot text as highest-priority evidence; Wiki should point back to underlying Riot sources.
src:wiki-universe:sion,char:sion,CHAMPION,Sion — WIKI_UNIVERSE,https://wiki.leagueoflegends.com/en-us/Universe%3ASion,wiki.leagueoflegends.com,WIKI_UNIVERSE,OFFICIAL_COMMUNITY_REFERENCE,MAIN_RUNETERRA,CURRENT_OR_REVIEW,UNFETCHED,,Use primary Riot text as highest-priority evidence; Wiki should point back to underlying Riot sources.
src:wiki-data:sion,char:sion,CHAMPION,Sion — WIKI_REFERENCE,https://wiki.leagueoflegends.com/en-us/Template%3AData_Sion,wiki.leagueoflegends.com,WIKI_REFERENCE,OFFICIAL_COMMUNITY_REFERENCE,MAIN_RUNETERRA,CURRENT_OR_REVIEW,UNFETCHED,,Use primary Riot text as highest-priority evidence; Wiki should point back to underlying Riot sources.
src:ddragon:sion,char:sion,CHAMPION,Sion — DATA_DRAGON,https://ddragon.leagueoflegends.com/cdn/16.18.1/data/en_US/champion/Sion.json,ddragon.leagueoflegends.com,DATA_DRAGON,PRIMARY_OFFICIAL_STATIC,MAIN_RUNETERRA,CURRENT_OR_REVIEW,UNFETCHED,,Use primary Riot text as highest-priority evidence; Wiki should point back to underlying Riot sources.
src:riot-bio:sivir,char:sivir,CHAMPION,Sivir — CHAMPION_BIO,https://www.leagueoflegends.com/en-us/champions/sivir/,www.leagueoflegends.com,CHAMPION_BIO,PRIMARY_OFFICIAL,MAIN_RUNETERRA,CURRENT_OR_REVIEW,UNFETCHED,,Use primary Riot text as highest-priority evidence; Wiki should point back to underlying Riot sources.
src:wiki-universe:sivir,char:sivir,CHAMPION,Sivir — WIKI_UNIVERSE,https://wiki.leagueoflegends.com/en-us/Universe%3ASivir,wiki.leagueoflegends.com,WIKI_UNIVERSE,OFFICIAL_COMMUNITY_REFERENCE,MAIN_RUNETERRA,CURRENT_OR_REVIEW,UNFETCHED,,Use primary Riot text as highest-priority evidence; Wiki should point back to underlying Riot sources.
src:wiki-data:sivir,char:sivir,CHAMPION,Sivir — WIKI_REFERENCE,https://wiki.leagueoflegends.com/en-us/Template%3AData_Sivir,wiki.leagueoflegends.com,WIKI_REFERENCE,OFFICIAL_COMMUNITY_REFERENCE,MAIN_RUNETERRA,CURRENT_OR_REVIEW,UNFETCHED,,Use primary Riot text as highest-priority evidence; Wiki should point back to underlying Riot sources.
src:ddragon:sivir,char:sivir,CHAMPION,Sivir — DATA_DRAGON,https://ddragon.leagueoflegends.com/cdn/16.18.1/data/en_US/champion/Sivir.json,ddragon.leagueoflegends.com,DATA_DRAGON,PRIMARY_OFFICIAL_STATIC,MAIN_RUNETERRA,CURRENT_OR_REVIEW,UNFETCHED,,Use primary Riot text as highest-priority evidence; Wiki should point back to underlying Riot sources.
src:riot-bio:skarner,char:skarner,CHAMPION,Skarner — CHAMPION_BIO,https://www.leagueoflegends.com/en-us/champions/skarner/,www.leagueoflegends.com,CHAMPION_BIO,PRIMARY_OFFICIAL,MAIN_RUNETERRA,CURRENT_OR_REVIEW,UNFETCHED,,Use primary Riot text as highest-priority evidence; Wiki should point back to underlying Riot sources.
src:wiki-universe:skarner,char:skarner,CHAMPION,Skarner — WIKI_UNIVERSE,https://wiki.leagueoflegends.com/en-us/Universe%3ASkarner,wiki.leagueoflegends.com,WIKI_UNIVERSE,OFFICIAL_COMMUNITY_REFERENCE,MAIN_RUNETERRA,CURRENT_OR_REVIEW,UNFETCHED,,Use primary Riot text as highest-priority evidence; Wiki should point back to underlying Riot sources.
src:wiki-data:skarner,char:skarner,CHAMPION,Skarner — WIKI_REFERENCE,https://wiki.leagueoflegends.com/en-us/Template%3AData_Skarner,wiki.leagueoflegends.com,WIKI_REFERENCE,OFFICIAL_COMMUNITY_REFERENCE,MAIN_RUNETERRA,CURRENT_OR_REVIEW,UNFETCHED,,Use primary Riot text as highest-priority evidence; Wiki should point back to underlying Riot sources.
src:ddragon:skarner,char:skarner,CHAMPION,Skarner — DATA_DRAGON,https://ddragon.leagueoflegends.com/cdn/16.18.1/data/en_US/champion/Skarner.json,ddragon.leagueoflegends.com,DATA_DRAGON,PRIMARY_OFFICIAL_STATIC,MAIN_RUNETERRA,CURRENT_OR_REVIEW,UNFETCHED,,Use primary Riot text as highest-priority evidence; Wiki should point back to underlying Riot sources.
src:riot-bio:smolder,char:smolder,CHAMPION,Smolder — CHAMPION_BIO,https://www.leagueoflegends.com/en-us/champions/smolder/,www.leagueoflegends.com,CHAMPION_BIO,PRIMARY_OFFICIAL,MAIN_RUNETERRA,CURRENT_OR_REVIEW,UNFETCHED,,Use primary Riot text as highest-priority evidence; Wiki should point back to underlying Riot sources.
src:wiki-universe:smolder,char:smolder,CHAMPION,Smolder — WIKI_UNIVERSE,https://wiki.leagueoflegends.com/en-us/Universe%3ASmolder,wiki.leagueoflegends.com,WIKI_UNIVERSE,OFFICIAL_COMMUNITY_REFERENCE,MAIN_RUNETERRA,CURRENT_OR_REVIEW,UNFETCHED,,Use primary Riot text as highest-priority evidence; Wiki should point back to underlying Riot sources.
src:wiki-data:smolder,char:smolder,CHAMPION,Smolder — WIKI_REFERENCE,https://wiki.leagueoflegends.com/en-us/Template%3AData_Smolder,wiki.leagueoflegends.com,WIKI_REFERENCE,OFFICIAL_COMMUNITY_REFERENCE,MAIN_RUNETERRA,CURRENT_OR_REVIEW,UNFETCHED,,Use primary Riot text as highest-priority evidence; Wiki should point back to underlying Riot sources.
src:ddragon:smolder,char:smolder,CHAMPION,Smolder — DATA_DRAGON,https://ddragon.leagueoflegends.com/cdn/16.18.1/data/en_US/champion/Smolder.json,ddragon.leagueoflegends.com,DATA_DRAGON,PRIMARY_OFFICIAL_STATIC,MAIN_RUNETERRA,CURRENT_OR_REVIEW,UNFETCHED,,Use primary Riot text as highest-priority evidence; Wiki should point back to underlying Riot sources.
src:riot-bio:sona,char:sona,CHAMPION,Sona — CHAMPION_BIO,https://www.leagueoflegends.com/en-us/champions/sona/,www.leagueoflegends.com,CHAMPION_BIO,PRIMARY_OFFICIAL,MAIN_RUNETERRA,CURRENT_OR_REVIEW,UNFETCHED,,Use primary Riot text as highest-priority evidence; Wiki should point back to underlying Riot sources.
src:wiki-universe:sona,char:sona,CHAMPION,Sona — WIKI_UNIVERSE,https://wiki.leagueoflegends.com/en-us/Universe%3ASona,wiki.leagueoflegends.com,WIKI_UNIVERSE,OFFICIAL_COMMUNITY_REFERENCE,MAIN_RUNETERRA,CURRENT_OR_REVIEW,UNFETCHED,,Use primary Riot text as highest-priority evidence; Wiki should point back to underlying Riot sources.
src:wiki-data:sona,char:sona,CHAMPION,Sona — WIKI_REFERENCE,https://wiki.leagueoflegends.com/en-us/Template%3AData_Sona,wiki.leagueoflegends.com,WIKI_REFERENCE,OFFICIAL_COMMUNITY_REFERENCE,MAIN_RUNETERRA,CURRENT_OR_REVIEW,UNFETCHED,,Use primary Riot text as highest-priority evidence; Wiki should point back to underlying Riot sources.
src:ddragon:sona,char:sona,CHAMPION,Sona — DATA_DRAGON,https://ddragon.leagueoflegends.com/cdn/16.18.1/data/en_US/champion/Sona.json,ddragon.leagueoflegends.com,DATA_DRAGON,PRIMARY_OFFICIAL_STATIC,MAIN_RUNETERRA,CURRENT_OR_REVIEW,UNFETCHED,,Use primary Riot text as highest-priority evidence; Wiki should point back to underlying Riot sources.
src:riot-bio:soraka,char:soraka,CHAMPION,Soraka — CHAMPION_BIO,https://www.leagueoflegends.com/en-us/champions/soraka/,www.leagueoflegends.com,CHAMPION_BIO,PRIMARY_OFFICIAL,MAIN_RUNETERRA,CURRENT_OR_REVIEW,UNFETCHED,,Use primary Riot text as highest-priority evidence; Wiki should point back to underlying Riot sources.
src:wiki-universe:soraka,char:soraka,CHAMPION,Soraka — WIKI_UNIVERSE,https://wiki.leagueoflegends.com/en-us/Universe%3ASoraka,wiki.leagueoflegends.com,WIKI_UNIVERSE,OFFICIAL_COMMUNITY_REFERENCE,MAIN_RUNETERRA,CURRENT_OR_REVIEW,UNFETCHED,,Use primary Riot text as highest-priority evidence; Wiki should point back to underlying Riot sources.
src:wiki-data:soraka,char:soraka,CHAMPION,Soraka — WIKI_REFERENCE,https://wiki.leagueoflegends.com/en-us/Template%3AData_Soraka,wiki.leagueoflegends.com,WIKI_REFERENCE,OFFICIAL_COMMUNITY_REFERENCE,MAIN_RUNETERRA,CURRENT_OR_REVIEW,UNFETCHED,,Use primary Riot text as highest-priority evidence; Wiki should point back to underlying Riot sources.
src:ddragon:soraka,char:soraka,CHAMPION,Soraka — DATA_DRAGON,https://ddragon.leagueoflegends.com/cdn/16.18.1/data/en_US/champion/Soraka.json,ddragon.leagueoflegends.com,DATA_DRAGON,PRIMARY_OFFICIAL_STATIC,MAIN_RUNETERRA,CURRENT_OR_REVIEW,UNFETCHED,,Use primary Riot text as highest-priority evidence; Wiki should point back to underlying Riot sources.
src:riot-bio:swain,char:swain,CHAMPION,Swain — CHAMPION_BIO,https://www.leagueoflegends.com/en-us/champions/swain/,www.leagueoflegends.com,CHAMPION_BIO,PRIMARY_OFFICIAL,MAIN_RUNETERRA,CURRENT_OR_REVIEW,UNFETCHED,,Use primary Riot text as highest-priority evidence; Wiki should point back to underlying Riot sources.
src:wiki-universe:swain,char:swain,CHAMPION,Swain — WIKI_UNIVERSE,https://wiki.leagueoflegends.com/en-us/Universe%3ASwain,wiki.leagueoflegends.com,WIKI_UNIVERSE,OFFICIAL_COMMUNITY_REFERENCE,MAIN_RUNETERRA,CURRENT_OR_REVIEW,UNFETCHED,,Use primary Riot text as highest-priority evidence; Wiki should point back to underlying Riot sources.
src:wiki-data:swain,char:swain,CHAMPION,Swain — WIKI_REFERENCE,https://wiki.leagueoflegends.com/en-us/Template%3AData_Swain,wiki.leagueoflegends.com,WIKI_REFERENCE,OFFICIAL_COMMUNITY_REFERENCE,MAIN_RUNETERRA,CURRENT_OR_REVIEW,UNFETCHED,,Use primary Riot text as highest-priority evidence; Wiki should point back to underlying Riot sources.
src:ddragon:swain,char:swain,CHAMPION,Swain — DATA_DRAGON,https://ddragon.leagueoflegends.com/cdn/16.18.1/data/en_US/champion/Swain.json,ddragon.leagueoflegends.com,DATA_DRAGON,PRIMARY_OFFICIAL_STATIC,MAIN_RUNETERRA,CURRENT_OR_REVIEW,UNFETCHED,,Use primary Riot text as highest-priority evidence; Wiki should point back to underlying Riot sources.
src:riot-bio:sylas,char:sylas,CHAMPION,Sylas — CHAMPION_BIO,https://www.leagueoflegends.com/en-us/champions/sylas/,www.leagueoflegends.com,CHAMPION_BIO,PRIMARY_OFFICIAL,MAIN_RUNETERRA,CURRENT_OR_REVIEW,UNFETCHED,,Use primary Riot text as highest-priority evidence; Wiki should point back to underlying Riot sources.
src:wiki-universe:sylas,char:sylas,CHAMPION,Sylas — WIKI_UNIVERSE,https://wiki.leagueoflegends.com/en-us/Universe%3ASylas,wiki.leagueoflegends.com,WIKI_UNIVERSE,OFFICIAL_COMMUNITY_REFERENCE,MAIN_RUNETERRA,CURRENT_OR_REVIEW,UNFETCHED,,Use primary Riot text as highest-priority evidence; Wiki should point back to underlying Riot sources.
src:wiki-data:sylas,char:sylas,CHAMPION,Sylas — WIKI_REFERENCE,https://wiki.leagueoflegends.com/en-us/Template%3AData_Sylas,wiki.leagueoflegends.com,WIKI_REFERENCE,OFFICIAL_COMMUNITY_REFERENCE,MAIN_RUNETERRA,CURRENT_OR_REVIEW,UNFETCHED,,Use primary Riot text as highest-priority evidence; Wiki should point back to underlying Riot sources.
src:ddragon:sylas,char:sylas,CHAMPION,Sylas — DATA_DRAGON,https://ddragon.leagueoflegends.com/cdn/16.18.1/data/en_US/champion/Sylas.json,ddragon.leagueoflegends.com,DATA_DRAGON,PRIMARY_OFFICIAL_STATIC,MAIN_RUNETERRA,CURRENT_OR_REVIEW,UNFETCHED,,Use primary Riot text as highest-priority evidence; Wiki should point back to underlying Riot sources.
src:riot-bio:syndra,char:syndra,CHAMPION,Syndra — CHAMPION_BIO,https://www.leagueoflegends.com/en-us/champions/syndra/,www.leagueoflegends.com,CHAMPION_BIO,PRIMARY_OFFICIAL,MAIN_RUNETERRA,CURRENT_OR_REVIEW,UNFETCHED,,Use primary Riot text as highest-priority evidence; Wiki should point back to underlying Riot sources.
src:wiki-universe:syndra,char:syndra,CHAMPION,Syndra — WIKI_UNIVERSE,https://wiki.leagueoflegends.com/en-us/Universe%3ASyndra,wiki.leagueoflegends.com,WIKI_UNIVERSE,OFFICIAL_COMMUNITY_REFERENCE,MAIN_RUNETERRA,CURRENT_OR_REVIEW,UNFETCHED,,Use primary Riot text as highest-priority evidence; Wiki should point back to underlying Riot sources.
src:wiki-data:syndra,char:syndra,CHAMPION,Syndra — WIKI_REFERENCE,https://wiki.leagueoflegends.com/en-us/Template%3AData_Syndra,wiki.leagueoflegends.com,WIKI_REFERENCE,OFFICIAL_COMMUNITY_REFERENCE,MAIN_RUNETERRA,CURRENT_OR_REVIEW,UNFETCHED,,Use primary Riot text as highest-priority evidence; Wiki should point back to underlying Riot sources.
src:ddragon:syndra,char:syndra,CHAMPION,Syndra — DATA_DRAGON,https://ddragon.leagueoflegends.com/cdn/16.18.1/data/en_US/champion/Syndra.json,ddragon.leagueoflegends.com,DATA_DRAGON,PRIMARY_OFFICIAL_STATIC,MAIN_RUNETERRA,CURRENT_OR_REVIEW,UNFETCHED,,Use primary Riot text as highest-priority evidence; Wiki should point back to underlying Riot sources.
src:riot-bio:tahm-kench,char:tahm-kench,CHAMPION,Tahm Kench — CHAMPION_BIO,https://www.leagueoflegends.com/en-us/champions/tahm-kench/,www.leagueoflegends.com,CHAMPION_BIO,PRIMARY_OFFICIAL,MAIN_RUNETERRA,CURRENT_OR_REVIEW,UNFETCHED,,Use primary Riot text as highest-priority evidence; Wiki should point back to underlying Riot sources.
src:wiki-universe:tahm-kench,char:tahm-kench,CHAMPION,Tahm Kench — WIKI_UNIVERSE,https://wiki.leagueoflegends.com/en-us/Universe%3ATahm_Kench,wiki.leagueoflegends.com,WIKI_UNIVERSE,OFFICIAL_COMMUNITY_REFERENCE,MAIN_RUNETERRA,CURRENT_OR_REVIEW,UNFETCHED,,Use primary Riot text as highest-priority evidence; Wiki should point back to underlying Riot sources.
src:wiki-data:tahm-kench,char:tahm-kench,CHAMPION,Tahm Kench — WIKI_REFERENCE,https://wiki.leagueoflegends.com/en-us/Template%3AData_Tahm_Kench,wiki.leagueoflegends.com,WIKI_REFERENCE,OFFICIAL_COMMUNITY_REFERENCE,MAIN_RUNETERRA,CURRENT_OR_REVIEW,UNFETCHED,,Use primary Riot text as highest-priority evidence; Wiki should point back to underlying Riot sources.
src:ddragon:tahm-kench,char:tahm-kench,CHAMPION,Tahm Kench — DATA_DRAGON,https://ddragon.leagueoflegends.com/cdn/16.18.1/data/en_US/champion/TahmKench.json,ddragon.leagueoflegends.com,DATA_DRAGON,PRIMARY_OFFICIAL_STATIC,MAIN_RUNETERRA,CURRENT_OR_REVIEW,UNFETCHED,,Use primary Riot text as highest-priority evidence; Wiki should point back to underlying Riot sources.
src:riot-bio:taliyah,char:taliyah,CHAMPION,Taliyah — CHAMPION_BIO,https://www.leagueoflegends.com/en-us/champions/taliyah/,www.leagueoflegends.com,CHAMPION_BIO,PRIMARY_OFFICIAL,MAIN_RUNETERRA,CURRENT_OR_REVIEW,UNFETCHED,,Use primary Riot text as highest-priority evidence; Wiki should point back to underlying Riot sources.
src:wiki-universe:taliyah,char:taliyah,CHAMPION,Taliyah — WIKI_UNIVERSE,https://wiki.leagueoflegends.com/en-us/Universe%3ATaliyah,wiki.leagueoflegends.com,WIKI_UNIVERSE,OFFICIAL_COMMUNITY_REFERENCE,MAIN_RUNETERRA,CURRENT_OR_REVIEW,UNFETCHED,,Use primary Riot text as highest-priority evidence; Wiki should point back to underlying Riot sources.
src:wiki-data:taliyah,char:taliyah,CHAMPION,Taliyah — WIKI_REFERENCE,https://wiki.leagueoflegends.com/en-us/Template%3AData_Taliyah,wiki.leagueoflegends.com,WIKI_REFERENCE,OFFICIAL_COMMUNITY_REFERENCE,MAIN_RUNETERRA,CURRENT_OR_REVIEW,UNFETCHED,,Use primary Riot text as highest-priority evidence; Wiki should point back to underlying Riot sources.
src:ddragon:taliyah,char:taliyah,CHAMPION,Taliyah — DATA_DRAGON,https://ddragon.leagueoflegends.com/cdn/16.18.1/data/en_US/champion/Taliyah.json,ddragon.leagueoflegends.com,DATA_DRAGON,PRIMARY_OFFICIAL_STATIC,MAIN_RUNETERRA,CURRENT_OR_REVIEW,UNFETCHED,,Use primary Riot text as highest-priority evidence; Wiki should point back to underlying Riot sources.
src:riot-bio:talon,char:talon,CHAMPION,Talon — CHAMPION_BIO,https://www.leagueoflegends.com/en-us/champions/talon/,www.leagueoflegends.com,CHAMPION_BIO,PRIMARY_OFFICIAL,MAIN_RUNETERRA,CURRENT_OR_REVIEW,UNFETCHED,,Use primary Riot text as highest-priority evidence; Wiki should point back to underlying Riot sources.
src:wiki-universe:talon,char:talon,CHAMPION,Talon — WIKI_UNIVERSE,https://wiki.leagueoflegends.com/en-us/Universe%3ATalon,wiki.leagueoflegends.com,WIKI_UNIVERSE,OFFICIAL_COMMUNITY_REFERENCE,MAIN_RUNETERRA,CURRENT_OR_REVIEW,UNFETCHED,,Use primary Riot text as highest-priority evidence; Wiki should point back to underlying Riot sources.
src:wiki-data:talon,char:talon,CHAMPION,Talon — WIKI_REFERENCE,https://wiki.leagueoflegends.com/en-us/Template%3AData_Talon,wiki.leagueoflegends.com,WIKI_REFERENCE,OFFICIAL_COMMUNITY_REFERENCE,MAIN_RUNETERRA,CURRENT_OR_REVIEW,UNFETCHED,,Use primary Riot text as highest-priority evidence; Wiki should point back to underlying Riot sources.
src:ddragon:talon,char:talon,CHAMPION,Talon — DATA_DRAGON,https://ddragon.leagueoflegends.com/cdn/16.18.1/data/en_US/champion/Talon.json,ddragon.leagueoflegends.com,DATA_DRAGON,PRIMARY_OFFICIAL_STATIC,MAIN_RUNETERRA,CURRENT_OR_REVIEW,UNFETCHED,,Use primary Riot text as highest-priority evidence; Wiki should point back to underlying Riot sources.
src:riot-bio:taric,char:taric,CHAMPION,Taric — CHAMPION_BIO,https://www.leagueoflegends.com/en-us/champions/taric/,www.leagueoflegends.com,CHAMPION_BIO,PRIMARY_OFFICIAL,MAIN_RUNETERRA,CURRENT_OR_REVIEW,UNFETCHED,,Use primary Riot text as highest-priority evidence; Wiki should point back to underlying Riot sources.
src:wiki-universe:taric,char:taric,CHAMPION,Taric — WIKI_UNIVERSE,https://wiki.leagueoflegends.com/en-us/Universe%3ATaric,wiki.leagueoflegends.com,WIKI_UNIVERSE,OFFICIAL_COMMUNITY_REFERENCE,MAIN_RUNETERRA,CURRENT_OR_REVIEW,UNFETCHED,,Use primary Riot text as highest-priority evidence; Wiki should point back to underlying Riot sources.
src:wiki-data:taric,char:taric,CHAMPION,Taric — WIKI_REFERENCE,https://wiki.leagueoflegends.com/en-us/Template%3AData_Taric,wiki.leagueoflegends.com,WIKI_REFERENCE,OFFICIAL_COMMUNITY_REFERENCE,MAIN_RUNETERRA,CURRENT_OR_REVIEW,UNFETCHED,,Use primary Riot text as highest-priority evidence; Wiki should point back to underlying Riot sources.
src:ddragon:taric,char:taric,CHAMPION,Taric — DATA_DRAGON,https://ddragon.leagueoflegends.com/cdn/16.18.1/data/en_US/champion/Taric.json,ddragon.leagueoflegends.com,DATA_DRAGON,PRIMARY_OFFICIAL_STATIC,MAIN_RUNETERRA,CURRENT_OR_REVIEW,UNFETCHED,,Use primary Riot text as highest-priority evidence; Wiki should point back to underlying Riot sources.
src:riot-bio:teemo,char:teemo,CHAMPION,Teemo — CHAMPION_BIO,https://www.leagueoflegends.com/en-us/champions/teemo/,www.leagueoflegends.com,CHAMPION_BIO,PRIMARY_OFFICIAL,MAIN_RUNETERRA,CURRENT_OR_REVIEW,UNFETCHED,,Use primary Riot text as highest-priority evidence; Wiki should point back to underlying Riot sources.
src:wiki-universe:teemo,char:teemo,CHAMPION,Teemo — WIKI_UNIVERSE,https://wiki.leagueoflegends.com/en-us/Universe%3ATeemo,wiki.leagueoflegends.com,WIKI_UNIVERSE,OFFICIAL_COMMUNITY_REFERENCE,MAIN_RUNETERRA,CURRENT_OR_REVIEW,UNFETCHED,,Use primary Riot text as highest-priority evidence; Wiki should point back to underlying Riot sources.
src:wiki-data:teemo,char:teemo,CHAMPION,Teemo — WIKI_REFERENCE,https://wiki.leagueoflegends.com/en-us/Template%3AData_Teemo,wiki.leagueoflegends.com,WIKI_REFERENCE,OFFICIAL_COMMUNITY_REFERENCE,MAIN_RUNETERRA,CURRENT_OR_REVIEW,UNFETCHED,,Use primary Riot text as highest-priority evidence; Wiki should point back to underlying Riot sources.
src:ddragon:teemo,char:teemo,CHAMPION,Teemo — DATA_DRAGON,https://ddragon.leagueoflegends.com/cdn/16.18.1/data/en_US/champion/Teemo.json,ddragon.leagueoflegends.com,DATA_DRAGON,PRIMARY_OFFICIAL_STATIC,MAIN_RUNETERRA,CURRENT_OR_REVIEW,UNFETCHED,,Use primary Riot text as highest-priority evidence; Wiki should point back to underlying Riot sources.
src:riot-bio:thresh,char:thresh,CHAMPION,Thresh — CHAMPION_BIO,https://www.leagueoflegends.com/en-us/champions/thresh/,www.leagueoflegends.com,CHAMPION_BIO,PRIMARY_OFFICIAL,MAIN_RUNETERRA,CURRENT_OR_REVIEW,UNFETCHED,,Use primary Riot text as highest-priority evidence; Wiki should point back to underlying Riot sources.
src:wiki-universe:thresh,char:thresh,CHAMPION,Thresh — WIKI_UNIVERSE,https://wiki.leagueoflegends.com/en-us/Universe%3AThresh,wiki.leagueoflegends.com,WIKI_UNIVERSE,OFFICIAL_COMMUNITY_REFERENCE,MAIN_RUNETERRA,CURRENT_OR_REVIEW,UNFETCHED,,Use primary Riot text as highest-priority evidence; Wiki should point back to underlying Riot sources.
src:wiki-data:thresh,char:thresh,CHAMPION,Thresh — WIKI_REFERENCE,https://wiki.leagueoflegends.com/en-us/Template%3AData_Thresh,wiki.leagueoflegends.com,WIKI_REFERENCE,OFFICIAL_COMMUNITY_REFERENCE,MAIN_RUNETERRA,CURRENT_OR_REVIEW,UNFETCHED,,Use primary Riot text as highest-priority evidence; Wiki should point back to underlying Riot sources.
src:ddragon:thresh,char:thresh,CHAMPION,Thresh — DATA_DRAGON,https://ddragon.leagueoflegends.com/cdn/16.18.1/data/en_US/champion/Thresh.json,ddragon.leagueoflegends.com,DATA_DRAGON,PRIMARY_OFFICIAL_STATIC,MAIN_RUNETERRA,CURRENT_OR_REVIEW,UNFETCHED,,Use primary Riot text as highest-priority evidence; Wiki should point back to underlying Riot sources.
src:riot-bio:tristana,char:tristana,CHAMPION,Tristana — CHAMPION_BIO,https://www.leagueoflegends.com/en-us/champions/tristana/,www.leagueoflegends.com,CHAMPION_BIO,PRIMARY_OFFICIAL,MAIN_RUNETERRA,CURRENT_OR_REVIEW,UNFETCHED,,Use primary Riot text as highest-priority evidence; Wiki should point back to underlying Riot sources.
src:wiki-universe:tristana,char:tristana,CHAMPION,Tristana — WIKI_UNIVERSE,https://wiki.leagueoflegends.com/en-us/Universe%3ATristana,wiki.leagueoflegends.com,WIKI_UNIVERSE,OFFICIAL_COMMUNITY_REFERENCE,MAIN_RUNETERRA,CURRENT_OR_REVIEW,UNFETCHED,,Use primary Riot text as highest-priority evidence; Wiki should point back to underlying Riot sources.
src:wiki-data:tristana,char:tristana,CHAMPION,Tristana — WIKI_REFERENCE,https://wiki.leagueoflegends.com/en-us/Template%3AData_Tristana,wiki.leagueoflegends.com,WIKI_REFERENCE,OFFICIAL_COMMUNITY_REFERENCE,MAIN_RUNETERRA,CURRENT_OR_REVIEW,UNFETCHED,,Use primary Riot text as highest-priority evidence; Wiki should point back to underlying Riot sources.
src:ddragon:tristana,char:tristana,CHAMPION,Tristana — DATA_DRAGON,https://ddragon.leagueoflegends.com/cdn/16.18.1/data/en_US/champion/Tristana.json,ddragon.leagueoflegends.com,DATA_DRAGON,PRIMARY_OFFICIAL_STATIC,MAIN_RUNETERRA,CURRENT_OR_REVIEW,UNFETCHED,,Use primary Riot text as highest-priority evidence; Wiki should point back to underlying Riot sources.
src:riot-bio:trundle,char:trundle,CHAMPION,Trundle — CHAMPION_BIO,https://www.leagueoflegends.com/en-us/champions/trundle/,www.leagueoflegends.com,CHAMPION_BIO,PRIMARY_OFFICIAL,MAIN_RUNETERRA,CURRENT_OR_REVIEW,UNFETCHED,,Use primary Riot text as highest-priority evidence; Wiki should point back to underlying Riot sources.
src:wiki-universe:trundle,char:trundle,CHAMPION,Trundle — WIKI_UNIVERSE,https://wiki.leagueoflegends.com/en-us/Universe%3ATrundle,wiki.leagueoflegends.com,WIKI_UNIVERSE,OFFICIAL_COMMUNITY_REFERENCE,MAIN_RUNETERRA,CURRENT_OR_REVIEW,UNFETCHED,,Use primary Riot text as highest-priority evidence; Wiki should point back to underlying Riot sources.
src:wiki-data:trundle,char:trundle,CHAMPION,Trundle — WIKI_REFERENCE,https://wiki.leagueoflegends.com/en-us/Template%3AData_Trundle,wiki.leagueoflegends.com,WIKI_REFERENCE,OFFICIAL_COMMUNITY_REFERENCE,MAIN_RUNETERRA,CURRENT_OR_REVIEW,UNFETCHED,,Use primary Riot text as highest-priority evidence; Wiki should point back to underlying Riot sources.
src:ddragon:trundle,char:trundle,CHAMPION,Trundle — DATA_DRAGON,https://ddragon.leagueoflegends.com/cdn/16.18.1/data/en_US/champion/Trundle.json,ddragon.leagueoflegends.com,DATA_DRAGON,PRIMARY_OFFICIAL_STATIC,MAIN_RUNETERRA,CURRENT_OR_REVIEW,UNFETCHED,,Use primary Riot text as highest-priority evidence; Wiki should point back to underlying Riot sources.
src:riot-bio:tryndamere,char:tryndamere,CHAMPION,Tryndamere — CHAMPION_BIO,https://www.leagueoflegends.com/en-us/champions/tryndamere/,www.leagueoflegends.com,CHAMPION_BIO,PRIMARY_OFFICIAL,MAIN_RUNETERRA,CURRENT_OR_REVIEW,UNFETCHED,,Use primary Riot text as highest-priority evidence; Wiki should point back to underlying Riot sources.
src:wiki-universe:tryndamere,char:tryndamere,CHAMPION,Tryndamere — WIKI_UNIVERSE,https://wiki.leagueoflegends.com/en-us/Universe%3ATryndamere,wiki.leagueoflegends.com,WIKI_UNIVERSE,OFFICIAL_COMMUNITY_REFERENCE,MAIN_RUNETERRA,CURRENT_OR_REVIEW,UNFETCHED,,Use primary Riot text as highest-priority evidence; Wiki should point back to underlying Riot sources.
src:wiki-data:tryndamere,char:tryndamere,CHAMPION,Tryndamere — WIKI_REFERENCE,https://wiki.leagueoflegends.com/en-us/Template%3AData_Tryndamere,wiki.leagueoflegends.com,WIKI_REFERENCE,OFFICIAL_COMMUNITY_REFERENCE,MAIN_RUNETERRA,CURRENT_OR_REVIEW,UNFETCHED,,Use primary Riot text as highest-priority evidence; Wiki should point back to underlying Riot sources.
src:ddragon:tryndamere,char:tryndamere,CHAMPION,Tryndamere — DATA_DRAGON,https://ddragon.leagueoflegends.com/cdn/16.18.1/data/en_US/champion/Tryndamere.json,ddragon.leagueoflegends.com,DATA_DRAGON,PRIMARY_OFFICIAL_STATIC,MAIN_RUNETERRA,CURRENT_OR_REVIEW,UNFETCHED,,Use primary Riot text as highest-priority evidence; Wiki should point back to underlying Riot sources.
src:riot-bio:twisted-fate,char:twisted-fate,CHAMPION,Twisted Fate — CHAMPION_BIO,https://www.leagueoflegends.com/en-us/champions/twisted-fate/,www.leagueoflegends.com,CHAMPION_BIO,PRIMARY_OFFICIAL,MAIN_RUNETERRA,CURRENT_OR_REVIEW,UNFETCHED,,Use primary Riot text as highest-priority evidence; Wiki should point back to underlying Riot sources.
src:wiki-universe:twisted-fate,char:twisted-fate,CHAMPION,Twisted Fate — WIKI_UNIVERSE,https://wiki.leagueoflegends.com/en-us/Universe%3ATwisted_Fate,wiki.leagueoflegends.com,WIKI_UNIVERSE,OFFICIAL_COMMUNITY_REFERENCE,MAIN_RUNETERRA,CURRENT_OR_REVIEW,UNFETCHED,,Use primary Riot text as highest-priority evidence; Wiki should point back to underlying Riot sources.
src:wiki-data:twisted-fate,char:twisted-fate,CHAMPION,Twisted Fate — WIKI_REFERENCE,https://wiki.leagueoflegends.com/en-us/Template%3AData_Twisted_Fate,wiki.leagueoflegends.com,WIKI_REFERENCE,OFFICIAL_COMMUNITY_REFERENCE,MAIN_RUNETERRA,CURRENT_OR_REVIEW,UNFETCHED,,Use primary Riot text as highest-priority evidence; Wiki should point back to underlying Riot sources.
src:ddragon:twisted-fate,char:twisted-fate,CHAMPION,Twisted Fate — DATA_DRAGON,https://ddragon.leagueoflegends.com/cdn/16.18.1/data/en_US/champion/TwistedFate.json,ddragon.leagueoflegends.com,DATA_DRAGON,PRIMARY_OFFICIAL_STATIC,MAIN_RUNETERRA,CURRENT_OR_REVIEW,UNFETCHED,,Use primary Riot text as highest-priority evidence; Wiki should point back to underlying Riot sources.
src:riot-bio:twitch,char:twitch,CHAMPION,Twitch — CHAMPION_BIO,https://www.leagueoflegends.com/en-us/champions/twitch/,www.leagueoflegends.com,CHAMPION_BIO,PRIMARY_OFFICIAL,MAIN_RUNETERRA,CURRENT_OR_REVIEW,UNFETCHED,,Use primary Riot text as highest-priority evidence; Wiki should point back to underlying Riot sources.
src:wiki-universe:twitch,char:twitch,CHAMPION,Twitch — WIKI_UNIVERSE,https://wiki.leagueoflegends.com/en-us/Universe%3ATwitch,wiki.leagueoflegends.com,WIKI_UNIVERSE,OFFICIAL_COMMUNITY_REFERENCE,MAIN_RUNETERRA,CURRENT_OR_REVIEW,UNFETCHED,,Use primary Riot text as highest-priority evidence; Wiki should point back to underlying Riot sources.
src:wiki-data:twitch,char:twitch,CHAMPION,Twitch — WIKI_REFERENCE,https://wiki.leagueoflegends.com/en-us/Template%3AData_Twitch,wiki.leagueoflegends.com,WIKI_REFERENCE,OFFICIAL_COMMUNITY_REFERENCE,MAIN_RUNETERRA,CURRENT_OR_REVIEW,UNFETCHED,,Use primary Riot text as highest-priority evidence; Wiki should point back to underlying Riot sources.
src:ddragon:twitch,char:twitch,CHAMPION,Twitch — DATA_DRAGON,https://ddragon.leagueoflegends.com/cdn/16.18.1/data/en_US/champion/Twitch.json,ddragon.leagueoflegends.com,DATA_DRAGON,PRIMARY_OFFICIAL_STATIC,MAIN_RUNETERRA,CURRENT_OR_REVIEW,UNFETCHED,,Use primary Riot text as highest-priority evidence; Wiki should point back to underlying Riot sources.
src:riot-bio:udyr,char:udyr,CHAMPION,Udyr — CHAMPION_BIO,https://www.leagueoflegends.com/en-us/champions/udyr/,www.leagueoflegends.com,CHAMPION_BIO,PRIMARY_OFFICIAL,MAIN_RUNETERRA,CURRENT_OR_REVIEW,UNFETCHED,,Use primary Riot text as highest-priority evidence; Wiki should point back to underlying Riot sources.
src:wiki-universe:udyr,char:udyr,CHAMPION,Udyr — WIKI_UNIVERSE,https://wiki.leagueoflegends.com/en-us/Universe%3AUdyr,wiki.leagueoflegends.com,WIKI_UNIVERSE,OFFICIAL_COMMUNITY_REFERENCE,MAIN_RUNETERRA,CURRENT_OR_REVIEW,UNFETCHED,,Use primary Riot text as highest-priority evidence; Wiki should point back to underlying Riot sources.
src:wiki-data:udyr,char:udyr,CHAMPION,Udyr — WIKI_REFERENCE,https://wiki.leagueoflegends.com/en-us/Template%3AData_Udyr,wiki.leagueoflegends.com,WIKI_REFERENCE,OFFICIAL_COMMUNITY_REFERENCE,MAIN_RUNETERRA,CURRENT_OR_REVIEW,UNFETCHED,,Use primary Riot text as highest-priority evidence; Wiki should point back to underlying Riot sources.
src:ddragon:udyr,char:udyr,CHAMPION,Udyr — DATA_DRAGON,https://ddragon.leagueoflegends.com/cdn/16.18.1/data/en_US/champion/Udyr.json,ddragon.leagueoflegends.com,DATA_DRAGON,PRIMARY_OFFICIAL_STATIC,MAIN_RUNETERRA,CURRENT_OR_REVIEW,UNFETCHED,,Use primary Riot text as highest-priority evidence; Wiki should point back to underlying Riot sources.
src:riot-bio:urgot,char:urgot,CHAMPION,Urgot — CHAMPION_BIO,https://www.leagueoflegends.com/en-us/champions/urgot/,www.leagueoflegends.com,CHAMPION_BIO,PRIMARY_OFFICIAL,MAIN_RUNETERRA,CURRENT_OR_REVIEW,UNFETCHED,,Use primary Riot text as highest-priority evidence; Wiki should point back to underlying Riot sources.
src:wiki-universe:urgot,char:urgot,CHAMPION,Urgot — WIKI_UNIVERSE,https://wiki.leagueoflegends.com/en-us/Universe%3AUrgot,wiki.leagueoflegends.com,WIKI_UNIVERSE,OFFICIAL_COMMUNITY_REFERENCE,MAIN_RUNETERRA,CURRENT_OR_REVIEW,UNFETCHED,,Use primary Riot text as highest-priority evidence; Wiki should point back to underlying Riot sources.
src:wiki-data:urgot,char:urgot,CHAMPION,Urgot — WIKI_REFERENCE,https://wiki.leagueoflegends.com/en-us/Template%3AData_Urgot,wiki.leagueoflegends.com,WIKI_REFERENCE,OFFICIAL_COMMUNITY_REFERENCE,MAIN_RUNETERRA,CURRENT_OR_REVIEW,UNFETCHED,,Use primary Riot text as highest-priority evidence; Wiki should point back to underlying Riot sources.
src:ddragon:urgot,char:urgot,CHAMPION,Urgot — DATA_DRAGON,https://ddragon.leagueoflegends.com/cdn/16.18.1/data/en_US/champion/Urgot.json,ddragon.leagueoflegends.com,DATA_DRAGON,PRIMARY_OFFICIAL_STATIC,MAIN_RUNETERRA,CURRENT_OR_REVIEW,UNFETCHED,,Use primary Riot text as highest-priority evidence; Wiki should point back to underlying Riot sources.
src:riot-bio:varus,char:varus,CHAMPION,Varus — CHAMPION_BIO,https://www.leagueoflegends.com/en-us/champions/varus/,www.leagueoflegends.com,CHAMPION_BIO,PRIMARY_OFFICIAL,MAIN_RUNETERRA,CURRENT_OR_REVIEW,UNFETCHED,,Use primary Riot text as highest-priority evidence; Wiki should point back to underlying Riot sources.
src:wiki-universe:varus,char:varus,CHAMPION,Varus — WIKI_UNIVERSE,https://wiki.leagueoflegends.com/en-us/Universe%3AVarus,wiki.leagueoflegends.com,WIKI_UNIVERSE,OFFICIAL_COMMUNITY_REFERENCE,MAIN_RUNETERRA,CURRENT_OR_REVIEW,UNFETCHED,,Use primary Riot text as highest-priority evidence; Wiki should point back to underlying Riot sources.
src:wiki-data:varus,char:varus,CHAMPION,Varus — WIKI_REFERENCE,https://wiki.leagueoflegends.com/en-us/Template%3AData_Varus,wiki.leagueoflegends.com,WIKI_REFERENCE,OFFICIAL_COMMUNITY_REFERENCE,MAIN_RUNETERRA,CURRENT_OR_REVIEW,UNFETCHED,,Use primary Riot text as highest-priority evidence; Wiki should point back to underlying Riot sources.
src:ddragon:varus,char:varus,CHAMPION,Varus — DATA_DRAGON,https://ddragon.leagueoflegends.com/cdn/16.18.1/data/en_US/champion/Varus.json,ddragon.leagueoflegends.com,DATA_DRAGON,PRIMARY_OFFICIAL_STATIC,MAIN_RUNETERRA,CURRENT_OR_REVIEW,UNFETCHED,,Use primary Riot text as highest-priority evidence; Wiki should point back to underlying Riot sources.
src:riot-bio:vayne,char:vayne,CHAMPION,Vayne — CHAMPION_BIO,https://www.leagueoflegends.com/en-us/champions/vayne/,www.leagueoflegends.com,CHAMPION_BIO,PRIMARY_OFFICIAL,MAIN_RUNETERRA,CURRENT_OR_REVIEW,UNFETCHED,,Use primary Riot text as highest-priority evidence; Wiki should point back to underlying Riot sources.
src:wiki-universe:vayne,char:vayne,CHAMPION,Vayne — WIKI_UNIVERSE,https://wiki.leagueoflegends.com/en-us/Universe%3AVayne,wiki.leagueoflegends.com,WIKI_UNIVERSE,OFFICIAL_COMMUNITY_REFERENCE,MAIN_RUNETERRA,CURRENT_OR_REVIEW,UNFETCHED,,Use primary Riot text as highest-priority evidence; Wiki should point back to underlying Riot sources.
src:wiki-data:vayne,char:vayne,CHAMPION,Vayne — WIKI_REFERENCE,https://wiki.leagueoflegends.com/en-us/Template%3AData_Vayne,wiki.leagueoflegends.com,WIKI_REFERENCE,OFFICIAL_COMMUNITY_REFERENCE,MAIN_RUNETERRA,CURRENT_OR_REVIEW,UNFETCHED,,Use primary Riot text as highest-priority evidence; Wiki should point back to underlying Riot sources.
src:ddragon:vayne,char:vayne,CHAMPION,Vayne — DATA_DRAGON,https://ddragon.leagueoflegends.com/cdn/16.18.1/data/en_US/champion/Vayne.json,ddragon.leagueoflegends.com,DATA_DRAGON,PRIMARY_OFFICIAL_STATIC,MAIN_RUNETERRA,CURRENT_OR_REVIEW,UNFETCHED,,Use primary Riot text as highest-priority evidence; Wiki should point back to underlying Riot sources.
src:riot-bio:veigar,char:veigar,CHAMPION,Veigar — CHAMPION_BIO,https://www.leagueoflegends.com/en-us/champions/veigar/,www.leagueoflegends.com,CHAMPION_BIO,PRIMARY_OFFICIAL,MAIN_RUNETERRA,CURRENT_OR_REVIEW,UNFETCHED,,Use primary Riot text as highest-priority evidence; Wiki should point back to underlying Riot sources.
src:wiki-universe:veigar,char:veigar,CHAMPION,Veigar — WIKI_UNIVERSE,https://wiki.leagueoflegends.com/en-us/Universe%3AVeigar,wiki.leagueoflegends.com,WIKI_UNIVERSE,OFFICIAL_COMMUNITY_REFERENCE,MAIN_RUNETERRA,CURRENT_OR_REVIEW,UNFETCHED,,Use primary Riot text as highest-priority evidence; Wiki should point back to underlying Riot sources.
src:wiki-data:veigar,char:veigar,CHAMPION,Veigar — WIKI_REFERENCE,https://wiki.leagueoflegends.com/en-us/Template%3AData_Veigar,wiki.leagueoflegends.com,WIKI_REFERENCE,OFFICIAL_COMMUNITY_REFERENCE,MAIN_RUNETERRA,CURRENT_OR_REVIEW,UNFETCHED,,Use primary Riot text as highest-priority evidence; Wiki should point back to underlying Riot sources.
src:ddragon:veigar,char:veigar,CHAMPION,Veigar — DATA_DRAGON,https://ddragon.leagueoflegends.com/cdn/16.18.1/data/en_US/champion/Veigar.json,ddragon.leagueoflegends.com,DATA_DRAGON,PRIMARY_OFFICIAL_STATIC,MAIN_RUNETERRA,CURRENT_OR_REVIEW,UNFETCHED,,Use primary Riot text as highest-priority evidence; Wiki should point back to underlying Riot sources.
src:riot-bio:vel-koz,char:vel-koz,CHAMPION,Vel'Koz — CHAMPION_BIO,https://www.leagueoflegends.com/en-us/champions/vel-koz/,www.leagueoflegends.com,CHAMPION_BIO,PRIMARY_OFFICIAL,MAIN_RUNETERRA,CURRENT_OR_REVIEW,UNFETCHED,,Use primary Riot text as highest-priority evidence; Wiki should point back to underlying Riot sources.
src:wiki-universe:vel-koz,char:vel-koz,CHAMPION,Vel'Koz — WIKI_UNIVERSE,https://wiki.leagueoflegends.com/en-us/Universe%3AVel'Koz,wiki.leagueoflegends.com,WIKI_UNIVERSE,OFFICIAL_COMMUNITY_REFERENCE,MAIN_RUNETERRA,CURRENT_OR_REVIEW,UNFETCHED,,Use primary Riot text as highest-priority evidence; Wiki should point back to underlying Riot sources.
src:wiki-data:vel-koz,char:vel-koz,CHAMPION,Vel'Koz — WIKI_REFERENCE,https://wiki.leagueoflegends.com/en-us/Template%3AData_Vel'Koz,wiki.leagueoflegends.com,WIKI_REFERENCE,OFFICIAL_COMMUNITY_REFERENCE,MAIN_RUNETERRA,CURRENT_OR_REVIEW,UNFETCHED,,Use primary Riot text as highest-priority evidence; Wiki should point back to underlying Riot sources.
src:ddragon:vel-koz,char:vel-koz,CHAMPION,Vel'Koz — DATA_DRAGON,https://ddragon.leagueoflegends.com/cdn/16.18.1/data/en_US/champion/Velkoz.json,ddragon.leagueoflegends.com,DATA_DRAGON,PRIMARY_OFFICIAL_STATIC,MAIN_RUNETERRA,CURRENT_OR_REVIEW,UNFETCHED,,Use primary Riot text as highest-priority evidence; Wiki should point back to underlying Riot sources.
src:riot-bio:vex,char:vex,CHAMPION,Vex — CHAMPION_BIO,https://www.leagueoflegends.com/en-us/champions/vex/,www.leagueoflegends.com,CHAMPION_BIO,PRIMARY_OFFICIAL,MAIN_RUNETERRA,CURRENT_OR_REVIEW,UNFETCHED,,Use primary Riot text as highest-priority evidence; Wiki should point back to underlying Riot sources.
src:wiki-universe:vex,char:vex,CHAMPION,Vex — WIKI_UNIVERSE,https://wiki.leagueoflegends.com/en-us/Universe%3AVex,wiki.leagueoflegends.com,WIKI_UNIVERSE,OFFICIAL_COMMUNITY_REFERENCE,MAIN_RUNETERRA,CURRENT_OR_REVIEW,UNFETCHED,,Use primary Riot text as highest-priority evidence; Wiki should point back to underlying Riot sources.
src:wiki-data:vex,char:vex,CHAMPION,Vex — WIKI_REFERENCE,https://wiki.leagueoflegends.com/en-us/Template%3AData_Vex,wiki.leagueoflegends.com,WIKI_REFERENCE,OFFICIAL_COMMUNITY_REFERENCE,MAIN_RUNETERRA,CURRENT_OR_REVIEW,UNFETCHED,,Use primary Riot text as highest-priority evidence; Wiki should point back to underlying Riot sources.
src:ddragon:vex,char:vex,CHAMPION,Vex — DATA_DRAGON,https://ddragon.leagueoflegends.com/cdn/16.18.1/data/en_US/champion/Vex.json,ddragon.leagueoflegends.com,DATA_DRAGON,PRIMARY_OFFICIAL_STATIC,MAIN_RUNETERRA,CURRENT_OR_REVIEW,UNFETCHED,,Use primary Riot text as highest-priority evidence; Wiki should point back to underlying Riot sources.
src:riot-bio:vi,char:vi,CHAMPION,Vi — CHAMPION_BIO,https://www.leagueoflegends.com/en-us/champions/vi/,www.leagueoflegends.com,CHAMPION_BIO,PRIMARY_OFFICIAL,MAIN_RUNETERRA,CURRENT_OR_REVIEW,UNFETCHED,,Use primary Riot text as highest-priority evidence; Wiki should point back to underlying Riot sources.
src:wiki-universe:vi,char:vi,CHAMPION,Vi — WIKI_UNIVERSE,https://wiki.leagueoflegends.com/en-us/Universe%3AVi,wiki.leagueoflegends.com,WIKI_UNIVERSE,OFFICIAL_COMMUNITY_REFERENCE,MAIN_RUNETERRA,CURRENT_OR_REVIEW,UNFETCHED,,Use primary Riot text as highest-priority evidence; Wiki should point back to underlying Riot sources.
src:wiki-data:vi,char:vi,CHAMPION,Vi — WIKI_REFERENCE,https://wiki.leagueoflegends.com/en-us/Template%3AData_Vi,wiki.leagueoflegends.com,WIKI_REFERENCE,OFFICIAL_COMMUNITY_REFERENCE,MAIN_RUNETERRA,CURRENT_OR_REVIEW,UNFETCHED,,Use primary Riot text as highest-priority evidence; Wiki should point back to underlying Riot sources.
src:ddragon:vi,char:vi,CHAMPION,Vi — DATA_DRAGON,https://ddragon.leagueoflegends.com/cdn/16.18.1/data/en_US/champion/Vi.json,ddragon.leagueoflegends.com,DATA_DRAGON,PRIMARY_OFFICIAL_STATIC,MAIN_RUNETERRA,CURRENT_OR_REVIEW,UNFETCHED,,Use primary Riot text as highest-priority evidence; Wiki should point back to underlying Riot sources.
src:riot-bio:viego,char:viego,CHAMPION,Viego — CHAMPION_BIO,https://www.leagueoflegends.com/en-us/champions/viego/,www.leagueoflegends.com,CHAMPION_BIO,PRIMARY_OFFICIAL,MAIN_RUNETERRA,CURRENT_OR_REVIEW,UNFETCHED,,Use primary Riot text as highest-priority evidence; Wiki should point back to underlying Riot sources.
src:wiki-universe:viego,char:viego,CHAMPION,Viego — WIKI_UNIVERSE,https://wiki.leagueoflegends.com/en-us/Universe%3AViego,wiki.leagueoflegends.com,WIKI_UNIVERSE,OFFICIAL_COMMUNITY_REFERENCE,MAIN_RUNETERRA,CURRENT_OR_REVIEW,UNFETCHED,,Use primary Riot text as highest-priority evidence; Wiki should point back to underlying Riot sources.
src:wiki-data:viego,char:viego,CHAMPION,Viego — WIKI_REFERENCE,https://wiki.leagueoflegends.com/en-us/Template%3AData_Viego,wiki.leagueoflegends.com,WIKI_REFERENCE,OFFICIAL_COMMUNITY_REFERENCE,MAIN_RUNETERRA,CURRENT_OR_REVIEW,UNFETCHED,,Use primary Riot text as highest-priority evidence; Wiki should point back to underlying Riot sources.
src:ddragon:viego,char:viego,CHAMPION,Viego — DATA_DRAGON,https://ddragon.leagueoflegends.com/cdn/16.18.1/data/en_US/champion/Viego.json,ddragon.leagueoflegends.com,DATA_DRAGON,PRIMARY_OFFICIAL_STATIC,MAIN_RUNETERRA,CURRENT_OR_REVIEW,UNFETCHED,,Use primary Riot text as highest-priority evidence; Wiki should point back to underlying Riot sources.
src:riot-bio:viktor,char:viktor,CHAMPION,Viktor — CHAMPION_BIO,https://www.leagueoflegends.com/en-us/champions/viktor/,www.leagueoflegends.com,CHAMPION_BIO,PRIMARY_OFFICIAL,MAIN_RUNETERRA,CURRENT_OR_REVIEW,UNFETCHED,,Use primary Riot text as highest-priority evidence; Wiki should point back to underlying Riot sources.
src:wiki-universe:viktor,char:viktor,CHAMPION,Viktor — WIKI_UNIVERSE,https://wiki.leagueoflegends.com/en-us/Universe%3AViktor,wiki.leagueoflegends.com,WIKI_UNIVERSE,OFFICIAL_COMMUNITY_REFERENCE,MAIN_RUNETERRA,CURRENT_OR_REVIEW,UNFETCHED,,Use primary Riot text as highest-priority evidence; Wiki should point back to underlying Riot sources.
src:wiki-data:viktor,char:viktor,CHAMPION,Viktor — WIKI_REFERENCE,https://wiki.leagueoflegends.com/en-us/Template%3AData_Viktor,wiki.leagueoflegends.com,WIKI_REFERENCE,OFFICIAL_COMMUNITY_REFERENCE,MAIN_RUNETERRA,CURRENT_OR_REVIEW,UNFETCHED,,Use primary Riot text as highest-priority evidence; Wiki should point back to underlying Riot sources.
src:ddragon:viktor,char:viktor,CHAMPION,Viktor — DATA_DRAGON,https://ddragon.leagueoflegends.com/cdn/16.18.1/data/en_US/champion/Viktor.json,ddragon.leagueoflegends.com,DATA_DRAGON,PRIMARY_OFFICIAL_STATIC,MAIN_RUNETERRA,CURRENT_OR_REVIEW,UNFETCHED,,Use primary Riot text as highest-priority evidence; Wiki should point back to underlying Riot sources.
src:riot-bio:vladimir,char:vladimir,CHAMPION,Vladimir — CHAMPION_BIO,https://www.leagueoflegends.com/en-us/champions/vladimir/,www.leagueoflegends.com,CHAMPION_BIO,PRIMARY_OFFICIAL,MAIN_RUNETERRA,CURRENT_OR_REVIEW,UNFETCHED,,Use primary Riot text as highest-priority evidence; Wiki should point back to underlying Riot sources.
src:wiki-universe:vladimir,char:vladimir,CHAMPION,Vladimir — WIKI_UNIVERSE,https://wiki.leagueoflegends.com/en-us/Universe%3AVladimir,wiki.leagueoflegends.com,WIKI_UNIVERSE,OFFICIAL_COMMUNITY_REFERENCE,MAIN_RUNETERRA,CURRENT_OR_REVIEW,UNFETCHED,,Use primary Riot text as highest-priority evidence; Wiki should point back to underlying Riot sources.
src:wiki-data:vladimir,char:vladimir,CHAMPION,Vladimir — WIKI_REFERENCE,https://wiki.leagueoflegends.com/en-us/Template%3AData_Vladimir,wiki.leagueoflegends.com,WIKI_REFERENCE,OFFICIAL_COMMUNITY_REFERENCE,MAIN_RUNETERRA,CURRENT_OR_REVIEW,UNFETCHED,,Use primary Riot text as highest-priority evidence; Wiki should point back to underlying Riot sources.
src:ddragon:vladimir,char:vladimir,CHAMPION,Vladimir — DATA_DRAGON,https://ddragon.leagueoflegends.com/cdn/16.18.1/data/en_US/champion/Vladimir.json,ddragon.leagueoflegends.com,DATA_DRAGON,PRIMARY_OFFICIAL_STATIC,MAIN_RUNETERRA,CURRENT_OR_REVIEW,UNFETCHED,,Use primary Riot text as highest-priority evidence; Wiki should point back to underlying Riot sources.
src:riot-bio:volibear,char:volibear,CHAMPION,Volibear — CHAMPION_BIO,https://www.leagueoflegends.com/en-us/champions/volibear/,www.leagueoflegends.com,CHAMPION_BIO,PRIMARY_OFFICIAL,MAIN_RUNETERRA,CURRENT_OR_REVIEW,UNFETCHED,,Use primary Riot text as highest-priority evidence; Wiki should point back to underlying Riot sources.
src:wiki-universe:volibear,char:volibear,CHAMPION,Volibear — WIKI_UNIVERSE,https://wiki.leagueoflegends.com/en-us/Universe%3AVolibear,wiki.leagueoflegends.com,WIKI_UNIVERSE,OFFICIAL_COMMUNITY_REFERENCE,MAIN_RUNETERRA,CURRENT_OR_REVIEW,UNFETCHED,,Use primary Riot text as highest-priority evidence; Wiki should point back to underlying Riot sources.
src:wiki-data:volibear,char:volibear,CHAMPION,Volibear — WIKI_REFERENCE,https://wiki.leagueoflegends.com/en-us/Template%3AData_Volibear,wiki.leagueoflegends.com,WIKI_REFERENCE,OFFICIAL_COMMUNITY_REFERENCE,MAIN_RUNETERRA,CURRENT_OR_REVIEW,UNFETCHED,,Use primary Riot text as highest-priority evidence; Wiki should point back to underlying Riot sources.
src:ddragon:volibear,char:volibear,CHAMPION,Volibear — DATA_DRAGON,https://ddragon.leagueoflegends.com/cdn/16.18.1/data/en_US/champion/Volibear.json,ddragon.leagueoflegends.com,DATA_DRAGON,PRIMARY_OFFICIAL_STATIC,MAIN_RUNETERRA,CURRENT_OR_REVIEW,UNFETCHED,,Use primary Riot text as highest-priority evidence; Wiki should point back to underlying Riot sources.
src:riot-bio:warwick,char:warwick,CHAMPION,Warwick — CHAMPION_BIO,https://www.leagueoflegends.com/en-us/champions/warwick/,www.leagueoflegends.com,CHAMPION_BIO,PRIMARY_OFFICIAL,MAIN_RUNETERRA,CURRENT_OR_REVIEW,UNFETCHED,,Use primary Riot text as highest-priority evidence; Wiki should point back to underlying Riot sources.
src:wiki-universe:warwick,char:warwick,CHAMPION,Warwick — WIKI_UNIVERSE,https://wiki.leagueoflegends.com/en-us/Universe%3AWarwick,wiki.leagueoflegends.com,WIKI_UNIVERSE,OFFICIAL_COMMUNITY_REFERENCE,MAIN_RUNETERRA,CURRENT_OR_REVIEW,UNFETCHED,,Use primary Riot text as highest-priority evidence; Wiki should point back to underlying Riot sources.
src:wiki-data:warwick,char:warwick,CHAMPION,Warwick — WIKI_REFERENCE,https://wiki.leagueoflegends.com/en-us/Template%3AData_Warwick,wiki.leagueoflegends.com,WIKI_REFERENCE,OFFICIAL_COMMUNITY_REFERENCE,MAIN_RUNETERRA,CURRENT_OR_REVIEW,UNFETCHED,,Use primary Riot text as highest-priority evidence; Wiki should point back to underlying Riot sources.
src:ddragon:warwick,char:warwick,CHAMPION,Warwick — DATA_DRAGON,https://ddragon.leagueoflegends.com/cdn/16.18.1/data/en_US/champion/Warwick.json,ddragon.leagueoflegends.com,DATA_DRAGON,PRIMARY_OFFICIAL_STATIC,MAIN_RUNETERRA,CURRENT_OR_REVIEW,UNFETCHED,,Use primary Riot text as highest-priority evidence; Wiki should point back to underlying Riot sources.
src:riot-bio:wukong,char:wukong,CHAMPION,Wukong — CHAMPION_BIO,https://www.leagueoflegends.com/en-us/champions/wukong/,www.leagueoflegends.com,CHAMPION_BIO,PRIMARY_OFFICIAL,MAIN_RUNETERRA,CURRENT_OR_REVIEW,UNFETCHED,,Use primary Riot text as highest-priority evidence; Wiki should point back to underlying Riot sources.
src:wiki-universe:wukong,char:wukong,CHAMPION,Wukong — WIKI_UNIVERSE,https://wiki.leagueoflegends.com/en-us/Universe%3AWukong,wiki.leagueoflegends.com,WIKI_UNIVERSE,OFFICIAL_COMMUNITY_REFERENCE,MAIN_RUNETERRA,CURRENT_OR_REVIEW,UNFETCHED,,Use primary Riot text as highest-priority evidence; Wiki should point back to underlying Riot sources.
src:wiki-data:wukong,char:wukong,CHAMPION,Wukong — WIKI_REFERENCE,https://wiki.leagueoflegends.com/en-us/Template%3AData_Wukong,wiki.leagueoflegends.com,WIKI_REFERENCE,OFFICIAL_COMMUNITY_REFERENCE,MAIN_RUNETERRA,CURRENT_OR_REVIEW,UNFETCHED,,Use primary Riot text as highest-priority evidence; Wiki should point back to underlying Riot sources.
src:ddragon:wukong,char:wukong,CHAMPION,Wukong — DATA_DRAGON,https://ddragon.leagueoflegends.com/cdn/16.18.1/data/en_US/champion/MonkeyKing.json,ddragon.leagueoflegends.com,DATA_DRAGON,PRIMARY_OFFICIAL_STATIC,MAIN_RUNETERRA,CURRENT_OR_REVIEW,UNFETCHED,,Use primary Riot text as highest-priority evidence; Wiki should point back to underlying Riot sources.
src:riot-bio:xayah,char:xayah,CHAMPION,Xayah — CHAMPION_BIO,https://www.leagueoflegends.com/en-us/champions/xayah/,www.leagueoflegends.com,CHAMPION_BIO,PRIMARY_OFFICIAL,MAIN_RUNETERRA,CURRENT_OR_REVIEW,UNFETCHED,,Use primary Riot text as highest-priority evidence; Wiki should point back to underlying Riot sources.
src:wiki-universe:xayah,char:xayah,CHAMPION,Xayah — WIKI_UNIVERSE,https://wiki.leagueoflegends.com/en-us/Universe%3AXayah,wiki.leagueoflegends.com,WIKI_UNIVERSE,OFFICIAL_COMMUNITY_REFERENCE,MAIN_RUNETERRA,CURRENT_OR_REVIEW,UNFETCHED,,Use primary Riot text as highest-priority evidence; Wiki should point back to underlying Riot sources.
src:wiki-data:xayah,char:xayah,CHAMPION,Xayah — WIKI_REFERENCE,https://wiki.leagueoflegends.com/en-us/Template%3AData_Xayah,wiki.leagueoflegends.com,WIKI_REFERENCE,OFFICIAL_COMMUNITY_REFERENCE,MAIN_RUNETERRA,CURRENT_OR_REVIEW,UNFETCHED,,Use primary Riot text as highest-priority evidence; Wiki should point back to underlying Riot sources.
src:ddragon:xayah,char:xayah,CHAMPION,Xayah — DATA_DRAGON,https://ddragon.leagueoflegends.com/cdn/16.18.1/data/en_US/champion/Xayah.json,ddragon.leagueoflegends.com,DATA_DRAGON,PRIMARY_OFFICIAL_STATIC,MAIN_RUNETERRA,CURRENT_OR_REVIEW,UNFETCHED,,Use primary Riot text as highest-priority evidence; Wiki should point back to underlying Riot sources.
src:riot-bio:xerath,char:xerath,CHAMPION,Xerath — CHAMPION_BIO,https://www.leagueoflegends.com/en-us/champions/xerath/,www.leagueoflegends.com,CHAMPION_BIO,PRIMARY_OFFICIAL,MAIN_RUNETERRA,CURRENT_OR_REVIEW,UNFETCHED,,Use primary Riot text as highest-priority evidence; Wiki should point back to underlying Riot sources.
src:wiki-universe:xerath,char:xerath,CHAMPION,Xerath — WIKI_UNIVERSE,https://wiki.leagueoflegends.com/en-us/Universe%3AXerath,wiki.leagueoflegends.com,WIKI_UNIVERSE,OFFICIAL_COMMUNITY_REFERENCE,MAIN_RUNETERRA,CURRENT_OR_REVIEW,UNFETCHED,,Use primary Riot text as highest-priority evidence; Wiki should point back to underlying Riot sources.
src:wiki-data:xerath,char:xerath,CHAMPION,Xerath — WIKI_REFERENCE,https://wiki.leagueoflegends.com/en-us/Template%3AData_Xerath,wiki.leagueoflegends.com,WIKI_REFERENCE,OFFICIAL_COMMUNITY_REFERENCE,MAIN_RUNETERRA,CURRENT_OR_REVIEW,UNFETCHED,,Use primary Riot text as highest-priority evidence; Wiki should point back to underlying Riot sources.
src:ddragon:xerath,char:xerath,CHAMPION,Xerath — DATA_DRAGON,https://ddragon.leagueoflegends.com/cdn/16.18.1/data/en_US/champion/Xerath.json,ddragon.leagueoflegends.com,DATA_DRAGON,PRIMARY_OFFICIAL_STATIC,MAIN_RUNETERRA,CURRENT_OR_REVIEW,UNFETCHED,,Use primary Riot text as highest-priority evidence; Wiki should point back to underlying Riot sources.
src:riot-bio:xin-zhao,char:xin-zhao,CHAMPION,Xin Zhao — CHAMPION_BIO,https://www.leagueoflegends.com/en-us/champions/xin-zhao/,www.leagueoflegends.com,CHAMPION_BIO,PRIMARY_OFFICIAL,MAIN_RUNETERRA,CURRENT_OR_REVIEW,UNFETCHED,,Use primary Riot text as highest-priority evidence; Wiki should point back to underlying Riot sources.
src:wiki-universe:xin-zhao,char:xin-zhao,CHAMPION,Xin Zhao — WIKI_UNIVERSE,https://wiki.leagueoflegends.com/en-us/Universe%3AXin_Zhao,wiki.leagueoflegends.com,WIKI_UNIVERSE,OFFICIAL_COMMUNITY_REFERENCE,MAIN_RUNETERRA,CURRENT_OR_REVIEW,UNFETCHED,,Use primary Riot text as highest-priority evidence; Wiki should point back to underlying Riot sources.
src:wiki-data:xin-zhao,char:xin-zhao,CHAMPION,Xin Zhao — WIKI_REFERENCE,https://wiki.leagueoflegends.com/en-us/Template%3AData_Xin_Zhao,wiki.leagueoflegends.com,WIKI_REFERENCE,OFFICIAL_COMMUNITY_REFERENCE,MAIN_RUNETERRA,CURRENT_OR_REVIEW,UNFETCHED,,Use primary Riot text as highest-priority evidence; Wiki should point back to underlying Riot sources.
src:ddragon:xin-zhao,char:xin-zhao,CHAMPION,Xin Zhao — DATA_DRAGON,https://ddragon.leagueoflegends.com/cdn/16.18.1/data/en_US/champion/XinZhao.json,ddragon.leagueoflegends.com,DATA_DRAGON,PRIMARY_OFFICIAL_STATIC,MAIN_RUNETERRA,CURRENT_OR_REVIEW,UNFETCHED,,Use primary Riot text as highest-priority evidence; Wiki should point back to underlying Riot sources.
src:riot-bio:yasuo,char:yasuo,CHAMPION,Yasuo — CHAMPION_BIO,https://www.leagueoflegends.com/en-us/champions/yasuo/,www.leagueoflegends.com,CHAMPION_BIO,PRIMARY_OFFICIAL,MAIN_RUNETERRA,CURRENT_OR_REVIEW,UNFETCHED,,Use primary Riot text as highest-priority evidence; Wiki should point back to underlying Riot sources.
src:wiki-universe:yasuo,char:yasuo,CHAMPION,Yasuo — WIKI_UNIVERSE,https://wiki.leagueoflegends.com/en-us/Universe%3AYasuo,wiki.leagueoflegends.com,WIKI_UNIVERSE,OFFICIAL_COMMUNITY_REFERENCE,MAIN_RUNETERRA,CURRENT_OR_REVIEW,UNFETCHED,,Use primary Riot text as highest-priority evidence; Wiki should point back to underlying Riot sources.
src:wiki-data:yasuo,char:yasuo,CHAMPION,Yasuo — WIKI_REFERENCE,https://wiki.leagueoflegends.com/en-us/Template%3AData_Yasuo,wiki.leagueoflegends.com,WIKI_REFERENCE,OFFICIAL_COMMUNITY_REFERENCE,MAIN_RUNETERRA,CURRENT_OR_REVIEW,UNFETCHED,,Use primary Riot text as highest-priority evidence; Wiki should point back to underlying Riot sources.
src:ddragon:yasuo,char:yasuo,CHAMPION,Yasuo — DATA_DRAGON,https://ddragon.leagueoflegends.com/cdn/16.18.1/data/en_US/champion/Yasuo.json,ddragon.leagueoflegends.com,DATA_DRAGON,PRIMARY_OFFICIAL_STATIC,MAIN_RUNETERRA,CURRENT_OR_REVIEW,UNFETCHED,,Use primary Riot text as highest-priority evidence; Wiki should point back to underlying Riot sources.
src:riot-bio:yone,char:yone,CHAMPION,Yone — CHAMPION_BIO,https://www.leagueoflegends.com/en-us/champions/yone/,www.leagueoflegends.com,CHAMPION_BIO,PRIMARY_OFFICIAL,MAIN_RUNETERRA,CURRENT_OR_REVIEW,UNFETCHED,,Use primary Riot text as highest-priority evidence; Wiki should point back to underlying Riot sources.
src:wiki-universe:yone,char:yone,CHAMPION,Yone — WIKI_UNIVERSE,https://wiki.leagueoflegends.com/en-us/Universe%3AYone,wiki.leagueoflegends.com,WIKI_UNIVERSE,OFFICIAL_COMMUNITY_REFERENCE,MAIN_RUNETERRA,CURRENT_OR_REVIEW,UNFETCHED,,Use primary Riot text as highest-priority evidence; Wiki should point back to underlying Riot sources.
src:wiki-data:yone,char:yone,CHAMPION,Yone — WIKI_REFERENCE,https://wiki.leagueoflegends.com/en-us/Template%3AData_Yone,wiki.leagueoflegends.com,WIKI_REFERENCE,OFFICIAL_COMMUNITY_REFERENCE,MAIN_RUNETERRA,CURRENT_OR_REVIEW,UNFETCHED,,Use primary Riot text as highest-priority evidence; Wiki should point back to underlying Riot sources.
src:ddragon:yone,char:yone,CHAMPION,Yone — DATA_DRAGON,https://ddragon.leagueoflegends.com/cdn/16.18.1/data/en_US/champion/Yone.json,ddragon.leagueoflegends.com,DATA_DRAGON,PRIMARY_OFFICIAL_STATIC,MAIN_RUNETERRA,CURRENT_OR_REVIEW,UNFETCHED,,Use primary Riot text as highest-priority evidence; Wiki should point back to underlying Riot sources.
src:riot-bio:yorick,char:yorick,CHAMPION,Yorick — CHAMPION_BIO,https://www.leagueoflegends.com/en-us/champions/yorick/,www.leagueoflegends.com,CHAMPION_BIO,PRIMARY_OFFICIAL,MAIN_RUNETERRA,CURRENT_OR_REVIEW,UNFETCHED,,Use primary Riot text as highest-priority evidence; Wiki should point back to underlying Riot sources.
src:wiki-universe:yorick,char:yorick,CHAMPION,Yorick — WIKI_UNIVERSE,https://wiki.leagueoflegends.com/en-us/Universe%3AYorick,wiki.leagueoflegends.com,WIKI_UNIVERSE,OFFICIAL_COMMUNITY_REFERENCE,MAIN_RUNETERRA,CURRENT_OR_REVIEW,UNFETCHED,,Use primary Riot text as highest-priority evidence; Wiki should point back to underlying Riot sources.
src:wiki-data:yorick,char:yorick,CHAMPION,Yorick — WIKI_REFERENCE,https://wiki.leagueoflegends.com/en-us/Template%3AData_Yorick,wiki.leagueoflegends.com,WIKI_REFERENCE,OFFICIAL_COMMUNITY_REFERENCE,MAIN_RUNETERRA,CURRENT_OR_REVIEW,UNFETCHED,,Use primary Riot text as highest-priority evidence; Wiki should point back to underlying Riot sources.
src:ddragon:yorick,char:yorick,CHAMPION,Yorick — DATA_DRAGON,https://ddragon.leagueoflegends.com/cdn/16.18.1/data/en_US/champion/Yorick.json,ddragon.leagueoflegends.com,DATA_DRAGON,PRIMARY_OFFICIAL_STATIC,MAIN_RUNETERRA,CURRENT_OR_REVIEW,UNFETCHED,,Use primary Riot text as highest-priority evidence; Wiki should point back to underlying Riot sources.
src:riot-bio:yunara,char:yunara,CHAMPION,Yunara — CHAMPION_BIO,https://www.leagueoflegends.com/en-us/champions/yunara/,www.leagueoflegends.com,CHAMPION_BIO,PRIMARY_OFFICIAL,MAIN_RUNETERRA,CURRENT_OR_REVIEW,VERIFIED,2026-09-16,Use primary Riot text as highest-priority evidence; Wiki should point back to underlying Riot sources.
src:wiki-universe:yunara,char:yunara,CHAMPION,Yunara — WIKI_UNIVERSE,https://wiki.leagueoflegends.com/en-us/Universe%3AYunara,wiki.leagueoflegends.com,WIKI_UNIVERSE,OFFICIAL_COMMUNITY_REFERENCE,MAIN_RUNETERRA,CURRENT_OR_REVIEW,UNFETCHED,,Use primary Riot text as highest-priority evidence; Wiki should point back to underlying Riot sources.
src:wiki-data:yunara,char:yunara,CHAMPION,Yunara — WIKI_REFERENCE,https://wiki.leagueoflegends.com/en-us/Template%3AData_Yunara,wiki.leagueoflegends.com,WIKI_REFERENCE,OFFICIAL_COMMUNITY_REFERENCE,MAIN_RUNETERRA,CURRENT_OR_REVIEW,UNFETCHED,,Use primary Riot text as highest-priority evidence; Wiki should point back to underlying Riot sources.
src:ddragon:yunara,char:yunara,CHAMPION,Yunara — DATA_DRAGON,https://ddragon.leagueoflegends.com/cdn/16.18.1/data/en_US/champion/Yunara.json,ddragon.leagueoflegends.com,DATA_DRAGON,PRIMARY_OFFICIAL_STATIC,MAIN_RUNETERRA,CURRENT_OR_REVIEW,UNFETCHED,,Use primary Riot text as highest-priority evidence; Wiki should point back to underlying Riot sources.
src:riot-bio:yuumi,char:yuumi,CHAMPION,Yuumi — CHAMPION_BIO,https://www.leagueoflegends.com/en-us/champions/yuumi/,www.leagueoflegends.com,CHAMPION_BIO,PRIMARY_OFFICIAL,MAIN_RUNETERRA,CURRENT_OR_REVIEW,UNFETCHED,,Use primary Riot text as highest-priority evidence; Wiki should point back to underlying Riot sources.
src:wiki-universe:yuumi,char:yuumi,CHAMPION,Yuumi — WIKI_UNIVERSE,https://wiki.leagueoflegends.com/en-us/Universe%3AYuumi,wiki.leagueoflegends.com,WIKI_UNIVERSE,OFFICIAL_COMMUNITY_REFERENCE,MAIN_RUNETERRA,CURRENT_OR_REVIEW,UNFETCHED,,Use primary Riot text as highest-priority evidence; Wiki should point back to underlying Riot sources.
src:wiki-data:yuumi,char:yuumi,CHAMPION,Yuumi — WIKI_REFERENCE,https://wiki.leagueoflegends.com/en-us/Template%3AData_Yuumi,wiki.leagueoflegends.com,WIKI_REFERENCE,OFFICIAL_COMMUNITY_REFERENCE,MAIN_RUNETERRA,CURRENT_OR_REVIEW,UNFETCHED,,Use primary Riot text as highest-priority evidence; Wiki should point back to underlying Riot sources.
src:ddragon:yuumi,char:yuumi,CHAMPION,Yuumi — DATA_DRAGON,https://ddragon.leagueoflegends.com/cdn/16.18.1/data/en_US/champion/Yuumi.json,ddragon.leagueoflegends.com,DATA_DRAGON,PRIMARY_OFFICIAL_STATIC,MAIN_RUNETERRA,CURRENT_OR_REVIEW,UNFETCHED,,Use primary Riot text as highest-priority evidence; Wiki should point back to underlying Riot sources.
src:riot-bio:zaahen,char:zaahen,CHAMPION,Zaahen — CHAMPION_BIO,https://www.leagueoflegends.com/en-us/champions/zaahen/,www.leagueoflegends.com,CHAMPION_BIO,PRIMARY_OFFICIAL,MAIN_RUNETERRA,CURRENT_OR_REVIEW,VERIFIED,2026-09-16,Use primary Riot text as highest-priority evidence; Wiki should point back to underlying Riot sources.
src:wiki-universe:zaahen,char:zaahen,CHAMPION,Zaahen — WIKI_UNIVERSE,https://wiki.leagueoflegends.com/en-us/Universe%3AZaahen,wiki.leagueoflegends.com,WIKI_UNIVERSE,OFFICIAL_COMMUNITY_REFERENCE,MAIN_RUNETERRA,CURRENT_OR_REVIEW,UNFETCHED,,Use primary Riot text as highest-priority evidence; Wiki should point back to underlying Riot sources.
src:wiki-data:zaahen,char:zaahen,CHAMPION,Zaahen — WIKI_REFERENCE,https://wiki.leagueoflegends.com/en-us/Template%3AData_Zaahen,wiki.leagueoflegends.com,WIKI_REFERENCE,OFFICIAL_COMMUNITY_REFERENCE,MAIN_RUNETERRA,CURRENT_OR_REVIEW,UNFETCHED,,Use primary Riot text as highest-priority evidence; Wiki should point back to underlying Riot sources.
src:ddragon:zaahen,char:zaahen,CHAMPION,Zaahen — DATA_DRAGON,https://ddragon.leagueoflegends.com/cdn/16.18.1/data/en_US/champion/Zaahen.json,ddragon.leagueoflegends.com,DATA_DRAGON,PRIMARY_OFFICIAL_STATIC,MAIN_RUNETERRA,CURRENT_OR_REVIEW,UNFETCHED,,Use primary Riot text as highest-priority evidence; Wiki should point back to underlying Riot sources.
src:riot-bio:zac,char:zac,CHAMPION,Zac — CHAMPION_BIO,https://www.leagueoflegends.com/en-us/champions/zac/,www.leagueoflegends.com,CHAMPION_BIO,PRIMARY_OFFICIAL,MAIN_RUNETERRA,CURRENT_OR_REVIEW,UNFETCHED,,Use primary Riot text as highest-priority evidence; Wiki should point back to underlying Riot sources.
src:wiki-universe:zac,char:zac,CHAMPION,Zac — WIKI_UNIVERSE,https://wiki.leagueoflegends.com/en-us/Universe%3AZac,wiki.leagueoflegends.com,WIKI_UNIVERSE,OFFICIAL_COMMUNITY_REFERENCE,MAIN_RUNETERRA,CURRENT_OR_REVIEW,UNFETCHED,,Use primary Riot text as highest-priority evidence; Wiki should point back to underlying Riot sources.
src:wiki-data:zac,char:zac,CHAMPION,Zac — WIKI_REFERENCE,https://wiki.leagueoflegends.com/en-us/Template%3AData_Zac,wiki.leagueoflegends.com,WIKI_REFERENCE,OFFICIAL_COMMUNITY_REFERENCE,MAIN_RUNETERRA,CURRENT_OR_REVIEW,UNFETCHED,,Use primary Riot text as highest-priority evidence; Wiki should point back to underlying Riot sources.
src:ddragon:zac,char:zac,CHAMPION,Zac — DATA_DRAGON,https://ddragon.leagueoflegends.com/cdn/16.18.1/data/en_US/champion/Zac.json,ddragon.leagueoflegends.com,DATA_DRAGON,PRIMARY_OFFICIAL_STATIC,MAIN_RUNETERRA,CURRENT_OR_REVIEW,UNFETCHED,,Use primary Riot text as highest-priority evidence; Wiki should point back to underlying Riot sources.
src:riot-bio:zed,char:zed,CHAMPION,Zed — CHAMPION_BIO,https://www.leagueoflegends.com/en-us/champions/zed/,www.leagueoflegends.com,CHAMPION_BIO,PRIMARY_OFFICIAL,MAIN_RUNETERRA,CURRENT_OR_REVIEW,UNFETCHED,,Use primary Riot text as highest-priority evidence; Wiki should point back to underlying Riot sources.
src:wiki-universe:zed,char:zed,CHAMPION,Zed — WIKI_UNIVERSE,https://wiki.leagueoflegends.com/en-us/Universe%3AZed,wiki.leagueoflegends.com,WIKI_UNIVERSE,OFFICIAL_COMMUNITY_REFERENCE,MAIN_RUNETERRA,CURRENT_OR_REVIEW,UNFETCHED,,Use primary Riot text as highest-priority evidence; Wiki should point back to underlying Riot sources.
src:wiki-data:zed,char:zed,CHAMPION,Zed — WIKI_REFERENCE,https://wiki.leagueoflegends.com/en-us/Template%3AData_Zed,wiki.leagueoflegends.com,WIKI_REFERENCE,OFFICIAL_COMMUNITY_REFERENCE,MAIN_RUNETERRA,CURRENT_OR_REVIEW,UNFETCHED,,Use primary Riot text as highest-priority evidence; Wiki should point back to underlying Riot sources.
src:ddragon:zed,char:zed,CHAMPION,Zed — DATA_DRAGON,https://ddragon.leagueoflegends.com/cdn/16.18.1/data/en_US/champion/Zed.json,ddragon.leagueoflegends.com,DATA_DRAGON,PRIMARY_OFFICIAL_STATIC,MAIN_RUNETERRA,CURRENT_OR_REVIEW,UNFETCHED,,Use primary Riot text as highest-priority evidence; Wiki should point back to underlying Riot sources.
src:riot-bio:zeri,char:zeri,CHAMPION,Zeri — CHAMPION_BIO,https://www.leagueoflegends.com/en-us/champions/zeri/,www.leagueoflegends.com,CHAMPION_BIO,PRIMARY_OFFICIAL,MAIN_RUNETERRA,CURRENT_OR_REVIEW,UNFETCHED,,Use primary Riot text as highest-priority evidence; Wiki should point back to underlying Riot sources.
src:wiki-universe:zeri,char:zeri,CHAMPION,Zeri — WIKI_UNIVERSE,https://wiki.leagueoflegends.com/en-us/Universe%3AZeri,wiki.leagueoflegends.com,WIKI_UNIVERSE,OFFICIAL_COMMUNITY_REFERENCE,MAIN_RUNETERRA,CURRENT_OR_REVIEW,UNFETCHED,,Use primary Riot text as highest-priority evidence; Wiki should point back to underlying Riot sources.
src:wiki-data:zeri,char:zeri,CHAMPION,Zeri — WIKI_REFERENCE,https://wiki.leagueoflegends.com/en-us/Template%3AData_Zeri,wiki.leagueoflegends.com,WIKI_REFERENCE,OFFICIAL_COMMUNITY_REFERENCE,MAIN_RUNETERRA,CURRENT_OR_REVIEW,UNFETCHED,,Use primary Riot text as highest-priority evidence; Wiki should point back to underlying Riot sources.
src:ddragon:zeri,char:zeri,CHAMPION,Zeri — DATA_DRAGON,https://ddragon.leagueoflegends.com/cdn/16.18.1/data/en_US/champion/Zeri.json,ddragon.leagueoflegends.com,DATA_DRAGON,PRIMARY_OFFICIAL_STATIC,MAIN_RUNETERRA,CURRENT_OR_REVIEW,UNFETCHED,,Use primary Riot text as highest-priority evidence; Wiki should point back to underlying Riot sources.
src:riot-bio:ziggs,char:ziggs,CHAMPION,Ziggs — CHAMPION_BIO,https://www.leagueoflegends.com/en-us/champions/ziggs/,www.leagueoflegends.com,CHAMPION_BIO,PRIMARY_OFFICIAL,MAIN_RUNETERRA,CURRENT_OR_REVIEW,UNFETCHED,,Use primary Riot text as highest-priority evidence; Wiki should point back to underlying Riot sources.
src:wiki-universe:ziggs,char:ziggs,CHAMPION,Ziggs — WIKI_UNIVERSE,https://wiki.leagueoflegends.com/en-us/Universe%3AZiggs,wiki.leagueoflegends.com,WIKI_UNIVERSE,OFFICIAL_COMMUNITY_REFERENCE,MAIN_RUNETERRA,CURRENT_OR_REVIEW,UNFETCHED,,Use primary Riot text as highest-priority evidence; Wiki should point back to underlying Riot sources.
src:wiki-data:ziggs,char:ziggs,CHAMPION,Ziggs — WIKI_REFERENCE,https://wiki.leagueoflegends.com/en-us/Template%3AData_Ziggs,wiki.leagueoflegends.com,WIKI_REFERENCE,OFFICIAL_COMMUNITY_REFERENCE,MAIN_RUNETERRA,CURRENT_OR_REVIEW,UNFETCHED,,Use primary Riot text as highest-priority evidence; Wiki should point back to underlying Riot sources.
src:ddragon:ziggs,char:ziggs,CHAMPION,Ziggs — DATA_DRAGON,https://ddragon.leagueoflegends.com/cdn/16.18.1/data/en_US/champion/Ziggs.json,ddragon.leagueoflegends.com,DATA_DRAGON,PRIMARY_OFFICIAL_STATIC,MAIN_RUNETERRA,CURRENT_OR_REVIEW,UNFETCHED,,Use primary Riot text as highest-priority evidence; Wiki should point back to underlying Riot sources.
src:riot-bio:zilean,char:zilean,CHAMPION,Zilean — CHAMPION_BIO,https://www.leagueoflegends.com/en-us/champions/zilean/,www.leagueoflegends.com,CHAMPION_BIO,PRIMARY_OFFICIAL,MAIN_RUNETERRA,CURRENT_OR_REVIEW,UNFETCHED,,Use primary Riot text as highest-priority evidence; Wiki should point back to underlying Riot sources.
src:wiki-universe:zilean,char:zilean,CHAMPION,Zilean — WIKI_UNIVERSE,https://wiki.leagueoflegends.com/en-us/Universe%3AZilean,wiki.leagueoflegends.com,WIKI_UNIVERSE,OFFICIAL_COMMUNITY_REFERENCE,MAIN_RUNETERRA,CURRENT_OR_REVIEW,UNFETCHED,,Use primary Riot text as highest-priority evidence; Wiki should point back to underlying Riot sources.
src:wiki-data:zilean,char:zilean,CHAMPION,Zilean — WIKI_REFERENCE,https://wiki.leagueoflegends.com/en-us/Template%3AData_Zilean,wiki.leagueoflegends.com,WIKI_REFERENCE,OFFICIAL_COMMUNITY_REFERENCE,MAIN_RUNETERRA,CURRENT_OR_REVIEW,UNFETCHED,,Use primary Riot text as highest-priority evidence; Wiki should point back to underlying Riot sources.
src:ddragon:zilean,char:zilean,CHAMPION,Zilean — DATA_DRAGON,https://ddragon.leagueoflegends.com/cdn/16.18.1/data/en_US/champion/Zilean.json,ddragon.leagueoflegends.com,DATA_DRAGON,PRIMARY_OFFICIAL_STATIC,MAIN_RUNETERRA,CURRENT_OR_REVIEW,UNFETCHED,,Use primary Riot text as highest-priority evidence; Wiki should point back to underlying Riot sources.
src:riot-bio:zoe,char:zoe,CHAMPION,Zoe — CHAMPION_BIO,https://www.leagueoflegends.com/en-us/champions/zoe/,www.leagueoflegends.com,CHAMPION_BIO,PRIMARY_OFFICIAL,MAIN_RUNETERRA,CURRENT_OR_REVIEW,UNFETCHED,,Use primary Riot text as highest-priority evidence; Wiki should point back to underlying Riot sources.
src:wiki-universe:zoe,char:zoe,CHAMPION,Zoe — WIKI_UNIVERSE,https://wiki.leagueoflegends.com/en-us/Universe%3AZoe,wiki.leagueoflegends.com,WIKI_UNIVERSE,OFFICIAL_COMMUNITY_REFERENCE,MAIN_RUNETERRA,CURRENT_OR_REVIEW,UNFETCHED,,Use primary Riot text as highest-priority evidence; Wiki should point back to underlying Riot sources.
src:wiki-data:zoe,char:zoe,CHAMPION,Zoe — WIKI_REFERENCE,https://wiki.leagueoflegends.com/en-us/Template%3AData_Zoe,wiki.leagueoflegends.com,WIKI_REFERENCE,OFFICIAL_COMMUNITY_REFERENCE,MAIN_RUNETERRA,CURRENT_OR_REVIEW,UNFETCHED,,Use primary Riot text as highest-priority evidence; Wiki should point back to underlying Riot sources.
src:ddragon:zoe,char:zoe,CHAMPION,Zoe — DATA_DRAGON,https://ddragon.leagueoflegends.com/cdn/16.18.1/data/en_US/champion/Zoe.json,ddragon.leagueoflegends.com,DATA_DRAGON,PRIMARY_OFFICIAL_STATIC,MAIN_RUNETERRA,CURRENT_OR_REVIEW,UNFETCHED,,Use primary Riot text as highest-priority evidence; Wiki should point back to underlying Riot sources.
src:riot-bio:zyra,char:zyra,CHAMPION,Zyra — CHAMPION_BIO,https://www.leagueoflegends.com/en-us/champions/zyra/,www.leagueoflegends.com,CHAMPION_BIO,PRIMARY_OFFICIAL,MAIN_RUNETERRA,CURRENT_OR_REVIEW,UNFETCHED,,Use primary Riot text as highest-priority evidence; Wiki should point back to underlying Riot sources.
src:wiki-universe:zyra,char:zyra,CHAMPION,Zyra — WIKI_UNIVERSE,https://wiki.leagueoflegends.com/en-us/Universe%3AZyra,wiki.leagueoflegends.com,WIKI_UNIVERSE,OFFICIAL_COMMUNITY_REFERENCE,MAIN_RUNETERRA,CURRENT_OR_REVIEW,UNFETCHED,,Use primary Riot text as highest-priority evidence; Wiki should point back to underlying Riot sources.
src:wiki-data:zyra,char:zyra,CHAMPION,Zyra — WIKI_REFERENCE,https://wiki.leagueoflegends.com/en-us/Template%3AData_Zyra,wiki.leagueoflegends.com,WIKI_REFERENCE,OFFICIAL_COMMUNITY_REFERENCE,MAIN_RUNETERRA,CURRENT_OR_REVIEW,UNFETCHED,,Use primary Riot text as highest-priority evidence; Wiki should point back to underlying Riot sources.
src:ddragon:zyra,char:zyra,CHAMPION,Zyra — DATA_DRAGON,https://ddragon.leagueoflegends.com/cdn/16.18.1/data/en_US/champion/Zyra.json,ddragon.leagueoflegends.com,DATA_DRAGON,PRIMARY_OFFICIAL_STATIC,MAIN_RUNETERRA,CURRENT_OR_REVIEW,UNFETCHED,,Use primary Riot text as highest-priority evidence; Wiki should point back to underlying Riot sources.
src:wiki-event:creation-universe,event:creation-universe,EVENT,Creation of the Universe,https://wiki.leagueoflegends.com/en-us/Universe%3ACreation_of_the_Universe,wiki.leagueoflegends.com,WIKI_UNIVERSE,OFFICIAL_COMMUNITY_REFERENCE,MAIN_RUNETERRA,CURRENT_OR_REVIEW,DISCOVERED,2026-09-16,Event reference seed. Follow citations to primary Riot material.
src:wiki-event:formation-runeterra,event:formation-runeterra,EVENT,Formation of Runeterra,https://wiki.leagueoflegends.com/en-us/Universe%3AFormation_of_Runeterra,wiki.leagueoflegends.com,WIKI_UNIVERSE,OFFICIAL_COMMUNITY_REFERENCE,MAIN_RUNETERRA,CURRENT_OR_REVIEW,DISCOVERED,2026-09-16,Event reference seed. Follow citations to primary Riot material.
src:wiki-event:titan-war,event:titan-war,EVENT,Titan War,https://wiki.leagueoflegends.com/en-us/Universe%3ATitan_War,wiki.leagueoflegends.com,WIKI_UNIVERSE,OFFICIAL_COMMUNITY_REFERENCE,MAIN_RUNETERRA,CURRENT_OR_REVIEW,DISCOVERED,2026-09-16,Event reference seed. Follow citations to primary Riot material.
src:wiki-event:founding-freljord,event:founding-freljord,EVENT,Founding of the Freljord,https://wiki.leagueoflegends.com/en-us/Universe%3AFounding_of_the_Freljord,wiki.leagueoflegends.com,WIKI_UNIVERSE,OFFICIAL_COMMUNITY_REFERENCE,MAIN_RUNETERRA,CURRENT_OR_REVIEW,DISCOVERED,2026-09-16,Event reference seed. Follow citations to primary Riot material.
src:wiki-event:war-three-sisters,event:war-three-sisters,EVENT,War of the Three Sisters,https://wiki.leagueoflegends.com/en-us/Universe%3AWar_of_the_Three_Sisters,wiki.leagueoflegends.com,WIKI_UNIVERSE,OFFICIAL_COMMUNITY_REFERENCE,MAIN_RUNETERRA,CURRENT_OR_REVIEW,DISCOVERED,2026-09-16,Event reference seed. Follow citations to primary Riot material.
src:wiki-event:westward-migration,event:westward-migration,EVENT,Westward Migration,https://wiki.leagueoflegends.com/en-us/Universe%3AWestward_Migration,wiki.leagueoflegends.com,WIKI_UNIVERSE,OFFICIAL_COMMUNITY_REFERENCE,MAIN_RUNETERRA,CURRENT_OR_REVIEW,DISCOVERED,2026-09-16,Event reference seed. Follow citations to primary Riot material.
src:wiki-event:golden-age-shurima,event:golden-age-shurima,EVENT,Golden Age of Shurima,https://wiki.leagueoflegends.com/en-us/Universe%3AGolden_Age_of_Shurima,wiki.leagueoflegends.com,WIKI_UNIVERSE,OFFICIAL_COMMUNITY_REFERENCE,MAIN_RUNETERRA,CURRENT_OR_REVIEW,DISCOVERED,2026-09-16,Event reference seed. Follow citations to primary Riot material.
src:wiki-event:void-war,event:void-war,EVENT,Void War,https://wiki.leagueoflegends.com/en-us/Universe%3AVoid_War,wiki.leagueoflegends.com,WIKI_UNIVERSE,OFFICIAL_COMMUNITY_REFERENCE,MAIN_RUNETERRA,CURRENT_OR_REVIEW,DISCOVERED,2026-09-16,Event reference seed. Follow citations to primary Riot material.
src:wiki-event:fall-shurima,event:fall-shurima,EVENT,Fall of Shurima,https://wiki.leagueoflegends.com/en-us/Universe%3AFall_of_Shurima,wiki.leagueoflegends.com,WIKI_UNIVERSE,OFFICIAL_COMMUNITY_REFERENCE,MAIN_RUNETERRA,CURRENT_OR_REVIEW,DISCOVERED,2026-09-16,Event reference seed. Follow citations to primary Riot material.
src:wiki-event:great-darkin-war,event:great-darkin-war,EVENT,Great Darkin War,https://wiki.leagueoflegends.com/en-us/Universe%3AGreat_Darkin_War,wiki.leagueoflegends.com,WIKI_UNIVERSE,OFFICIAL_COMMUNITY_REFERENCE,MAIN_RUNETERRA,CURRENT_OR_REVIEW,DISCOVERED,2026-09-16,Event reference seed. Follow citations to primary Riot material.
src:wiki-event:ruination-helia,event:ruination-helia,EVENT,Ruination of Helia,https://wiki.leagueoflegends.com/en-us/Universe%3ARuination,wiki.leagueoflegends.com,WIKI_UNIVERSE,OFFICIAL_COMMUNITY_REFERENCE,MAIN_RUNETERRA,CURRENT_OR_REVIEW,DISCOVERED,2026-09-16,Event reference seed. Follow citations to primary Riot material.
src:wiki-event:rune-wars,event:rune-wars,EVENT,Rune Wars,https://wiki.leagueoflegends.com/en-us/Universe%3ARune_Wars,wiki.leagueoflegends.com,WIKI_UNIVERSE,OFFICIAL_COMMUNITY_REFERENCE,MAIN_RUNETERRA,CURRENT_OR_REVIEW,DISCOVERED,2026-09-16,Event reference seed. Follow citations to primary Riot material.
src:wiki-event:resurgence-civilizations,event:resurgence-civilizations,EVENT,Resurgence of Civilizations,https://wiki.leagueoflegends.com/en-us/Universe%3AResurgence_of_Civilizations,wiki.leagueoflegends.com,WIKI_UNIVERSE,OFFICIAL_COMMUNITY_REFERENCE,MAIN_RUNETERRA,CURRENT_OR_REVIEW,DISCOVERED,2026-09-16,Event reference seed. Follow citations to primary Riot material.
src:wiki-event:first-demacia-noxus-war,event:first-demacia-noxus-war,EVENT,First Demacian-Noxian War,https://wiki.leagueoflegends.com/en-us/Universe%3AFirst_Demacian-Noxian_War,wiki.leagueoflegends.com,WIKI_UNIVERSE,OFFICIAL_COMMUNITY_REFERENCE,MAIN_RUNETERRA,CURRENT_OR_REVIEW,DISCOVERED,2026-09-16,Event reference seed. Follow citations to primary Riot material.
src:wiki-event:medarda-succession-war,event:medarda-succession-war,EVENT,Medardan Succession War,https://wiki.leagueoflegends.com/en-us/Universe%3AMedardan_Succession_War,wiki.leagueoflegends.com,WIKI_UNIVERSE,OFFICIAL_COMMUNITY_REFERENCE,MAIN_RUNETERRA,CURRENT_OR_REVIEW,DISCOVERED,2026-09-16,Event reference seed. Follow citations to primary Riot material.
src:wiki-event:era-hextech,event:era-hextech,EVENT,Era of Hextech,https://wiki.leagueoflegends.com/en-us/Universe%3AEra_of_Hextech,wiki.leagueoflegends.com,WIKI_UNIVERSE,OFFICIAL_COMMUNITY_REFERENCE,MAIN_RUNETERRA,CURRENT_OR_REVIEW,DISCOVERED,2026-09-16,Event reference seed. Follow citations to primary Riot material.
src:wiki-event:noxian-invasion-ionia,event:noxian-invasion-ionia,EVENT,Noxian Invasion of Ionia,https://wiki.leagueoflegends.com/en-us/Universe%3ANoxian_Invasion_of_Ionia,wiki.leagueoflegends.com,WIKI_UNIVERSE,OFFICIAL_COMMUNITY_REFERENCE,MAIN_RUNETERRA,CURRENT_OR_REVIEW,DISCOVERED,2026-09-16,Event reference seed. Follow citations to primary Riot material.
src:wiki-event:rebirth-sun-disc,event:rebirth-sun-disc,EVENT,Rebirth of the Sun Disc,https://wiki.leagueoflegends.com/en-us/Universe%3ARebirth_of_the_Sun_Disc,wiki.leagueoflegends.com,WIKI_UNIVERSE,OFFICIAL_COMMUNITY_REFERENCE,MAIN_RUNETERRA,CURRENT_OR_REVIEW,DISCOVERED,2026-09-16,Event reference seed. Follow citations to primary Riot material.
src:wiki-event:return-ruined-king,event:return-ruined-king,EVENT,Return of the Ruined King,https://wiki.leagueoflegends.com/en-us/Universe%3AReturn_of_the_Ruined_King,wiki.leagueoflegends.com,WIKI_UNIVERSE,OFFICIAL_COMMUNITY_REFERENCE,MAIN_RUNETERRA,CURRENT_OR_REVIEW,DISCOVERED,2026-09-16,Event reference seed. Follow citations to primary Riot material.
src:wiki-event:great-mage-rebellion,event:great-mage-rebellion,EVENT,Great Mage Rebellion,https://wiki.leagueoflegends.com/en-us/Universe%3AGreat_Mage_Rebellion,wiki.leagueoflegends.com,WIKI_UNIVERSE,OFFICIAL_COMMUNITY_REFERENCE,MAIN_RUNETERRA,CURRENT_OR_REVIEW,DISCOVERED,2026-09-16,Event reference seed. Follow citations to primary Riot material.
src:wiki-event:harrowing,event:harrowing,EVENT,The Harrowing,https://wiki.leagueoflegends.com/en-us/Universe%3AHarrowing,wiki.leagueoflegends.com,WIKI_UNIVERSE,OFFICIAL_COMMUNITY_REFERENCE,MAIN_RUNETERRA,CURRENT_OR_REVIEW,DISCOVERED,2026-09-16,Event reference seed. Follow citations to primary Riot material.
src:wiki-event:swain-coup,event:swain-coup,EVENT,Swain's Coup,https://wiki.leagueoflegends.com/en-us/Universe%3ASwain,wiki.leagueoflegends.com,WIKI_UNIVERSE,OFFICIAL_COMMUNITY_REFERENCE,MAIN_RUNETERRA,CURRENT_OR_REVIEW,DISCOVERED,2026-09-16,Event reference seed. Follow citations to primary Riot material.
src:wiki-event:yasuo-yone-duel,event:yasuo-yone-duel,EVENT,Yasuo and Yone's Duel,https://wiki.leagueoflegends.com/en-us/Universe%3AYasuo,wiki.leagueoflegends.com,WIKI_UNIVERSE,OFFICIAL_COMMUNITY_REFERENCE,MAIN_RUNETERRA,CURRENT_OR_REVIEW,DISCOVERED,2026-09-16,Event reference seed. Follow citations to primary Riot material.
src:wiki-event:kayle-morgana-conflict,event:kayle-morgana-conflict,EVENT,Kayle and Morgana Conflict,https://wiki.leagueoflegends.com/en-us/Universe%3AKayle,wiki.leagueoflegends.com,WIKI_UNIVERSE,OFFICIAL_COMMUNITY_REFERENCE,MAIN_RUNETERRA,CURRENT_OR_REVIEW,DISCOVERED,2026-09-16,Event reference seed. Follow citations to primary Riot material.
src:wiki-event:aatrox-atreus-duel,event:aatrox-atreus-duel,EVENT,Aatrox and Atreus,https://wiki.leagueoflegends.com/en-us/Universe%3APantheon,wiki.leagueoflegends.com,WIKI_UNIVERSE,OFFICIAL_COMMUNITY_REFERENCE,MAIN_RUNETERRA,CURRENT_OR_REVIEW,DISCOVERED,2026-09-16,Event reference seed. Follow citations to primary Riot material.
src:wiki-region:bandle-city,region:bandle-city,REGION,Bandle City,https://wiki.leagueoflegends.com/en-us/Universe%3ABandle_City,wiki.leagueoflegends.com,WIKI_UNIVERSE,OFFICIAL_COMMUNITY_REFERENCE,MAIN_RUNETERRA,CURRENT_OR_REVIEW,UNFETCHED,,Candidate official Wiki Universe source.
src:wiki-region:bilgewater,region:bilgewater,REGION,Bilgewater,https://wiki.leagueoflegends.com/en-us/Universe%3ABilgewater,wiki.leagueoflegends.com,WIKI_UNIVERSE,OFFICIAL_COMMUNITY_REFERENCE,MAIN_RUNETERRA,CURRENT_OR_REVIEW,UNFETCHED,,Candidate official Wiki Universe source.
src:wiki-region:demacia,region:demacia,REGION,Demacia,https://wiki.leagueoflegends.com/en-us/Universe%3ADemacia,wiki.leagueoflegends.com,WIKI_UNIVERSE,OFFICIAL_COMMUNITY_REFERENCE,MAIN_RUNETERRA,CURRENT_OR_REVIEW,UNFETCHED,,Candidate official Wiki Universe source.
src:wiki-region:freljord,region:freljord,REGION,Freljord,https://wiki.leagueoflegends.com/en-us/Universe%3AFreljord,wiki.leagueoflegends.com,WIKI_UNIVERSE,OFFICIAL_COMMUNITY_REFERENCE,MAIN_RUNETERRA,CURRENT_OR_REVIEW,UNFETCHED,,Candidate official Wiki Universe source.
src:wiki-region:ionia,region:ionia,REGION,Ionia,https://wiki.leagueoflegends.com/en-us/Universe%3AIonia,wiki.leagueoflegends.com,WIKI_UNIVERSE,OFFICIAL_COMMUNITY_REFERENCE,MAIN_RUNETERRA,CURRENT_OR_REVIEW,UNFETCHED,,Candidate official Wiki Universe source.
src:wiki-region:ixtal,region:ixtal,REGION,Ixtal,https://wiki.leagueoflegends.com/en-us/Universe%3AIxtal,wiki.leagueoflegends.com,WIKI_UNIVERSE,OFFICIAL_COMMUNITY_REFERENCE,MAIN_RUNETERRA,CURRENT_OR_REVIEW,UNFETCHED,,Candidate official Wiki Universe source.
src:wiki-region:noxus,region:noxus,REGION,Noxus,https://wiki.leagueoflegends.com/en-us/Universe%3ANoxus,wiki.leagueoflegends.com,WIKI_UNIVERSE,OFFICIAL_COMMUNITY_REFERENCE,MAIN_RUNETERRA,CURRENT_OR_REVIEW,UNFETCHED,,Candidate official Wiki Universe source.
src:wiki-region:piltover,region:piltover,REGION,Piltover,https://wiki.leagueoflegends.com/en-us/Universe%3APiltover,wiki.leagueoflegends.com,WIKI_UNIVERSE,OFFICIAL_COMMUNITY_REFERENCE,MAIN_RUNETERRA,CURRENT_OR_REVIEW,UNFETCHED,,Candidate official Wiki Universe source.
src:wiki-region:shadow-isles,region:shadow-isles,REGION,Shadow Isles,https://wiki.leagueoflegends.com/en-us/Universe%3AShadow_Isles,wiki.leagueoflegends.com,WIKI_UNIVERSE,OFFICIAL_COMMUNITY_REFERENCE,MAIN_RUNETERRA,CURRENT_OR_REVIEW,UNFETCHED,,Candidate official Wiki Universe source.
src:wiki-region:shurima,region:shurima,REGION,Shurima,https://wiki.leagueoflegends.com/en-us/Universe%3AShurima,wiki.leagueoflegends.com,WIKI_UNIVERSE,OFFICIAL_COMMUNITY_REFERENCE,MAIN_RUNETERRA,CURRENT_OR_REVIEW,UNFETCHED,,Candidate official Wiki Universe source.
src:wiki-region:targon,region:targon,REGION,Targon,https://wiki.leagueoflegends.com/en-us/Universe%3ATargon,wiki.leagueoflegends.com,WIKI_UNIVERSE,OFFICIAL_COMMUNITY_REFERENCE,MAIN_RUNETERRA,CURRENT_OR_REVIEW,UNFETCHED,,Candidate official Wiki Universe source.
src:wiki-region:void,region:void,REGION,The Void,https://wiki.leagueoflegends.com/en-us/Universe%3AThe_Void,wiki.leagueoflegends.com,WIKI_UNIVERSE,OFFICIAL_COMMUNITY_REFERENCE,MAIN_RUNETERRA,CURRENT_OR_REVIEW,UNFETCHED,,Candidate official Wiki Universe source.
src:wiki-region:zaun,region:zaun,REGION,Zaun,https://wiki.leagueoflegends.com/en-us/Universe%3AZaun,wiki.leagueoflegends.com,WIKI_UNIVERSE,OFFICIAL_COMMUNITY_REFERENCE,MAIN_RUNETERRA,CURRENT_OR_REVIEW,UNFETCHED,,Candidate official Wiki Universe source.
src:wiki-region:camavor,region:camavor,REGION,Camavor,https://wiki.leagueoflegends.com/en-us/Universe%3ACamavor,wiki.leagueoflegends.com,WIKI_UNIVERSE,OFFICIAL_COMMUNITY_REFERENCE,MAIN_RUNETERRA,CURRENT_OR_REVIEW,UNFETCHED,,Candidate official Wiki Universe source.
src:wiki-region:icathia,region:icathia,REGION,Icathia,https://wiki.leagueoflegends.com/en-us/Universe%3AIcathia,wiki.leagueoflegends.com,WIKI_UNIVERSE,OFFICIAL_COMMUNITY_REFERENCE,MAIN_RUNETERRA,CURRENT_OR_REVIEW,UNFETCHED,,Candidate official Wiki Universe source.
src:wiki-region:kathkan,region:kathkan,REGION,Kathkan,https://wiki.leagueoflegends.com/en-us/Universe%3AKathkan,wiki.leagueoflegends.com,WIKI_UNIVERSE,OFFICIAL_COMMUNITY_REFERENCE,MAIN_RUNETERRA,CURRENT_OR_REVIEW,UNFETCHED,,Candidate official Wiki Universe source.
src:wiki-faction:ascended,faction:ascended,FACTION,Ascended,https://wiki.leagueoflegends.com/en-us/Universe%3AAscended,wiki.leagueoflegends.com,WIKI_UNIVERSE,OFFICIAL_COMMUNITY_REFERENCE,MAIN_RUNETERRA,CURRENT_OR_REVIEW,UNFETCHED,,Candidate official Wiki Universe source; resolve aliases/canonical page.
src:wiki-faction:darkin,faction:darkin,FACTION,Darkin,https://wiki.leagueoflegends.com/en-us/Universe%3ADarkin,wiki.leagueoflegends.com,WIKI_UNIVERSE,OFFICIAL_COMMUNITY_REFERENCE,MAIN_RUNETERRA,CURRENT_OR_REVIEW,UNFETCHED,,Candidate official Wiki Universe source; resolve aliases/canonical page.
src:wiki-faction:black-rose,faction:black-rose,FACTION,Black Rose,https://wiki.leagueoflegends.com/en-us/Universe%3ABlack_Rose,wiki.leagueoflegends.com,WIKI_UNIVERSE,OFFICIAL_COMMUNITY_REFERENCE,MAIN_RUNETERRA,CURRENT_OR_REVIEW,UNFETCHED,,Candidate official Wiki Universe source; resolve aliases/canonical page.
src:wiki-faction:kinkou,faction:kinkou,FACTION,Kinkou Order,https://wiki.leagueoflegends.com/en-us/Universe%3AKinkou_Order,wiki.leagueoflegends.com,WIKI_UNIVERSE,OFFICIAL_COMMUNITY_REFERENCE,MAIN_RUNETERRA,CURRENT_OR_REVIEW,UNFETCHED,,Candidate official Wiki Universe source; resolve aliases/canonical page.
src:wiki-faction:order-shadow,faction:order-shadow,FACTION,Order of Shadow,https://wiki.leagueoflegends.com/en-us/Universe%3AOrder_of_Shadow,wiki.leagueoflegends.com,WIKI_UNIVERSE,OFFICIAL_COMMUNITY_REFERENCE,MAIN_RUNETERRA,CURRENT_OR_REVIEW,UNFETCHED,,Candidate official Wiki Universe source; resolve aliases/canonical page.
src:wiki-faction:sentinels-light,faction:sentinels-light,FACTION,Sentinels of Light,https://wiki.leagueoflegends.com/en-us/Universe%3ASentinels_of_Light,wiki.leagueoflegends.com,WIKI_UNIVERSE,OFFICIAL_COMMUNITY_REFERENCE,MAIN_RUNETERRA,CURRENT_OR_REVIEW,UNFETCHED,,Candidate official Wiki Universe source; resolve aliases/canonical page.
src:wiki-faction:solari,faction:solari,FACTION,Solari,https://wiki.leagueoflegends.com/en-us/Universe%3ASolari,wiki.leagueoflegends.com,WIKI_UNIVERSE,OFFICIAL_COMMUNITY_REFERENCE,MAIN_RUNETERRA,CURRENT_OR_REVIEW,UNFETCHED,,Candidate official Wiki Universe source; resolve aliases/canonical page.
src:wiki-faction:lunari,faction:lunari,FACTION,Lunari,https://wiki.leagueoflegends.com/en-us/Universe%3ALunari,wiki.leagueoflegends.com,WIKI_UNIVERSE,OFFICIAL_COMMUNITY_REFERENCE,MAIN_RUNETERRA,CURRENT_OR_REVIEW,UNFETCHED,,Candidate official Wiki Universe source; resolve aliases/canonical page.
src:wiki-faction:frostguard,faction:frostguard,FACTION,Frostguard,https://wiki.leagueoflegends.com/en-us/Universe%3AFrostguard,wiki.leagueoflegends.com,WIKI_UNIVERSE,OFFICIAL_COMMUNITY_REFERENCE,MAIN_RUNETERRA,CURRENT_OR_REVIEW,UNFETCHED,,Candidate official Wiki Universe source; resolve aliases/canonical page.
src:wiki-faction:avarosan,faction:avarosan,FACTION,Avarosan,https://wiki.leagueoflegends.com/en-us/Universe%3AAvarosan,wiki.leagueoflegends.com,WIKI_UNIVERSE,OFFICIAL_COMMUNITY_REFERENCE,MAIN_RUNETERRA,CURRENT_OR_REVIEW,UNFETCHED,,Candidate official Wiki Universe source; resolve aliases/canonical page.
src:wiki-faction:winter-claw,faction:winter-claw,FACTION,Winter's Claw,https://wiki.leagueoflegends.com/en-us/Universe%3AWinter's_Claw,wiki.leagueoflegends.com,WIKI_UNIVERSE,OFFICIAL_COMMUNITY_REFERENCE,MAIN_RUNETERRA,CURRENT_OR_REVIEW,UNFETCHED,,Candidate official Wiki Universe source; resolve aliases/canonical page.
src:wiki-faction:noxus,faction:noxus,FACTION,Noxian Empire,https://wiki.leagueoflegends.com/en-us/Universe%3ANoxian_Empire,wiki.leagueoflegends.com,WIKI_UNIVERSE,OFFICIAL_COMMUNITY_REFERENCE,MAIN_RUNETERRA,CURRENT_OR_REVIEW,UNFETCHED,,Candidate official Wiki Universe source; resolve aliases/canonical page.
src:wiki-faction:trifarix,faction:trifarix,FACTION,Trifarix,https://wiki.leagueoflegends.com/en-us/Universe%3ATrifarix,wiki.leagueoflegends.com,WIKI_UNIVERSE,OFFICIAL_COMMUNITY_REFERENCE,MAIN_RUNETERRA,CURRENT_OR_REVIEW,UNFETCHED,,Candidate official Wiki Universe source; resolve aliases/canonical page.
src:wiki-faction:demacia,faction:demacia,FACTION,Demacian State,https://wiki.leagueoflegends.com/en-us/Universe%3ADemacian_State,wiki.leagueoflegends.com,WIKI_UNIVERSE,OFFICIAL_COMMUNITY_REFERENCE,MAIN_RUNETERRA,CURRENT_OR_REVIEW,UNFETCHED,,Candidate official Wiki Universe source; resolve aliases/canonical page.
src:wiki-faction:mageseekers,faction:mageseekers,FACTION,Mageseekers,https://wiki.leagueoflegends.com/en-us/Universe%3AMageseekers,wiki.leagueoflegends.com,WIKI_UNIVERSE,OFFICIAL_COMMUNITY_REFERENCE,MAIN_RUNETERRA,CURRENT_OR_REVIEW,UNFETCHED,,Candidate official Wiki Universe source; resolve aliases/canonical page.
src:wiki-faction:wardens,faction:wardens,FACTION,Piltover Wardens,https://wiki.leagueoflegends.com/en-us/Universe%3APiltover_Wardens,wiki.leagueoflegends.com,WIKI_UNIVERSE,OFFICIAL_COMMUNITY_REFERENCE,MAIN_RUNETERRA,CURRENT_OR_REVIEW,UNFETCHED,,Candidate official Wiki Universe source; resolve aliases/canonical page.
src:wiki-faction:chem-barons,faction:chem-barons,FACTION,Chem-Barons,https://wiki.leagueoflegends.com/en-us/Universe%3AChem-Barons,wiki.leagueoflegends.com,WIKI_UNIVERSE,OFFICIAL_COMMUNITY_REFERENCE,MAIN_RUNETERRA,CURRENT_OR_REVIEW,UNFETCHED,,Candidate official Wiki Universe source; resolve aliases/canonical page.
src:wiki-faction:glasc,faction:glasc,FACTION,Glasc Industries,https://wiki.leagueoflegends.com/en-us/Universe%3AGlasc_Industries,wiki.leagueoflegends.com,WIKI_UNIVERSE,OFFICIAL_COMMUNITY_REFERENCE,MAIN_RUNETERRA,CURRENT_OR_REVIEW,UNFETCHED,,Candidate official Wiki Universe source; resolve aliases/canonical page.
src:wiki-faction:buhru,faction:buhru,FACTION,Buhru,https://wiki.leagueoflegends.com/en-us/Universe%3ABuhru,wiki.leagueoflegends.com,WIKI_UNIVERSE,OFFICIAL_COMMUNITY_REFERENCE,MAIN_RUNETERRA,CURRENT_OR_REVIEW,UNFETCHED,,Candidate official Wiki Universe source; resolve aliases/canonical page.
src:wiki-faction:mistborn,faction:mistborn,FACTION,Black Mist / Shadow Isles,https://wiki.leagueoflegends.com/en-us/Universe%3ABlack_Mist_%2F_Shadow_Isles,wiki.leagueoflegends.com,WIKI_UNIVERSE,OFFICIAL_COMMUNITY_REFERENCE,MAIN_RUNETERRA,CURRENT_OR_REVIEW,UNFETCHED,,Candidate official Wiki Universe source; resolve aliases/canonical page.
src:wiki-faction:medarda,faction:medarda,FACTION,House Medarda,https://wiki.leagueoflegends.com/en-us/Universe%3AHouse_Medarda,wiki.leagueoflegends.com,WIKI_UNIVERSE,OFFICIAL_COMMUNITY_REFERENCE,MAIN_RUNETERRA,CURRENT_OR_REVIEW,UNFETCHED,,Candidate official Wiki Universe source; resolve aliases/canonical page.
src:wiki-faction:du-couteau,faction:du-couteau,FACTION,Du Couteau Family,https://wiki.leagueoflegends.com/en-us/Universe%3ADu_Couteau_Family,wiki.leagueoflegends.com,WIKI_UNIVERSE,OFFICIAL_COMMUNITY_REFERENCE,MAIN_RUNETERRA,CURRENT_OR_REVIEW,UNFETCHED,,Candidate official Wiki Universe source; resolve aliases/canonical page.
src:wiki-faction:crownguard,faction:crownguard,FACTION,House Crownguard,https://wiki.leagueoflegends.com/en-us/Universe%3AHouse_Crownguard,wiki.leagueoflegends.com,WIKI_UNIVERSE,OFFICIAL_COMMUNITY_REFERENCE,MAIN_RUNETERRA,CURRENT_OR_REVIEW,UNFETCHED,,Candidate official Wiki Universe source; resolve aliases/canonical page.
src:wiki-faction:ferros,faction:ferros,FACTION,Clan Ferros,https://wiki.leagueoflegends.com/en-us/Universe%3AClan_Ferros,wiki.leagueoflegends.com,WIKI_UNIVERSE,OFFICIAL_COMMUNITY_REFERENCE,MAIN_RUNETERRA,CURRENT_OR_REVIEW,UNFETCHED,,Candidate official Wiki Universe source; resolve aliases/canonical page.
src:wiki-artifact:sun-disc,artifact:sun-disc,ARTIFACT,Sun Disc,https://wiki.leagueoflegends.com/en-us/Universe%3ASun_Disc,wiki.leagueoflegends.com,WIKI_UNIVERSE,OFFICIAL_COMMUNITY_REFERENCE,MAIN_RUNETERRA,CURRENT_OR_REVIEW,UNFETCHED,,Candidate official Wiki Universe source.
src:wiki-artifact:world-runes,artifact:world-runes,ARTIFACT,World Runes,https://wiki.leagueoflegends.com/en-us/Universe%3AWorld_Runes,wiki.leagueoflegends.com,WIKI_UNIVERSE,OFFICIAL_COMMUNITY_REFERENCE,MAIN_RUNETERRA,CURRENT_OR_REVIEW,UNFETCHED,,Candidate official Wiki Universe source.
src:wiki-artifact:aion-erna,artifact:aion-erna,ARTIFACT,Aion Er'na,https://wiki.leagueoflegends.com/en-us/Universe%3AAion_Er'na,wiki.leagueoflegends.com,WIKI_UNIVERSE,OFFICIAL_COMMUNITY_REFERENCE,MAIN_RUNETERRA,CURRENT_OR_REVIEW,UNFETCHED,,Candidate official Wiki Universe source.
src:wiki-artifact:darkin-blade-aatrox,artifact:darkin-blade-aatrox,ARTIFACT,Aatrox's Blade,https://wiki.leagueoflegends.com/en-us/Universe%3AAatrox's_Blade,wiki.leagueoflegends.com,WIKI_UNIVERSE,OFFICIAL_COMMUNITY_REFERENCE,MAIN_RUNETERRA,CURRENT_OR_REVIEW,UNFETCHED,,Candidate official Wiki Universe source.
src:wiki-artifact:rhaast-scythe,artifact:rhaast-scythe,ARTIFACT,Rhaast,https://wiki.leagueoflegends.com/en-us/Universe%3ARhaast,wiki.leagueoflegends.com,WIKI_UNIVERSE,OFFICIAL_COMMUNITY_REFERENCE,MAIN_RUNETERRA,CURRENT_OR_REVIEW,UNFETCHED,,Candidate official Wiki Universe source.
src:wiki-artifact:varus-bow,artifact:varus-bow,ARTIFACT,Varus's Bow,https://wiki.leagueoflegends.com/en-us/Universe%3AVarus's_Bow,wiki.leagueoflegends.com,WIKI_UNIVERSE,OFFICIAL_COMMUNITY_REFERENCE,MAIN_RUNETERRA,CURRENT_OR_REVIEW,UNFETCHED,,Candidate official Wiki Universe source.
src:wiki-artifact:petricite,artifact:petricite,ARTIFACT,Petricite,https://wiki.leagueoflegends.com/en-us/Universe%3APetricite,wiki.leagueoflegends.com,WIKI_UNIVERSE,OFFICIAL_COMMUNITY_REFERENCE,MAIN_RUNETERRA,CURRENT_OR_REVIEW,UNFETCHED,,Candidate official Wiki Universe source.
src:wiki-artifact:hexcore,artifact:hexcore,ARTIFACT,Hexcore,https://wiki.leagueoflegends.com/en-us/Universe%3AHexcore,wiki.leagueoflegends.com,WIKI_UNIVERSE,OFFICIAL_COMMUNITY_REFERENCE,MAIN_RUNETERRA,CURRENT_OR_REVIEW,UNFETCHED,,Candidate official Wiki Universe source.
src:wiki-artifact:lantern-thresh,artifact:lantern-thresh,ARTIFACT,Thresh's Lantern,https://wiki.leagueoflegends.com/en-us/Universe%3AThresh's_Lantern,wiki.leagueoflegends.com,WIKI_UNIVERSE,OFFICIAL_COMMUNITY_REFERENCE,MAIN_RUNETERRA,CURRENT_OR_REVIEW,UNFETCHED,,Candidate official Wiki Universe source.
src:wiki-artifact:blade-ruined-king,artifact:blade-ruined-king,ARTIFACT,Blade of the Ruined King,https://wiki.leagueoflegends.com/en-us/Universe%3ABlade_of_the_Ruined_King,wiki.leagueoflegends.com,WIKI_UNIVERSE,OFFICIAL_COMMUNITY_REFERENCE,MAIN_RUNETERRA,CURRENT_OR_REVIEW,UNFETCHED,,Candidate official Wiki Universe source.
src:wiki-runeterra-prime,,GLOBAL,Runeterra Prime,https://wiki.leagueoflegends.com/en-us/Universe%3ARuneterra_Prime,wiki.leagueoflegends.com,WIKI_UNIVERSE,OFFICIAL_COMMUNITY_REFERENCE,MULTI,REFERENCE,DISCOVERED,2026-09-16,Global discovery/index source for recursive ingestion.
src:wiki-recent-history,,GLOBAL,Recent History,https://wiki.leagueoflegends.com/en-us/Universe%3ARecent_History,wiki.leagueoflegends.com,WIKI_UNIVERSE,OFFICIAL_COMMUNITY_REFERENCE,MULTI,REFERENCE,DISCOVERED,2026-09-16,Global discovery/index source for recursive ingestion.
src:wiki-tales-runeterra,,GLOBAL,Tales of Runeterra,https://wiki.leagueoflegends.com/en-us/Universe%3ATales_of_Runeterra,wiki.leagueoflegends.com,WIKI_UNIVERSE,OFFICIAL_COMMUNITY_REFERENCE,MULTI,REFERENCE,DISCOVERED,2026-09-16,Global discovery/index source for recursive ingestion.
src:riot-lore-index,,GLOBAL,Riot Lore Index,https://www.leagueoflegends.com/en-us/news/lore/,www.leagueoflegends.com,RIOT_LORE_INDEX,PRIMARY_OFFICIAL,MULTI,REFERENCE,DISCOVERED,2026-09-16,Global discovery/index source for recursive ingestion.
src:riot-champion-index,,GLOBAL,Riot Champion Index,https://www.leagueoflegends.com/en-us/champions/,www.leagueoflegends.com,RIOT_CHAMPION_INDEX,PRIMARY_OFFICIAL,MULTI,REFERENCE,DISCOVERED,2026-09-16,Global discovery/index source for recursive ingestion.
src:riot-developer-ddragon,,GLOBAL,Riot Developer Data Dragon,https://developer.riotgames.com/docs/lol,developer.riotgames.com,DEVELOPER_DOCS,PRIMARY_OFFICIAL,MULTI,REFERENCE,DISCOVERED,2026-09-16,Global discovery/index source for recursive ingestion.
src:riot-media-index,,GLOBAL,Riot Media Index,https://www.leagueoflegends.com/en-us/news/media/,www.leagueoflegends.com,RIOT_MEDIA_INDEX,PRIMARY_OFFICIAL,MULTI,REFERENCE,DISCOVERED,2026-09-16,Global discovery/index source for recursive ingestion.
